ID_CURSO,TEMA_CLASSROOM,TITULO_MATERIAL,DESCRIPCION_MATERIAL,URL_GITHUB
,01. [TXT] Prompts de Comunicación y Texto,[Sesión 01] TXT - 001 La IA como Consejera de Compras del Hogar (PDF),Disponible en Sesión 01. Paso 1: Prompts de Comunicación y Texto (El poder de la palabra en la IA). Acceso directo al recurso interactivo.,https://javiercursocorreo-gif.github.io/Curso-IA/CLASES/EXPORTACION_FICHAS_CLASSROOM_PDF/100.%20%5BSESSIONS%5D%20TERNAS_LISTAS_PARA_CLASSROOM/01_Sesion/1.%20TXT-001_La%20IA%20como%20Consejera%20de%20Compras%20del%20Hogar.pdf
,01. [TXT] Prompts de Comunicación y Texto,[Sesión 02] TXT - 002 La misma escena descrita en tres tonos o versiones (PDF),Disponible en Sesión 02. Paso 1: Prompts de Comunicación y Texto (El poder de la palabra en la IA). Acceso directo al recurso interactivo.,https://javiercursocorreo-gif.github.io/Curso-IA/CLASES/EXPORTACION_FICHAS_CLASSROOM_PDF/100.%20%5BSESSIONS%5D%20TERNAS_LISTAS_PARA_CLASSROOM/02_Sesion/1.%20TXT-002_La%20misma%20escena%20descrita%20en%20tres%20tonos%20o%20versiones.pdf
,01. [TXT] Prompts de Comunicación y Texto,[Sesión 03] TXT - 003 Pregúntale a la IA lo que siempre quisiste saber (Curiosidad sin (PDF),Disponible en Sesión 03. Paso 1: Prompts de Comunicación y Texto (El poder de la palabra en la IA). Acceso directo al recurso interactivo.,https://javiercursocorreo-gif.github.io/Curso-IA/CLASES/EXPORTACION_FICHAS_CLASSROOM_PDF/100.%20%5BSESSIONS%5D%20TERNAS_LISTAS_PARA_CLASSROOM/03_Sesion/1.%20TXT-003_Preg%C3%BAntale%20a%20la%20IA%20lo%20que%20siempre%20quisiste%20saber%20%28Curiosidad%20sin%20.pdf
,01. [TXT] Prompts de Comunicación y Texto,[Sesión 04] TXT - 004 Una postal o mensaje emotivo para un nieto o familiar (PDF),Disponible en Sesión 04. Paso 1: Prompts de Comunicación y Texto (El poder de la palabra en la IA). Acceso directo al recurso interactivo.,https://javiercursocorreo-gif.github.io/Curso-IA/CLASES/EXPORTACION_FICHAS_CLASSROOM_PDF/100.%20%5BSESSIONS%5D%20TERNAS_LISTAS_PARA_CLASSROOM/04_Sesion/1.%20TXT-004_Una%20postal%20o%20mensaje%20emotivo%20para%20un%20nieto%20o%20familiar.pdf
,01. [TXT] Prompts de Comunicación y Texto,[Sesión 05] TXT - 005 Asistente Mecánico Visual Testigos Luminosos del Coche (PDF),Disponible en Sesión 05. Paso 1: Prompts de Comunicación y Texto (El poder de la palabra en la IA). Acceso directo al recurso interactivo.,https://javiercursocorreo-gif.github.io/Curso-IA/CLASES/EXPORTACION_FICHAS_CLASSROOM_PDF/100.%20%5BSESSIONS%5D%20TERNAS_LISTAS_PARA_CLASSROOM/05_Sesion/1.%20TXT-005_Asistente%20Mec%C3%A1nico%20Visual_%20Testigos%20Luminosos%20del%20Coche.pdf
,01. [TXT] Prompts de Comunicación y Texto,[Sesión 06] TXT - 006 Carta formal de reclamación a una compañía o servicio (PDF),Disponible en Sesión 06. Paso 1: Prompts de Comunicación y Texto (El poder de la palabra en la IA). Acceso directo al recurso interactivo.,https://javiercursocorreo-gif.github.io/Curso-IA/CLASES/EXPORTACION_FICHAS_CLASSROOM_PDF/100.%20%5BSESSIONS%5D%20TERNAS_LISTAS_PARA_CLASSROOM/06_Sesion/1.%20TXT-006_Carta%20formal%20de%20reclamaci%C3%B3n%20a%20una%20compa%C3%B1%C3%ADa%20o%20servicio.pdf
,01. [TXT] Prompts de Comunicación y Texto,[Sesión 07] TXT - 007 Explícamelo como si tuviera 10 años (Nivelación de complejidad) (PDF),Disponible en Sesión 07. Paso 1: Prompts de Comunicación y Texto (El poder de la palabra en la IA). Acceso directo al recurso interactivo.,https://javiercursocorreo-gif.github.io/Curso-IA/CLASES/EXPORTACION_FICHAS_CLASSROOM_PDF/100.%20%5BSESSIONS%5D%20TERNAS_LISTAS_PARA_CLASSROOM/07_Sesion/1.%20TXT-007_Expl%C3%ADcamelo%20como%20si%20tuviera%2010%20a%C3%B1os%20%28Nivelaci%C3%B3n%20de%20complejidad%29.pdf
,01. [TXT] Prompts de Comunicación y Texto,[Sesión 08] TXT - 008 Planificador de Viajes y Rutas (Prompts Encadenados con @Google M (PDF),Disponible en Sesión 08. Paso 1: Prompts de Comunicación y Texto (El poder de la palabra en la IA). Acceso directo al recurso interactivo.,https://javiercursocorreo-gif.github.io/Curso-IA/CLASES/EXPORTACION_FICHAS_CLASSROOM_PDF/100.%20%5BSESSIONS%5D%20TERNAS_LISTAS_PARA_CLASSROOM/08_Sesion/1.%20TXT-008_Planificador%20de%20Viajes%20y%20Rutas%20%28Prompts%20Encadenados%20con%20%40Google%20M.pdf
,01. [TXT] Prompts de Comunicación y Texto,[Sesión 09] TXT - 009 Pilla a la IA en un error o exageración (Pensamiento Crítico) (PDF),Disponible en Sesión 09. Paso 1: Prompts de Comunicación y Texto (El poder de la palabra en la IA). Acceso directo al recurso interactivo.,https://javiercursocorreo-gif.github.io/Curso-IA/CLASES/EXPORTACION_FICHAS_CLASSROOM_PDF/100.%20%5BSESSIONS%5D%20TERNAS_LISTAS_PARA_CLASSROOM/09_Sesion/1.%20TXT-009_Pilla%20a%20la%20IA%20en%20un%20error%20o%20exageraci%C3%B3n%20%28Pensamiento%20Cr%C3%ADtico%29.pdf
,01. [TXT] Prompts de Comunicación y Texto,[Sesión 10] TXT - 010 Debate Ético ¿De quién es la propiedad intelectual de una imagen (PDF),Disponible en Sesión 10. Paso 1: Prompts de Comunicación y Texto (El poder de la palabra en la IA). Acceso directo al recurso interactivo.,https://javiercursocorreo-gif.github.io/Curso-IA/CLASES/EXPORTACION_FICHAS_CLASSROOM_PDF/100.%20%5BSESSIONS%5D%20TERNAS_LISTAS_PARA_CLASSROOM/10_Sesion/1.%20TXT-010_Debate%20%C3%89tico_%20%C2%BFDe%20qui%C3%A9n%20es%20la%20propiedad%20intelectual%20de%20una%20imagen.pdf
,01. [TXT] Prompts de Comunicación y Texto,[Sesión 11] TXT - 011 El Traductor de Informes Médicos y Análisis de Sangre (PDF),Disponible en Sesión 11. Paso 1: Prompts de Comunicación y Texto (El poder de la palabra en la IA). Acceso directo al recurso interactivo.,https://javiercursocorreo-gif.github.io/Curso-IA/CLASES/EXPORTACION_FICHAS_CLASSROOM_PDF/100.%20%5BSESSIONS%5D%20TERNAS_LISTAS_PARA_CLASSROOM/11_Sesion/1.%20TXT-011_El%20Traductor%20de%20Informes%20M%C3%A9dicos%20y%20An%C3%A1lisis%20de%20Sangre.pdf
,01. [TXT] Prompts de Comunicación y Texto,[Sesión 12] TXT - 012 Guía Paso a Paso para Trámites en el Ayuntamiento o Centro de Sal (PDF),Disponible en Sesión 12. Paso 1: Prompts de Comunicación y Texto (El poder de la palabra en la IA). Acceso directo al recurso interactivo.,https://javiercursocorreo-gif.github.io/Curso-IA/CLASES/EXPORTACION_FICHAS_CLASSROOM_PDF/100.%20%5BSESSIONS%5D%20TERNAS_LISTAS_PARA_CLASSROOM/12_Sesion/1.%20TXT-012_Gu%C3%ADa%20Paso%20a%20Paso%20para%20Tr%C3%A1mites%20en%20el%20Ayuntamiento%20o%20Centro%20de%20Sal.pdf
,01. [TXT] Prompts de Comunicación y Texto,[Sesión 13] TXT - 013 Redacción de Mensajes de WhatsApp y Correos para la Comunidad de (PDF),Disponible en Sesión 13. Paso 1: Prompts de Comunicación y Texto (El poder de la palabra en la IA). Acceso directo al recurso interactivo.,https://javiercursocorreo-gif.github.io/Curso-IA/CLASES/EXPORTACION_FICHAS_CLASSROOM_PDF/100.%20%5BSESSIONS%5D%20TERNAS_LISTAS_PARA_CLASSROOM/13_Sesion/1.%20TXT-013_Redacci%C3%B3n%20de%20Mensajes%20de%20WhatsApp%20y%20Correos%20para%20la%20Comunidad%20de%20.pdf
,01. [TXT] Prompts de Comunicación y Texto,[Sesión 14] TXT - 014 Menú Semanal Saludable y Lista de la Compra para Hipertensión Col (PDF),Disponible en Sesión 14. Paso 1: Prompts de Comunicación y Texto (El poder de la palabra en la IA). Acceso directo al recurso interactivo.,https://javiercursocorreo-gif.github.io/Curso-IA/CLASES/EXPORTACION_FICHAS_CLASSROOM_PDF/100.%20%5BSESSIONS%5D%20TERNAS_LISTAS_PARA_CLASSROOM/14_Sesion/1.%20TXT-014_Men%C3%BA%20Semanal%20Saludable%20y%20Lista%20de%20la%20Compra%20para%20Hipertensi%C3%B3n_Col.pdf
,01. [TXT] Prompts de Comunicación y Texto,[Sesión 15] TXT - 015 Memorias Vivas Biografía Familiar y Relatos de Infancia para Nie (PDF),Disponible en Sesión 15. Paso 1: Prompts de Comunicación y Texto (El poder de la palabra en la IA). Acceso directo al recurso interactivo.,https://javiercursocorreo-gif.github.io/Curso-IA/CLASES/EXPORTACION_FICHAS_CLASSROOM_PDF/100.%20%5BSESSIONS%5D%20TERNAS_LISTAS_PARA_CLASSROOM/15_Sesion/1.%20TXT-015_Memorias%20Vivas_%20Biograf%C3%ADa%20Familiar%20y%20Relatos%20de%20Infancia%20para%20Nie.pdf
,01. [TXT] Prompts de Comunicación y Texto,"[Sesión 16] TXT - 016 Entrenador del Cerebro Acertijos, Lógica y Trivia Matinal (PDF)",Disponible en Sesión 16. Paso 1: Prompts de Comunicación y Texto (El poder de la palabra en la IA). Acceso directo al recurso interactivo.,https://javiercursocorreo-gif.github.io/Curso-IA/CLASES/EXPORTACION_FICHAS_CLASSROOM_PDF/100.%20%5BSESSIONS%5D%20TERNAS_LISTAS_PARA_CLASSROOM/16_Sesion/1.%20TXT-016_Entrenador%20del%20Cerebro_%20Acertijos%2C%20L%C3%B3gica%20y%20Trivia%20Matinal.pdf
,01. [TXT] Prompts de Comunicación y Texto,[Sesión 17] TXT - 017 Traductor Visual de Etiquetas de Lavado de Ropa (PDF),Disponible en Sesión 17. Paso 1: Prompts de Comunicación y Texto (El poder de la palabra en la IA). Acceso directo al recurso interactivo.,https://javiercursocorreo-gif.github.io/Curso-IA/CLASES/EXPORTACION_FICHAS_CLASSROOM_PDF/100.%20%5BSESSIONS%5D%20TERNAS_LISTAS_PARA_CLASSROOM/17_Sesion/1.%20TXT-017_Traductor%20Visual%20de%20Etiquetas%20de%20Lavado%20de%20Ropa.pdf
,01. [TXT] Prompts de Comunicación y Texto,[Sesión 18] TXT - 018 Traductor de Palabras Modernas y Jerga de los Jóvenes (Nietos) (PDF),Disponible en Sesión 18. Paso 1: Prompts de Comunicación y Texto (El poder de la palabra en la IA). Acceso directo al recurso interactivo.,https://javiercursocorreo-gif.github.io/Curso-IA/CLASES/EXPORTACION_FICHAS_CLASSROOM_PDF/100.%20%5BSESSIONS%5D%20TERNAS_LISTAS_PARA_CLASSROOM/18_Sesion/1.%20TXT-018_Traductor%20de%20Palabras%20Modernas%20y%20Jerga%20de%20los%20J%C3%B3venes%20%28Nietos%29.pdf
,01. [TXT] Prompts de Comunicación y Texto,[Sesión 19] TXT - 019 El Cuidador de las Plantas de Terraza e Interior del Hogar (PDF),Disponible en Sesión 19. Paso 1: Prompts de Comunicación y Texto (El poder de la palabra en la IA). Acceso directo al recurso interactivo.,https://javiercursocorreo-gif.github.io/Curso-IA/CLASES/EXPORTACION_FICHAS_CLASSROOM_PDF/100.%20%5BSESSIONS%5D%20TERNAS_LISTAS_PARA_CLASSROOM/19_Sesion/1.%20TXT-019_El%20Cuidador%20de%20las%20Plantas%20de%20Terraza%20e%20Interior%20del%20Hogar.pdf
,01. [TXT] Prompts de Comunicación y Texto,[Sesión 20] TXT - 020 Guía de Ciberseguridad Antiestafas para el Teléfono Móvil (Phishi (PDF),Disponible en Sesión 20. Paso 1: Prompts de Comunicación y Texto (El poder de la palabra en la IA). Acceso directo al recurso interactivo.,https://javiercursocorreo-gif.github.io/Curso-IA/CLASES/EXPORTACION_FICHAS_CLASSROOM_PDF/100.%20%5BSESSIONS%5D%20TERNAS_LISTAS_PARA_CLASSROOM/20_Sesion/1.%20TXT-020_Gu%C3%ADa%20de%20Ciberseguridad%20Antiestafas%20para%20el%20Tel%C3%A9fono%20M%C3%B3vil%20%28Phishi.pdf
,01. [TXT] Prompts de Comunicación y Texto,[Sesión 21] TXT - 021 Asistente Poético Crear un Soneto o Poema Dedicado a mi Ciudad (PDF),Disponible en Sesión 21. Paso 1: Prompts de Comunicación y Texto (El poder de la palabra en la IA). Acceso directo al recurso interactivo.,https://javiercursocorreo-gif.github.io/Curso-IA/CLASES/EXPORTACION_FICHAS_CLASSROOM_PDF/100.%20%5BSESSIONS%5D%20TERNAS_LISTAS_PARA_CLASSROOM/21_Sesion/1.%20TXT-021_Asistente%20Po%C3%A9tico_%20Crear%20un%20Soneto%20o%20Poema%20Dedicado%20a%20mi%20Ciudad.pdf
,01. [TXT] Prompts de Comunicación y Texto,[Sesión 22] TXT - 022 Organizador de Celebraciones y Meriendas con Amigos Jubilados (PDF),Disponible en Sesión 22. Paso 1: Prompts de Comunicación y Texto (El poder de la palabra en la IA). Acceso directo al recurso interactivo.,https://javiercursocorreo-gif.github.io/Curso-IA/CLASES/EXPORTACION_FICHAS_CLASSROOM_PDF/100.%20%5BSESSIONS%5D%20TERNAS_LISTAS_PARA_CLASSROOM/22_Sesion/1.%20TXT-022_Organizador%20de%20Celebraciones%20y%20Meriendas%20con%20Amigos%20Jubilados.pdf
,01. [TXT] Prompts de Comunicación y Texto,[Sesión 23] TXT - 023 El Crítico de Cine y Recomendador de Series de Suspense Clásico (PDF),Disponible en Sesión 23. Paso 1: Prompts de Comunicación y Texto (El poder de la palabra en la IA). Acceso directo al recurso interactivo.,https://javiercursocorreo-gif.github.io/Curso-IA/CLASES/EXPORTACION_FICHAS_CLASSROOM_PDF/100.%20%5BSESSIONS%5D%20TERNAS_LISTAS_PARA_CLASSROOM/23_Sesion/1.%20TXT-023_El%20Cr%C3%ADtico%20de%20Cine%20y%20Recomendador%20de%20Series%20de%20Suspense%20Cl%C3%A1sico.pdf
,01. [TXT] Prompts de Comunicación y Texto,[Sesión 24] TXT - 024 Tabla de Gimnasia Suave y Estiramientos Matinales en Silla (PDF),Disponible en Sesión 24. Paso 1: Prompts de Comunicación y Texto (El poder de la palabra en la IA). Acceso directo al recurso interactivo.,https://javiercursocorreo-gif.github.io/Curso-IA/CLASES/EXPORTACION_FICHAS_CLASSROOM_PDF/100.%20%5BSESSIONS%5D%20TERNAS_LISTAS_PARA_CLASSROOM/24_Sesion/1.%20TXT-024_Tabla%20de%20Gimnasia%20Suave%20y%20Estiramientos%20Matinales%20en%20Silla.pdf
,01. [TXT] Prompts de Comunicación y Texto,[Sesión 25] TXT - 025 Asesor de Rutas en Tren y Turismo Cultural Sin Prisas (PDF),Disponible en Sesión 25. Paso 1: Prompts de Comunicación y Texto (El poder de la palabra en la IA). Acceso directo al recurso interactivo.,https://javiercursocorreo-gif.github.io/Curso-IA/CLASES/EXPORTACION_FICHAS_CLASSROOM_PDF/100.%20%5BSESSIONS%5D%20TERNAS_LISTAS_PARA_CLASSROOM/25_Sesion/1.%20TXT-025_Asesor%20de%20Rutas%20en%20Tren%20y%20Turismo%20Cultural%20Sin%20Prisas.pdf
,01. [TXT] Prompts de Comunicación y Texto,[Sesión 26] TXT - 026 Asesor para Organizar y Digitalizar Álbumes de Fotos Físicas (PDF),Disponible en Sesión 26. Paso 1: Prompts de Comunicación y Texto (El poder de la palabra en la IA). Acceso directo al recurso interactivo.,https://javiercursocorreo-gif.github.io/Curso-IA/CLASES/EXPORTACION_FICHAS_CLASSROOM_PDF/100.%20%5BSESSIONS%5D%20TERNAS_LISTAS_PARA_CLASSROOM/26_Sesion/1.%20TXT-026_Asesor%20para%20Organizar%20y%20Digitalizar%20%C3%81lbumes%20de%20Fotos%20F%C3%ADsicas.pdf
,01. [TXT] Prompts de Comunicación y Texto,[Sesión 27] TXT - 027 Redactor de Cuentos Personalizados para Dormir a los Nietos (PDF),Disponible en Sesión 27. Paso 1: Prompts de Comunicación y Texto (El poder de la palabra en la IA). Acceso directo al recurso interactivo.,https://javiercursocorreo-gif.github.io/Curso-IA/CLASES/EXPORTACION_FICHAS_CLASSROOM_PDF/100.%20%5BSESSIONS%5D%20TERNAS_LISTAS_PARA_CLASSROOM/27_Sesion/1.%20TXT-027_Redactor%20de%20Cuentos%20Personalizados%20para%20Dormir%20a%20los%20Nietos.pdf
,01. [TXT] Prompts de Comunicación y Texto,[Sesión 28] TXT - 028 Traductor de Términos Bancarios y Cajeros Automáticos en Lenguaje (PDF),Disponible en Sesión 28. Paso 1: Prompts de Comunicación y Texto (El poder de la palabra en la IA). Acceso directo al recurso interactivo.,https://javiercursocorreo-gif.github.io/Curso-IA/CLASES/EXPORTACION_FICHAS_CLASSROOM_PDF/100.%20%5BSESSIONS%5D%20TERNAS_LISTAS_PARA_CLASSROOM/28_Sesion/1.%20TXT-028_Traductor%20de%20T%C3%A9rminos%20Bancarios%20y%20Cajeros%20Autom%C3%A1ticos%20en%20Lenguaje.pdf
,01. [TXT] Prompts de Comunicación y Texto,[Sesión 29] TXT - 029 Planificador de Huerto Urbano en Macetas para la Balconera (PDF),Disponible en Sesión 29. Paso 1: Prompts de Comunicación y Texto (El poder de la palabra en la IA). Acceso directo al recurso interactivo.,https://javiercursocorreo-gif.github.io/Curso-IA/CLASES/EXPORTACION_FICHAS_CLASSROOM_PDF/100.%20%5BSESSIONS%5D%20TERNAS_LISTAS_PARA_CLASSROOM/29_Sesion/1.%20TXT-029_Planificador%20de%20Huerto%20Urbano%20en%20Macetas%20para%20la%20Balconera.pdf
,01. [TXT] Prompts de Comunicación y Texto,[Sesión 30] TXT - 030 Asistente para Elegir Libro o Novela Histórica según tus Gustos (PDF),Disponible en Sesión 30. Paso 1: Prompts de Comunicación y Texto (El poder de la palabra en la IA). Acceso directo al recurso interactivo.,https://javiercursocorreo-gif.github.io/Curso-IA/CLASES/EXPORTACION_FICHAS_CLASSROOM_PDF/100.%20%5BSESSIONS%5D%20TERNAS_LISTAS_PARA_CLASSROOM/30_Sesion/1.%20TXT-030_Asistente%20para%20Elegir%20Libro%20o%20Novela%20Hist%C3%B3rica%20seg%C3%BAn%20tus%20Gustos.pdf
,01. [TXT] Prompts de Comunicación y Texto,[Sesión 31] TXT - 031 Guía Práctica para Aprender a Usar Podómetros y Relojes de Salud (PDF),Disponible en Sesión 31. Paso 1: Prompts de Comunicación y Texto (El poder de la palabra en la IA). Acceso directo al recurso interactivo.,https://javiercursocorreo-gif.github.io/Curso-IA/CLASES/EXPORTACION_FICHAS_CLASSROOM_PDF/100.%20%5BSESSIONS%5D%20TERNAS_LISTAS_PARA_CLASSROOM/31_Sesion/1.%20TXT-031_Gu%C3%ADa%20Pr%C3%A1ctica%20para%20Aprender%20a%20Usar%20Pod%C3%B3metros%20y%20Relojes%20de%20Salud.pdf
,01. [TXT] Prompts de Comunicación y Texto,[Sesión 32] TXT - 032 Asesor de Ejercicios de Memoria y Sudokus para Agilidad Mental (PDF),Disponible en Sesión 32. Paso 1: Prompts de Comunicación y Texto (El poder de la palabra en la IA). Acceso directo al recurso interactivo.,https://javiercursocorreo-gif.github.io/Curso-IA/CLASES/EXPORTACION_FICHAS_CLASSROOM_PDF/100.%20%5BSESSIONS%5D%20TERNAS_LISTAS_PARA_CLASSROOM/32_Sesion/1.%20TXT-032_Asesor%20de%20Ejercicios%20de%20Memoria%20y%20Sudokus%20para%20Agilidad%20Mental.pdf
,01. [TXT] Prompts de Comunicación y Texto,[Sesión 33] TXT - 033 Redactor de Dedicatorias y Brindis Emotivos para Bodas de Oro y P (PDF),Disponible en Sesión 33. Paso 1: Prompts de Comunicación y Texto (El poder de la palabra en la IA). Acceso directo al recurso interactivo.,https://javiercursocorreo-gif.github.io/Curso-IA/CLASES/EXPORTACION_FICHAS_CLASSROOM_PDF/100.%20%5BSESSIONS%5D%20TERNAS_LISTAS_PARA_CLASSROOM/33_Sesion/1.%20TXT-033_Redactor%20de%20Dedicatorias%20y%20Brindis%20Emotivos%20para%20Bodas%20de%20Oro%20y%20P.pdf
,01. [TXT] Prompts de Comunicación y Texto,[Sesión 34] TXT - 034 Traductor de Recetas Internacionales con Ingredientes Españoles (PDF),Disponible en Sesión 34. Paso 1: Prompts de Comunicación y Texto (El poder de la palabra en la IA). Acceso directo al recurso interactivo.,https://javiercursocorreo-gif.github.io/Curso-IA/CLASES/EXPORTACION_FICHAS_CLASSROOM_PDF/100.%20%5BSESSIONS%5D%20TERNAS_LISTAS_PARA_CLASSROOM/34_Sesion/1.%20TXT-034_Traductor%20de%20Recetas%20Internacionales%20con%20Ingredientes%20Espa%C3%B1oles.pdf
,01. [TXT] Prompts de Comunicación y Texto,[Sesión 35] TXT - 035 Guía Paso a Paso para Hacer Compras Seguras por Internet (PDF),Disponible en Sesión 35. Paso 1: Prompts de Comunicación y Texto (El poder de la palabra en la IA). Acceso directo al recurso interactivo.,https://javiercursocorreo-gif.github.io/Curso-IA/CLASES/EXPORTACION_FICHAS_CLASSROOM_PDF/100.%20%5BSESSIONS%5D%20TERNAS_LISTAS_PARA_CLASSROOM/35_Sesion/1.%20TXT-035_Gu%C3%ADa%20Paso%20a%20Paso%20para%20Hacer%20Compras%20Seguras%20por%20Internet.pdf
,01. [TXT] Prompts de Comunicación y Texto,[Sesión 36] TXT - 036 Asistente de Consulta y Trámites para Viajes del IMSERSO (PDF),Disponible en Sesión 36. Paso 1: Prompts de Comunicación y Texto (El poder de la palabra en la IA). Acceso directo al recurso interactivo.,https://javiercursocorreo-gif.github.io/Curso-IA/CLASES/EXPORTACION_FICHAS_CLASSROOM_PDF/100.%20%5BSESSIONS%5D%20TERNAS_LISTAS_PARA_CLASSROOM/36_Sesion/1.%20TXT-036_Asistente%20de%20Consulta%20y%20Tr%C3%A1mites%20para%20Viajes%20del%20IMSERSO.pdf
,01. [TXT] Prompts de Comunicación y Texto,[Sesión 37] TXT - 037 Redactor de Cartas al Director para el Periódico Local (PDF),Disponible en Sesión 37. Paso 1: Prompts de Comunicación y Texto (El poder de la palabra en la IA). Acceso directo al recurso interactivo.,https://javiercursocorreo-gif.github.io/Curso-IA/CLASES/EXPORTACION_FICHAS_CLASSROOM_PDF/100.%20%5BSESSIONS%5D%20TERNAS_LISTAS_PARA_CLASSROOM/37_Sesion/1.%20TXT-037_Redactor%20de%20Cartas%20al%20Director%20para%20el%20Peri%C3%B3dico%20Local.pdf
,01. [TXT] Prompts de Comunicación y Texto,[Sesión 38] TXT - 038 Guía Práctica para Conservar Alimentos y Evitar Desperdicios (PDF),Disponible en Sesión 38. Paso 1: Prompts de Comunicación y Texto (El poder de la palabra en la IA). Acceso directo al recurso interactivo.,https://javiercursocorreo-gif.github.io/Curso-IA/CLASES/EXPORTACION_FICHAS_CLASSROOM_PDF/100.%20%5BSESSIONS%5D%20TERNAS_LISTAS_PARA_CLASSROOM/38_Sesion/1.%20TXT-038_Gu%C3%ADa%20Pr%C3%A1ctica%20para%20Conservar%20Alimentos%20y%20Evitar%20Desperdicios.pdf
,01. [TXT] Prompts de Comunicación y Texto,[Sesión 39] TXT - 039 Asesor sobre Cuidado y Compañía de Mascotas en la Edad de Oro (PDF),Disponible en Sesión 39. Paso 1: Prompts de Comunicación y Texto (El poder de la palabra en la IA). Acceso directo al recurso interactivo.,https://javiercursocorreo-gif.github.io/Curso-IA/CLASES/EXPORTACION_FICHAS_CLASSROOM_PDF/100.%20%5BSESSIONS%5D%20TERNAS_LISTAS_PARA_CLASSROOM/39_Sesion/1.%20TXT-039_Asesor%20sobre%20Cuidado%20y%20Compa%C3%B1%C3%ADa%20de%20Mascotas%20en%20la%20Edad%20de%20Oro.pdf
,01. [TXT] Prompts de Comunicación y Texto,[Sesión 40] TXT - 040 Traductor de Manuales de Instrucciones de Electrodomésticos (PDF),Disponible en Sesión 40. Paso 1: Prompts de Comunicación y Texto (El poder de la palabra en la IA). Acceso directo al recurso interactivo.,https://javiercursocorreo-gif.github.io/Curso-IA/CLASES/EXPORTACION_FICHAS_CLASSROOM_PDF/100.%20%5BSESSIONS%5D%20TERNAS_LISTAS_PARA_CLASSROOM/40_Sesion/1.%20TXT-040_Traductor%20de%20Manuales%20de%20Instrucciones%20de%20Electrodom%C3%A9sticos.pdf
,01. [TXT] Prompts de Comunicación y Texto,[Sesión 41] TXT - 041 Asistente para Aprender Frases Útiles en Inglés para Viajar (PDF),Disponible en Sesión 41. Paso 1: Prompts de Comunicación y Texto (El poder de la palabra en la IA). Acceso directo al recurso interactivo.,https://javiercursocorreo-gif.github.io/Curso-IA/CLASES/EXPORTACION_FICHAS_CLASSROOM_PDF/100.%20%5BSESSIONS%5D%20TERNAS_LISTAS_PARA_CLASSROOM/41_Sesion/1.%20TXT-041_Asistente%20para%20Aprender%20Frases%20%C3%9Atiles%20en%20Ingl%C3%A9s%20para%20Viajar.pdf
,01. [TXT] Prompts de Comunicación y Texto,[Sesión 42] TXT - 042 Guía Práctica de Ahorro y Eficiencia Energética en el Hogar (PDF),Disponible en Sesión 42. Paso 1: Prompts de Comunicación y Texto (El poder de la palabra en la IA). Acceso directo al recurso interactivo.,https://javiercursocorreo-gif.github.io/Curso-IA/CLASES/EXPORTACION_FICHAS_CLASSROOM_PDF/100.%20%5BSESSIONS%5D%20TERNAS_LISTAS_PARA_CLASSROOM/42_Sesion/1.%20TXT-042_Gu%C3%ADa%20Pr%C3%A1ctica%20de%20Ahorro%20y%20Eficiencia%20Energ%C3%A9tica%20en%20el%20Hogar.pdf
,01. [TXT] Prompts de Comunicación y Texto,[Sesión 43] TXT - 043 Redactor de Biografías y Recuerdos para Antiguos Alumnos (PDF),Disponible en Sesión 43. Paso 1: Prompts de Comunicación y Texto (El poder de la palabra en la IA). Acceso directo al recurso interactivo.,https://javiercursocorreo-gif.github.io/Curso-IA/CLASES/EXPORTACION_FICHAS_CLASSROOM_PDF/100.%20%5BSESSIONS%5D%20TERNAS_LISTAS_PARA_CLASSROOM/43_Sesion/1.%20TXT-043_Redactor%20de%20Biograf%C3%ADas%20y%20Recuerdos%20para%20Antiguos%20Alumnos.pdf
,01. [TXT] Prompts de Comunicación y Texto,[Sesión 44] TXT - 044 Asistente para Preparar Excursiones Culturales de un Día en Grupo (PDF),Disponible en Sesión 44. Paso 1: Prompts de Comunicación y Texto (El poder de la palabra en la IA). Acceso directo al recurso interactivo.,https://javiercursocorreo-gif.github.io/Curso-IA/CLASES/EXPORTACION_FICHAS_CLASSROOM_PDF/100.%20%5BSESSIONS%5D%20TERNAS_LISTAS_PARA_CLASSROOM/44_Sesion/1.%20TXT-044_Asistente%20para%20Preparar%20Excursiones%20Culturales%20de%20un%20D%C3%ADa%20en%20Grupo.pdf
,01. [TXT] Prompts de Comunicación y Texto,[Sesión 45] TXT - 045 Guía Paso a Paso para Configurar Letra Grande y Audio en el Móvil (PDF),Disponible en Sesión 45. Paso 1: Prompts de Comunicación y Texto (El poder de la palabra en la IA). Acceso directo al recurso interactivo.,https://javiercursocorreo-gif.github.io/Curso-IA/CLASES/EXPORTACION_FICHAS_CLASSROOM_PDF/100.%20%5BSESSIONS%5D%20TERNAS_LISTAS_PARA_CLASSROOM/45_Sesion/1.%20TXT-045_Gu%C3%ADa%20Paso%20a%20Paso%20para%20Configurar%20Letra%20Grande%20y%20Audio%20en%20el%20M%C3%B3vil.pdf
,01. [TXT] Prompts de Comunicación y Texto,"[Sesión 46] TXT - 046 Asesor Práctico de Infusiones, Té y Remedios Tradicionales Suaves (PDF)",Disponible en Sesión 46. Paso 1: Prompts de Comunicación y Texto (El poder de la palabra en la IA). Acceso directo al recurso interactivo.,https://javiercursocorreo-gif.github.io/Curso-IA/CLASES/EXPORTACION_FICHAS_CLASSROOM_PDF/100.%20%5BSESSIONS%5D%20TERNAS_LISTAS_PARA_CLASSROOM/46_Sesion/1.%20TXT-046_Asesor%20Pr%C3%A1ctico%20de%20Infusiones%2C%20T%C3%A9%20y%20Remedios%20Tradicionales%20Suaves.pdf
,01. [TXT] Prompts de Comunicación y Texto,[Sesión 47] TXT - 047 Redactor de Invitaciones Elegantes para Celebraciones en Casa (PDF),Disponible en Sesión 47. Paso 1: Prompts de Comunicación y Texto (El poder de la palabra en la IA). Acceso directo al recurso interactivo.,https://javiercursocorreo-gif.github.io/Curso-IA/CLASES/EXPORTACION_FICHAS_CLASSROOM_PDF/100.%20%5BSESSIONS%5D%20TERNAS_LISTAS_PARA_CLASSROOM/47_Sesion/1.%20TXT-047_Redactor%20de%20Invitaciones%20Elegantes%20para%20Celebraciones%20en%20Casa.pdf
,01. [TXT] Prompts de Comunicación y Texto,"[Sesión 48] TXT - 048 Traductor de Prospectos de Vitaminas, Minerales y Suplementos (PDF)",Disponible en Sesión 48. Paso 1: Prompts de Comunicación y Texto (El poder de la palabra en la IA). Acceso directo al recurso interactivo.,https://javiercursocorreo-gif.github.io/Curso-IA/CLASES/EXPORTACION_FICHAS_CLASSROOM_PDF/100.%20%5BSESSIONS%5D%20TERNAS_LISTAS_PARA_CLASSROOM/48_Sesion/1.%20TXT-048_Traductor%20de%20Prospectos%20de%20Vitaminas%2C%20Minerales%20y%20Suplementos.pdf
,01. [TXT] Prompts de Comunicación y Texto,[Sesión 49] TXT - 049 Guía de Ciberseguridad para Redes Sociales (Facebook y WhatsApp) (PDF),Disponible en Sesión 49. Paso 1: Prompts de Comunicación y Texto (El poder de la palabra en la IA). Acceso directo al recurso interactivo.,https://javiercursocorreo-gif.github.io/Curso-IA/CLASES/EXPORTACION_FICHAS_CLASSROOM_PDF/100.%20%5BSESSIONS%5D%20TERNAS_LISTAS_PARA_CLASSROOM/49_Sesion/1.%20TXT-049_Gu%C3%ADa%20de%20Ciberseguridad%20para%20Redes%20Sociales%20%28Facebook%20y%20WhatsApp%29.pdf
,01. [TXT] Prompts de Comunicación y Texto,[Sesión 50] TXT - 050 Asistente para Encontrar Clubes de Lectura y Actividades Cultural (PDF),Disponible en Sesión 50. Paso 1: Prompts de Comunicación y Texto (El poder de la palabra en la IA). Acceso directo al recurso interactivo.,https://javiercursocorreo-gif.github.io/Curso-IA/CLASES/EXPORTACION_FICHAS_CLASSROOM_PDF/100.%20%5BSESSIONS%5D%20TERNAS_LISTAS_PARA_CLASSROOM/50_Sesion/1.%20TXT-050_Asistente%20para%20Encontrar%20Clubes%20de%20Lectura%20y%20Actividades%20Cultural.pdf
,01. [TXT] Prompts de Comunicación y Texto,"[Sesión 51] TXT - 051 Redactor de Poemas Populares, Coplas y Seguidillas Costumbristas (PDF)",Disponible en Sesión 51. Paso 1: Prompts de Comunicación y Texto (El poder de la palabra en la IA). Acceso directo al recurso interactivo.,https://javiercursocorreo-gif.github.io/Curso-IA/CLASES/EXPORTACION_FICHAS_CLASSROOM_PDF/100.%20%5BSESSIONS%5D%20TERNAS_LISTAS_PARA_CLASSROOM/51_Sesion/1.%20TXT-051_Redactor%20de%20Poemas%20Populares%2C%20Coplas%20y%20Seguidillas%20Costumbristas.pdf
,01. [TXT] Prompts de Comunicación y Texto,[Sesión 52] TXT - 052 Guía Práctica para Enviar Ficheros y Fotos Grandes por Correo (PDF),Disponible en Sesión 52. Paso 1: Prompts de Comunicación y Texto (El poder de la palabra en la IA). Acceso directo al recurso interactivo.,https://javiercursocorreo-gif.github.io/Curso-IA/CLASES/EXPORTACION_FICHAS_CLASSROOM_PDF/100.%20%5BSESSIONS%5D%20TERNAS_LISTAS_PARA_CLASSROOM/52_Sesion/1.%20TXT-052_Gu%C3%ADa%20Pr%C3%A1ctica%20para%20Enviar%20Ficheros%20y%20Fotos%20Grandes%20por%20Correo.pdf
,01. [TXT] Prompts de Comunicación y Texto,[Sesión 53] TXT - 053 Asesor Práctico de Cuidado de Ropa y Limpieza de Manchas Difícile (PDF),Disponible en Sesión 53. Paso 1: Prompts de Comunicación y Texto (El poder de la palabra en la IA). Acceso directo al recurso interactivo.,https://javiercursocorreo-gif.github.io/Curso-IA/CLASES/EXPORTACION_FICHAS_CLASSROOM_PDF/100.%20%5BSESSIONS%5D%20TERNAS_LISTAS_PARA_CLASSROOM/53_Sesion/1.%20TXT-053_Asesor%20Pr%C3%A1ctico%20de%20Cuidado%20de%20Ropa%20y%20Limpieza%20de%20Manchas%20Dif%C3%ADcile.pdf
,01. [TXT] Prompts de Comunicación y Texto,[Sesión 54] TXT - 054 Traductor de Novedades Tecnológicas del Telediario en Claro (PDF),Disponible en Sesión 54. Paso 1: Prompts de Comunicación y Texto (El poder de la palabra en la IA). Acceso directo al recurso interactivo.,https://javiercursocorreo-gif.github.io/Curso-IA/CLASES/EXPORTACION_FICHAS_CLASSROOM_PDF/100.%20%5BSESSIONS%5D%20TERNAS_LISTAS_PARA_CLASSROOM/54_Sesion/1.%20TXT-054_Traductor%20de%20Novedades%20Tecnol%C3%B3gicas%20del%20Telediario%20en%20Claro.pdf
,01. [TXT] Prompts de Comunicación y Texto,[Sesión 55] TXT - 055 Asistente para Redactar un Testamento Vital o Voluntades en Claro (PDF),Disponible en Sesión 55. Paso 1: Prompts de Comunicación y Texto (El poder de la palabra en la IA). Acceso directo al recurso interactivo.,https://javiercursocorreo-gif.github.io/Curso-IA/CLASES/EXPORTACION_FICHAS_CLASSROOM_PDF/100.%20%5BSESSIONS%5D%20TERNAS_LISTAS_PARA_CLASSROOM/55_Sesion/1.%20TXT-055_Asistente%20para%20Redactar%20un%20Testamento%20Vital%20o%20Voluntades%20en%20Claro.pdf
,01. [TXT] Prompts de Comunicación y Texto,[Sesión 56] TXT - 056 Guía Paso a Paso para Hacer Videollamadas con Nietos en el Extran (PDF),Disponible en Sesión 56. Paso 1: Prompts de Comunicación y Texto (El poder de la palabra en la IA). Acceso directo al recurso interactivo.,https://javiercursocorreo-gif.github.io/Curso-IA/CLASES/EXPORTACION_FICHAS_CLASSROOM_PDF/100.%20%5BSESSIONS%5D%20TERNAS_LISTAS_PARA_CLASSROOM/56_Sesion/1.%20TXT-056_Gu%C3%ADa%20Paso%20a%20Paso%20para%20Hacer%20Videollamadas%20con%20Nietos%20en%20el%20Extran.pdf
,01. [TXT] Prompts de Comunicación y Texto,[Sesión 57] TXT - 057 Asesor Práctico de Paseos y Senderismo Urbano Cardiosaludable (PDF),Disponible en Sesión 57. Paso 1: Prompts de Comunicación y Texto (El poder de la palabra en la IA). Acceso directo al recurso interactivo.,https://javiercursocorreo-gif.github.io/Curso-IA/CLASES/EXPORTACION_FICHAS_CLASSROOM_PDF/100.%20%5BSESSIONS%5D%20TERNAS_LISTAS_PARA_CLASSROOM/57_Sesion/1.%20TXT-057_Asesor%20Pr%C3%A1ctico%20de%20Paseos%20y%20Senderismo%20Urbano%20Cardiosaludable.pdf
,01. [TXT] Prompts de Comunicación y Texto,[Sesión 58] TXT - 058 Redactor de Crónicas de Viajes para Compartir con Amigos (PDF),Disponible en Sesión 58. Paso 1: Prompts de Comunicación y Texto (El poder de la palabra en la IA). Acceso directo al recurso interactivo.,https://javiercursocorreo-gif.github.io/Curso-IA/CLASES/EXPORTACION_FICHAS_CLASSROOM_PDF/100.%20%5BSESSIONS%5D%20TERNAS_LISTAS_PARA_CLASSROOM/58_Sesion/1.%20TXT-058_Redactor%20de%20Cr%C3%B3nicas%20de%20Viajes%20para%20Compartir%20con%20Amigos.pdf
,01. [TXT] Prompts de Comunicación y Texto,[Sesión 59] TXT - 059 Guía Práctica para Detectar y Bloquear Llamadas de Spam Comercial (PDF),Disponible en Sesión 59. Paso 1: Prompts de Comunicación y Texto (El poder de la palabra en la IA). Acceso directo al recurso interactivo.,https://javiercursocorreo-gif.github.io/Curso-IA/CLASES/EXPORTACION_FICHAS_CLASSROOM_PDF/100.%20%5BSESSIONS%5D%20TERNAS_LISTAS_PARA_CLASSROOM/59_Sesion/1.%20TXT-059_Gu%C3%ADa%20Pr%C3%A1ctica%20para%20Detectar%20y%20Bloquear%20Llamadas%20de%20Spam%20Comercial.pdf
,01. [TXT] Prompts de Comunicación y Texto,[Sesión 60] TXT - 060 Reflexión de Cierre ⭐ El Legado de la Sabiduría y la Juventud Ac (PDF),Disponible en Sesión 60. Paso 1: Prompts de Comunicación y Texto (El poder de la palabra en la IA). Acceso directo al recurso interactivo.,https://javiercursocorreo-gif.github.io/Curso-IA/CLASES/EXPORTACION_FICHAS_CLASSROOM_PDF/100.%20%5BSESSIONS%5D%20TERNAS_LISTAS_PARA_CLASSROOM/60_Sesion_Cierre/1.%20TXT-060_Reflexi%C3%B3n%20de%20Cierre%20%E2%AD%90_%20El%20Legado%20de%20la%20Sabidur%C3%ADa%20y%20la%20Juventud%20Ac.pdf
,02. [EST] Estilos Visuales de Imagen,[Sesión 01] EST - 001 REALISTA (FOTORREALISMO) - Faro al Amanecer (PDF),Disponible en Sesión 01. Paso 2: Estilos Visuales de Imagen (Aprender a pedir estilos artísticos y fotográficos). Acceso directo al recurso interactivo.,https://javiercursocorreo-gif.github.io/Curso-IA/CLASES/EXPORTACION_FICHAS_CLASSROOM_PDF/100.%20%5BSESSIONS%5D%20TERNAS_LISTAS_PARA_CLASSROOM/01_Sesion/2.%20EST-001_REALISTA%20%28FOTORREALISMO%29%20-%20Faro%20al%20Amanecer.pdf
,02. [EST] Estilos Visuales de Imagen,[Sesión 02] EST - 002 REALISTA (FOTORREALISMO) - Bodegón de Frutas (PDF),Disponible en Sesión 02. Paso 2: Estilos Visuales de Imagen (Aprender a pedir estilos artísticos y fotográficos). Acceso directo al recurso interactivo.,https://javiercursocorreo-gif.github.io/Curso-IA/CLASES/EXPORTACION_FICHAS_CLASSROOM_PDF/100.%20%5BSESSIONS%5D%20TERNAS_LISTAS_PARA_CLASSROOM/02_Sesion/2.%20EST-002_REALISTA%20%28FOTORREALISMO%29%20-%20Bodeg%C3%B3n%20de%20Frutas.pdf
,02. [EST] Estilos Visuales de Imagen,[Sesión 03] EST - 003 REALISTA (FOTORREALISMO) - Cervantes y Shakespeare en el Siglo de (PDF),Disponible en Sesión 03. Paso 2: Estilos Visuales de Imagen (Aprender a pedir estilos artísticos y fotográficos). Acceso directo al recurso interactivo.,https://javiercursocorreo-gif.github.io/Curso-IA/CLASES/EXPORTACION_FICHAS_CLASSROOM_PDF/100.%20%5BSESSIONS%5D%20TERNAS_LISTAS_PARA_CLASSROOM/03_Sesion/2.%20EST-003_REALISTA%20%28FOTORREALISMO%29%20-%20Cervantes%20y%20Shakespeare%20en%20el%20Siglo%20de.pdf
,02. [EST] Estilos Visuales de Imagen,[Sesión 04] EST - 004 IMPRESIONISTA Y POST - IMPRESIONISTA - Campo de Amapolas (PDF),Disponible en Sesión 04. Paso 2: Estilos Visuales de Imagen (Aprender a pedir estilos artísticos y fotográficos). Acceso directo al recurso interactivo.,https://javiercursocorreo-gif.github.io/Curso-IA/CLASES/EXPORTACION_FICHAS_CLASSROOM_PDF/100.%20%5BSESSIONS%5D%20TERNAS_LISTAS_PARA_CLASSROOM/04_Sesion/2.%20EST-004_IMPRESIONISTA%20Y%20POST-IMPRESIONISTA%20-%20Campo%20de%20Amapolas.pdf
,02. [EST] Estilos Visuales de Imagen,[Sesión 05] EST - 005 IMPRESIONISTA Y POST - IMPRESIONISTA - Serie Carrusel Monumentos d (PDF),Disponible en Sesión 05. Paso 2: Estilos Visuales de Imagen (Aprender a pedir estilos artísticos y fotográficos). Acceso directo al recurso interactivo.,https://javiercursocorreo-gif.github.io/Curso-IA/CLASES/EXPORTACION_FICHAS_CLASSROOM_PDF/100.%20%5BSESSIONS%5D%20TERNAS_LISTAS_PARA_CLASSROOM/05_Sesion/2.%20EST-005_IMPRESIONISTA%20Y%20POST-IMPRESIONISTA%20-%20Serie%20Carrusel_%20Monumentos%20d.pdf
,02. [EST] Estilos Visuales de Imagen,[Sesión 06] EST - 006 IMPRESIONISTA Y POST - IMPRESIONISTA - Serie Carrusel Magistral El (PDF),Disponible en Sesión 06. Paso 2: Estilos Visuales de Imagen (Aprender a pedir estilos artísticos y fotográficos). Acceso directo al recurso interactivo.,https://javiercursocorreo-gif.github.io/Curso-IA/CLASES/EXPORTACION_FICHAS_CLASSROOM_PDF/100.%20%5BSESSIONS%5D%20TERNAS_LISTAS_PARA_CLASSROOM/06_Sesion/2.%20EST-006_IMPRESIONISTA%20Y%20POST-IMPRESIONISTA%20-%20Serie%20Carrusel%20Magistral_%20El.pdf
,02. [EST] Estilos Visuales de Imagen,[Sesión 07] EST - 007 IMPRESIONISTA Y POST - IMPRESIONISTA - Klimt Dama en Pan de Oro (PDF),Disponible en Sesión 07. Paso 2: Estilos Visuales de Imagen (Aprender a pedir estilos artísticos y fotográficos). Acceso directo al recurso interactivo.,https://javiercursocorreo-gif.github.io/Curso-IA/CLASES/EXPORTACION_FICHAS_CLASSROOM_PDF/100.%20%5BSESSIONS%5D%20TERNAS_LISTAS_PARA_CLASSROOM/07_Sesion/2.%20EST-007_IMPRESIONISTA%20Y%20POST-IMPRESIONISTA%20-%20Klimt_%20Dama%20en%20Pan%20de%20Oro.pdf
,02. [EST] Estilos Visuales de Imagen,[Sesión 08] EST - 008 SURREALISTA - Relojes en Desierto (PDF),Disponible en Sesión 08. Paso 2: Estilos Visuales de Imagen (Aprender a pedir estilos artísticos y fotográficos). Acceso directo al recurso interactivo.,https://javiercursocorreo-gif.github.io/Curso-IA/CLASES/EXPORTACION_FICHAS_CLASSROOM_PDF/100.%20%5BSESSIONS%5D%20TERNAS_LISTAS_PARA_CLASSROOM/08_Sesion/2.%20EST-008_SURREALISTA%20-%20Relojes%20en%20Desierto.pdf
,02. [EST] Estilos Visuales de Imagen,[Sesión 09] EST - 009 SURREALISTA - Cuadros en Ruinas en Desierto (PDF),Disponible en Sesión 09. Paso 2: Estilos Visuales de Imagen (Aprender a pedir estilos artísticos y fotográficos). Acceso directo al recurso interactivo.,https://javiercursocorreo-gif.github.io/Curso-IA/CLASES/EXPORTACION_FICHAS_CLASSROOM_PDF/100.%20%5BSESSIONS%5D%20TERNAS_LISTAS_PARA_CLASSROOM/09_Sesion/2.%20EST-009_SURREALISTA%20-%20Cuadros%20en%20Ruinas%20en%20Desierto.pdf
,02. [EST] Estilos Visuales de Imagen,[Sesión 10] EST - 010 CÓMIC MANGA Y HALFTONE RETRO - Tren Nevado Manga (PDF),Disponible en Sesión 10. Paso 2: Estilos Visuales de Imagen (Aprender a pedir estilos artísticos y fotográficos). Acceso directo al recurso interactivo.,https://javiercursocorreo-gif.github.io/Curso-IA/CLASES/EXPORTACION_FICHAS_CLASSROOM_PDF/100.%20%5BSESSIONS%5D%20TERNAS_LISTAS_PARA_CLASSROOM/10_Sesion/2.%20EST-010_C%C3%93MIC%20_%20MANGA%20Y%20HALFTONE%20RETRO%20-%20Tren%20Nevado%20Manga.pdf
,02. [EST] Estilos Visuales de Imagen,[Sesión 11] EST - 011 CÓMIC MANGA Y HALFTONE RETRO - Serie Carrusel Retratos en Grab (PDF),Disponible en Sesión 11. Paso 2: Estilos Visuales de Imagen (Aprender a pedir estilos artísticos y fotográficos). Acceso directo al recurso interactivo.,https://javiercursocorreo-gif.github.io/Curso-IA/CLASES/EXPORTACION_FICHAS_CLASSROOM_PDF/100.%20%5BSESSIONS%5D%20TERNAS_LISTAS_PARA_CLASSROOM/11_Sesion/2.%20EST-011_C%C3%93MIC%20_%20MANGA%20Y%20HALFTONE%20RETRO%20-%20Serie%20Carrusel_%20Retratos%20en%20Grab.pdf
,02. [EST] Estilos Visuales de Imagen,[Sesión 12] EST - 012 PIXEL ART - Cafetería Retro 16 - bit (PDF),Disponible en Sesión 12. Paso 2: Estilos Visuales de Imagen (Aprender a pedir estilos artísticos y fotográficos). Acceso directo al recurso interactivo.,https://javiercursocorreo-gif.github.io/Curso-IA/CLASES/EXPORTACION_FICHAS_CLASSROOM_PDF/100.%20%5BSESSIONS%5D%20TERNAS_LISTAS_PARA_CLASSROOM/12_Sesion/2.%20EST-012_PIXEL%20ART%20-%20Cafeter%C3%ADa%20Retro%2016-bit.pdf
,02. [EST] Estilos Visuales de Imagen,[Sesión 13] EST - 013 HDR (HIGH DYNAMIC RANGE) - Calles de Toledo (PDF),Disponible en Sesión 13. Paso 2: Estilos Visuales de Imagen (Aprender a pedir estilos artísticos y fotográficos). Acceso directo al recurso interactivo.,https://javiercursocorreo-gif.github.io/Curso-IA/CLASES/EXPORTACION_FICHAS_CLASSROOM_PDF/100.%20%5BSESSIONS%5D%20TERNAS_LISTAS_PARA_CLASSROOM/13_Sesion/2.%20EST-013_HDR%20%28HIGH%20DYNAMIC%20RANGE%29%20-%20Calles%20de%20Toledo.pdf
,02. [EST] Estilos Visuales de Imagen,[Sesión 14] EST - 014 HDR (HIGH DYNAMIC RANGE) - Bodegón del Mar (PDF),Disponible en Sesión 14. Paso 2: Estilos Visuales de Imagen (Aprender a pedir estilos artísticos y fotográficos). Acceso directo al recurso interactivo.,https://javiercursocorreo-gif.github.io/Curso-IA/CLASES/EXPORTACION_FICHAS_CLASSROOM_PDF/100.%20%5BSESSIONS%5D%20TERNAS_LISTAS_PARA_CLASSROOM/14_Sesion/2.%20EST-014_HDR%20%28HIGH%20DYNAMIC%20RANGE%29%20-%20Bodeg%C3%B3n%20del%20Mar.pdf
,02. [EST] Estilos Visuales de Imagen,[Sesión 15] EST - 015 BLANCO Y NEGRO (MONOCROMÁTICO) - Anciano Violinista (PDF),Disponible en Sesión 15. Paso 2: Estilos Visuales de Imagen (Aprender a pedir estilos artísticos y fotográficos). Acceso directo al recurso interactivo.,https://javiercursocorreo-gif.github.io/Curso-IA/CLASES/EXPORTACION_FICHAS_CLASSROOM_PDF/100.%20%5BSESSIONS%5D%20TERNAS_LISTAS_PARA_CLASSROOM/15_Sesion/2.%20EST-015_BLANCO%20Y%20NEGRO%20%28MONOCROM%C3%81TICO%29%20-%20Anciano%20Violinista.pdf
,02. [EST] Estilos Visuales de Imagen,[Sesión 16] EST - 016 BLANCO Y NEGRO (MONOCROMÁTICO) - La Joven de la Perla y Monalisa (PDF),Disponible en Sesión 16. Paso 2: Estilos Visuales de Imagen (Aprender a pedir estilos artísticos y fotográficos). Acceso directo al recurso interactivo.,https://javiercursocorreo-gif.github.io/Curso-IA/CLASES/EXPORTACION_FICHAS_CLASSROOM_PDF/100.%20%5BSESSIONS%5D%20TERNAS_LISTAS_PARA_CLASSROOM/16_Sesion/2.%20EST-016_BLANCO%20Y%20NEGRO%20%28MONOCROM%C3%81TICO%29%20-%20La%20Joven%20de%20la%20Perla%20y%20Monalisa%20.pdf
,02. [EST] Estilos Visuales de Imagen,[Sesión 18] EST - 018 ANÁLOGO VINTAGE Y DOCUMENTAL HISTÓRICO - La Dama del Té (PDF),Disponible en Sesión 18. Paso 2: Estilos Visuales de Imagen (Aprender a pedir estilos artísticos y fotográficos). Acceso directo al recurso interactivo.,https://javiercursocorreo-gif.github.io/Curso-IA/CLASES/EXPORTACION_FICHAS_CLASSROOM_PDF/100.%20%5BSESSIONS%5D%20TERNAS_LISTAS_PARA_CLASSROOM/18_Sesion/2.%20EST-018_AN%C3%81LOGO%20_%20VINTAGE%20Y%20DOCUMENTAL%20HIST%C3%93RICO%20-%20La%20Dama%20del%20T%C3%A9.pdf
,02. [EST] Estilos Visuales de Imagen,[Sesión 19] EST - 019 ANÁLOGO VINTAGE Y DOCUMENTAL HISTÓRICO - Serie Carrusel El Des (PDF),Disponible en Sesión 19. Paso 2: Estilos Visuales de Imagen (Aprender a pedir estilos artísticos y fotográficos). Acceso directo al recurso interactivo.,https://javiercursocorreo-gif.github.io/Curso-IA/CLASES/EXPORTACION_FICHAS_CLASSROOM_PDF/100.%20%5BSESSIONS%5D%20TERNAS_LISTAS_PARA_CLASSROOM/19_Sesion/2.%20EST-019_AN%C3%81LOGO%20_%20VINTAGE%20Y%20DOCUMENTAL%20HIST%C3%93RICO%20-%20Serie%20Carrusel_%20El%20Des.pdf
,02. [EST] Estilos Visuales de Imagen,[Sesión 20] EST - 020 ANÁLOGO VINTAGE Y DOCUMENTAL HISTÓRICO - Serie Carrusel Un Día (PDF),Disponible en Sesión 20. Paso 2: Estilos Visuales de Imagen (Aprender a pedir estilos artísticos y fotográficos). Acceso directo al recurso interactivo.,https://javiercursocorreo-gif.github.io/Curso-IA/CLASES/EXPORTACION_FICHAS_CLASSROOM_PDF/100.%20%5BSESSIONS%5D%20TERNAS_LISTAS_PARA_CLASSROOM/20_Sesion/2.%20EST-020_AN%C3%81LOGO%20_%20VINTAGE%20Y%20DOCUMENTAL%20HIST%C3%93RICO%20-%20Serie%20Carrusel_%20Un%20D%C3%ADa.pdf
,02. [EST] Estilos Visuales de Imagen,"[Sesión 21] EST - 021 PRIMERÍSIMOS PLANOS, MACRO REAL Y ORFEBRERÍA HIPERREALISTA - Gota (PDF)",Disponible en Sesión 21. Paso 2: Estilos Visuales de Imagen (Aprender a pedir estilos artísticos y fotográficos). Acceso directo al recurso interactivo.,https://javiercursocorreo-gif.github.io/Curso-IA/CLASES/EXPORTACION_FICHAS_CLASSROOM_PDF/100.%20%5BSESSIONS%5D%20TERNAS_LISTAS_PARA_CLASSROOM/21_Sesion/2.%20EST-021_PRIMER%C3%8DSIMOS%20PLANOS%2C%20MACRO%20REAL%20Y%20ORFEBRER%C3%8DA%20HIPERREALISTA%20-%20Gota.pdf
,02. [EST] Estilos Visuales de Imagen,"[Sesión 22] EST - 022 PRIMERÍSIMOS PLANOS, MACRO REAL Y ORFEBRERÍA HIPERREALISTA - Joya (PDF)",Disponible en Sesión 22. Paso 2: Estilos Visuales de Imagen (Aprender a pedir estilos artísticos y fotográficos). Acceso directo al recurso interactivo.,https://javiercursocorreo-gif.github.io/Curso-IA/CLASES/EXPORTACION_FICHAS_CLASSROOM_PDF/100.%20%5BSESSIONS%5D%20TERNAS_LISTAS_PARA_CLASSROOM/22_Sesion/2.%20EST-022_PRIMER%C3%8DSIMOS%20PLANOS%2C%20MACRO%20REAL%20Y%20ORFEBRER%C3%8DA%20HIPERREALISTA%20-%20Joya.pdf
,02. [EST] Estilos Visuales de Imagen,"[Sesión 23] EST - 023 PRIMERÍSIMOS PLANOS, MACRO REAL Y ORFEBRERÍA HIPERREALISTA - Jueg (PDF)",Disponible en Sesión 23. Paso 2: Estilos Visuales de Imagen (Aprender a pedir estilos artísticos y fotográficos). Acceso directo al recurso interactivo.,https://javiercursocorreo-gif.github.io/Curso-IA/CLASES/EXPORTACION_FICHAS_CLASSROOM_PDF/100.%20%5BSESSIONS%5D%20TERNAS_LISTAS_PARA_CLASSROOM/23_Sesion/2.%20EST-023_PRIMER%C3%8DSIMOS%20PLANOS%2C%20MACRO%20REAL%20Y%20ORFEBRER%C3%8DA%20HIPERREALISTA%20-%20Jueg.pdf
,02. [EST] Estilos Visuales de Imagen,"[Sesión 24] EST - 024 PRIMERÍSIMOS PLANOS, MACRO REAL Y ORFEBRERÍA HIPERREALISTA - Cara (PDF)",Disponible en Sesión 24. Paso 2: Estilos Visuales de Imagen (Aprender a pedir estilos artísticos y fotográficos). Acceso directo al recurso interactivo.,https://javiercursocorreo-gif.github.io/Curso-IA/CLASES/EXPORTACION_FICHAS_CLASSROOM_PDF/100.%20%5BSESSIONS%5D%20TERNAS_LISTAS_PARA_CLASSROOM/24_Sesion/2.%20EST-024_PRIMER%C3%8DSIMOS%20PLANOS%2C%20MACRO%20REAL%20Y%20ORFEBRER%C3%8DA%20HIPERREALISTA%20-%20Cara.pdf
,02. [EST] Estilos Visuales de Imagen,"[Sesión 25] EST - 025 PRIMERÍSIMOS PLANOS, MACRO REAL Y ORFEBRERÍA HIPERREALISTA - Joya (PDF)",Disponible en Sesión 25. Paso 2: Estilos Visuales de Imagen (Aprender a pedir estilos artísticos y fotográficos). Acceso directo al recurso interactivo.,https://javiercursocorreo-gif.github.io/Curso-IA/CLASES/EXPORTACION_FICHAS_CLASSROOM_PDF/100.%20%5BSESSIONS%5D%20TERNAS_LISTAS_PARA_CLASSROOM/25_Sesion/2.%20EST-025_PRIMER%C3%8DSIMOS%20PLANOS%2C%20MACRO%20REAL%20Y%20ORFEBRER%C3%8DA%20HIPERREALISTA%20-%20Joya.pdf
,02. [EST] Estilos Visuales de Imagen,"[Sesión 26] EST - 026 PRIMERÍSIMOS PLANOS, MACRO REAL Y ORFEBRERÍA HIPERREALISTA - Seri (PDF)",Disponible en Sesión 26. Paso 2: Estilos Visuales de Imagen (Aprender a pedir estilos artísticos y fotográficos). Acceso directo al recurso interactivo.,https://javiercursocorreo-gif.github.io/Curso-IA/CLASES/EXPORTACION_FICHAS_CLASSROOM_PDF/100.%20%5BSESSIONS%5D%20TERNAS_LISTAS_PARA_CLASSROOM/26_Sesion/2.%20EST-026_PRIMER%C3%8DSIMOS%20PLANOS%2C%20MACRO%20REAL%20Y%20ORFEBRER%C3%8DA%20HIPERREALISTA%20-%20Seri.pdf
,02. [EST] Estilos Visuales de Imagen,[Sesión 27] EST - 027 RENDER 3D - Biblioteca Flotante Espacial (PDF),Disponible en Sesión 27. Paso 2: Estilos Visuales de Imagen (Aprender a pedir estilos artísticos y fotográficos). Acceso directo al recurso interactivo.,https://javiercursocorreo-gif.github.io/Curso-IA/CLASES/EXPORTACION_FICHAS_CLASSROOM_PDF/100.%20%5BSESSIONS%5D%20TERNAS_LISTAS_PARA_CLASSROOM/27_Sesion/2.%20EST-027_RENDER%203D%20-%20Biblioteca%20Flotante%20Espacial.pdf
,02. [EST] Estilos Visuales de Imagen,[Sesión 28] EST - 028 LOW - POLY - Zorro en Montaña (PDF),Disponible en Sesión 28. Paso 2: Estilos Visuales de Imagen (Aprender a pedir estilos artísticos y fotográficos). Acceso directo al recurso interactivo.,https://javiercursocorreo-gif.github.io/Curso-IA/CLASES/EXPORTACION_FICHAS_CLASSROOM_PDF/100.%20%5BSESSIONS%5D%20TERNAS_LISTAS_PARA_CLASSROOM/28_Sesion/2.%20EST-028_LOW-POLY%20-%20Zorro%20en%20Monta%C3%B1a.pdf
,02. [EST] Estilos Visuales de Imagen,[Sesión 29] EST - 029 CYBERPUNK - Callejón Lluvioso Tokio (PDF),Disponible en Sesión 29. Paso 2: Estilos Visuales de Imagen (Aprender a pedir estilos artísticos y fotográficos). Acceso directo al recurso interactivo.,https://javiercursocorreo-gif.github.io/Curso-IA/CLASES/EXPORTACION_FICHAS_CLASSROOM_PDF/100.%20%5BSESSIONS%5D%20TERNAS_LISTAS_PARA_CLASSROOM/29_Sesion/2.%20EST-029_CYBERPUNK%20-%20Callej%C3%B3n%20Lluvioso%20Tokio.pdf
,02. [EST] Estilos Visuales de Imagen,[Sesión 30] EST - 030 STEAMPUNK E INVENTOS DE ÉPOCA - Locomotora Voladora Londres (PDF),Disponible en Sesión 30. Paso 2: Estilos Visuales de Imagen (Aprender a pedir estilos artísticos y fotográficos). Acceso directo al recurso interactivo.,https://javiercursocorreo-gif.github.io/Curso-IA/CLASES/EXPORTACION_FICHAS_CLASSROOM_PDF/100.%20%5BSESSIONS%5D%20TERNAS_LISTAS_PARA_CLASSROOM/30_Sesion/2.%20EST-030_STEAMPUNK%20E%20INVENTOS%20DE%20%C3%89POCA%20-%20Locomotora%20Voladora%20Londres.pdf
,02. [EST] Estilos Visuales de Imagen,[Sesión 31] EST - 031 STEAMPUNK E INVENTOS DE ÉPOCA - Serie Carrusel El Laboratorio de (PDF),Disponible en Sesión 31. Paso 2: Estilos Visuales de Imagen (Aprender a pedir estilos artísticos y fotográficos). Acceso directo al recurso interactivo.,https://javiercursocorreo-gif.github.io/Curso-IA/CLASES/EXPORTACION_FICHAS_CLASSROOM_PDF/100.%20%5BSESSIONS%5D%20TERNAS_LISTAS_PARA_CLASSROOM/31_Sesion/2.%20EST-031_STEAMPUNK%20E%20INVENTOS%20DE%20%C3%89POCA%20-%20Serie%20Carrusel_%20El%20Laboratorio%20de.pdf
,02. [EST] Estilos Visuales de Imagen,[Sesión 32] EST - 032 MINIMALISTA - Árbol Solitario Rojo (PDF),Disponible en Sesión 32. Paso 2: Estilos Visuales de Imagen (Aprender a pedir estilos artísticos y fotográficos). Acceso directo al recurso interactivo.,https://javiercursocorreo-gif.github.io/Curso-IA/CLASES/EXPORTACION_FICHAS_CLASSROOM_PDF/100.%20%5BSESSIONS%5D%20TERNAS_LISTAS_PARA_CLASSROOM/32_Sesion/2.%20EST-032_MINIMALISTA%20-%20%C3%81rbol%20Solitario%20Rojo.pdf
,02. [EST] Estilos Visuales de Imagen,[Sesión 33] EST - 033 ABSTRACTO - Pinceladas Azules y Oro (PDF),Disponible en Sesión 33. Paso 2: Estilos Visuales de Imagen (Aprender a pedir estilos artísticos y fotográficos). Acceso directo al recurso interactivo.,https://javiercursocorreo-gif.github.io/Curso-IA/CLASES/EXPORTACION_FICHAS_CLASSROOM_PDF/100.%20%5BSESSIONS%5D%20TERNAS_LISTAS_PARA_CLASSROOM/33_Sesion/2.%20EST-033_ABSTRACTO%20-%20Pinceladas%20Azules%20y%20Oro.pdf
,02. [EST] Estilos Visuales de Imagen,[Sesión 34] EST - 034 GLITCH ART Y DISTORSIÓN DIGITAL - Escultura Mármol Glitch (PDF),Disponible en Sesión 34. Paso 2: Estilos Visuales de Imagen (Aprender a pedir estilos artísticos y fotográficos). Acceso directo al recurso interactivo.,https://javiercursocorreo-gif.github.io/Curso-IA/CLASES/EXPORTACION_FICHAS_CLASSROOM_PDF/100.%20%5BSESSIONS%5D%20TERNAS_LISTAS_PARA_CLASSROOM/34_Sesion/2.%20EST-034_GLITCH%20ART%20Y%20DISTORSI%C3%93N%20DIGITAL%20-%20Escultura%20M%C3%A1rmol%20Glitch.pdf
,02. [EST] Estilos Visuales de Imagen,[Sesión 35] EST - 035 GLITCH ART Y DISTORSIÓN DIGITAL - Mujeres de Mármol Glitch Digita (PDF),Disponible en Sesión 35. Paso 2: Estilos Visuales de Imagen (Aprender a pedir estilos artísticos y fotográficos). Acceso directo al recurso interactivo.,https://javiercursocorreo-gif.github.io/Curso-IA/CLASES/EXPORTACION_FICHAS_CLASSROOM_PDF/100.%20%5BSESSIONS%5D%20TERNAS_LISTAS_PARA_CLASSROOM/35_Sesion/2.%20EST-035_GLITCH%20ART%20Y%20DISTORSI%C3%93N%20DIGITAL%20-%20Mujeres%20de%20M%C3%A1rmol%20Glitch%20Digita.pdf
,02. [EST] Estilos Visuales de Imagen,[Sesión 36] EST - 036 BARROCO DIGITAL Y MITOLOGÍA - Biblioteca Renacentista (PDF),Disponible en Sesión 36. Paso 2: Estilos Visuales de Imagen (Aprender a pedir estilos artísticos y fotográficos). Acceso directo al recurso interactivo.,https://javiercursocorreo-gif.github.io/Curso-IA/CLASES/EXPORTACION_FICHAS_CLASSROOM_PDF/100.%20%5BSESSIONS%5D%20TERNAS_LISTAS_PARA_CLASSROOM/36_Sesion/2.%20EST-036_BARROCO%20DIGITAL%20Y%20MITOLOG%C3%8DA%20-%20Biblioteca%20Renacentista.pdf
,02. [EST] Estilos Visuales de Imagen,[Sesión 37] EST - 037 BARROCO DIGITAL Y MITOLOGÍA - Huevo Joya Fabergé (PDF),Disponible en Sesión 37. Paso 2: Estilos Visuales de Imagen (Aprender a pedir estilos artísticos y fotográficos). Acceso directo al recurso interactivo.,https://javiercursocorreo-gif.github.io/Curso-IA/CLASES/EXPORTACION_FICHAS_CLASSROOM_PDF/100.%20%5BSESSIONS%5D%20TERNAS_LISTAS_PARA_CLASSROOM/37_Sesion/2.%20EST-037_BARROCO%20DIGITAL%20Y%20MITOLOG%C3%8DA%20-%20Huevo%20Joya%20Faberg%C3%A9.pdf
,02. [EST] Estilos Visuales de Imagen,[Sesión 38] EST - 038 BARROCO DIGITAL Y MITOLOGÍA - Serie Carrusel Dioses del Olimpo e (PDF),Disponible en Sesión 38. Paso 2: Estilos Visuales de Imagen (Aprender a pedir estilos artísticos y fotográficos). Acceso directo al recurso interactivo.,https://javiercursocorreo-gif.github.io/Curso-IA/CLASES/EXPORTACION_FICHAS_CLASSROOM_PDF/100.%20%5BSESSIONS%5D%20TERNAS_LISTAS_PARA_CLASSROOM/38_Sesion/2.%20EST-038_BARROCO%20DIGITAL%20Y%20MITOLOG%C3%8DA%20-%20Serie%20Carrusel_%20Dioses%20del%20Olimpo%20e.pdf
,02. [EST] Estilos Visuales de Imagen,[Sesión 39] EST - 039 ROCOCÓ MODERNO - Salón de Té Rococó (PDF),Disponible en Sesión 39. Paso 2: Estilos Visuales de Imagen (Aprender a pedir estilos artísticos y fotográficos). Acceso directo al recurso interactivo.,https://javiercursocorreo-gif.github.io/Curso-IA/CLASES/EXPORTACION_FICHAS_CLASSROOM_PDF/100.%20%5BSESSIONS%5D%20TERNAS_LISTAS_PARA_CLASSROOM/39_Sesion/2.%20EST-039_ROCOC%C3%93%20MODERNO%20-%20Sal%C3%B3n%20de%20T%C3%A9%20Rococ%C3%B3.pdf
,02. [EST] Estilos Visuales de Imagen,[Sesión 40] EST - 040 ROCOCÓ MODERNO - María Antonieta Vistiéndose (PDF),Disponible en Sesión 40. Paso 2: Estilos Visuales de Imagen (Aprender a pedir estilos artísticos y fotográficos). Acceso directo al recurso interactivo.,https://javiercursocorreo-gif.github.io/Curso-IA/CLASES/EXPORTACION_FICHAS_CLASSROOM_PDF/100.%20%5BSESSIONS%5D%20TERNAS_LISTAS_PARA_CLASSROOM/40_Sesion/2.%20EST-040_ROCOC%C3%93%20MODERNO%20-%20Mar%C3%ADa%20Antonieta%20Visti%C3%A9ndose.pdf
,02. [EST] Estilos Visuales de Imagen,[Sesión 41] EST - 041 ROCOCÓ MODERNO - Hora Té Harrods (PDF),Disponible en Sesión 41. Paso 2: Estilos Visuales de Imagen (Aprender a pedir estilos artísticos y fotográficos). Acceso directo al recurso interactivo.,https://javiercursocorreo-gif.github.io/Curso-IA/CLASES/EXPORTACION_FICHAS_CLASSROOM_PDF/100.%20%5BSESSIONS%5D%20TERNAS_LISTAS_PARA_CLASSROOM/41_Sesion/2.%20EST-041_ROCOC%C3%93%20MODERNO%20-%20Hora%20T%C3%A9%20Harrods.pdf
,02. [EST] Estilos Visuales de Imagen,[Sesión 42] EST - 042 NEO - EXPRESIONISMO - Violinista Apasionado (PDF),Disponible en Sesión 42. Paso 2: Estilos Visuales de Imagen (Aprender a pedir estilos artísticos y fotográficos). Acceso directo al recurso interactivo.,https://javiercursocorreo-gif.github.io/Curso-IA/CLASES/EXPORTACION_FICHAS_CLASSROOM_PDF/100.%20%5BSESSIONS%5D%20TERNAS_LISTAS_PARA_CLASSROOM/42_Sesion/2.%20EST-042_NEO-EXPRESIONISMO%20-%20Violinista%20Apasionado.pdf
,02. [EST] Estilos Visuales de Imagen,[Sesión 43] EST - 043 ARTE GENERATIVO PARAMÉTRICO Y PROPORCIÓN ÁUREA - Esfera Curvas Bé (PDF),Disponible en Sesión 43. Paso 2: Estilos Visuales de Imagen (Aprender a pedir estilos artísticos y fotográficos). Acceso directo al recurso interactivo.,https://javiercursocorreo-gif.github.io/Curso-IA/CLASES/EXPORTACION_FICHAS_CLASSROOM_PDF/100.%20%5BSESSIONS%5D%20TERNAS_LISTAS_PARA_CLASSROOM/43_Sesion/2.%20EST-043_ARTE%20GENERATIVO%20PARAM%C3%89TRICO%20Y%20PROPORCI%C3%93N%20%C3%81UREA%20-%20Esfera%20Curvas%20B%C3%A9.pdf
,02. [EST] Estilos Visuales de Imagen,[Sesión 44] EST - 044 ARTE GENERATIVO PARAMÉTRICO Y PROPORCIÓN ÁUREA - Proporción Áurea (PDF),Disponible en Sesión 44. Paso 2: Estilos Visuales de Imagen (Aprender a pedir estilos artísticos y fotográficos). Acceso directo al recurso interactivo.,https://javiercursocorreo-gif.github.io/Curso-IA/CLASES/EXPORTACION_FICHAS_CLASSROOM_PDF/100.%20%5BSESSIONS%5D%20TERNAS_LISTAS_PARA_CLASSROOM/44_Sesion/2.%20EST-044_ARTE%20GENERATIVO%20PARAM%C3%89TRICO%20Y%20PROPORCI%C3%93N%20%C3%81UREA%20-%20Proporci%C3%B3n%20%C3%81urea.pdf
,02. [EST] Estilos Visuales de Imagen,[Sesión 45] EST - 045 CINEMATOGRÁFICO NOIR ÉPICO Y GRANDES BATALLAS - Detective en De (PDF),Disponible en Sesión 45. Paso 2: Estilos Visuales de Imagen (Aprender a pedir estilos artísticos y fotográficos). Acceso directo al recurso interactivo.,https://javiercursocorreo-gif.github.io/Curso-IA/CLASES/EXPORTACION_FICHAS_CLASSROOM_PDF/100.%20%5BSESSIONS%5D%20TERNAS_LISTAS_PARA_CLASSROOM/45_Sesion/2.%20EST-045_CINEMATOGR%C3%81FICO%20NOIR%20_%20%C3%89PICO%20Y%20GRANDES%20BATALLAS%20-%20Detective%20en%20De.pdf
,02. [EST] Estilos Visuales de Imagen,[Sesión 46] EST - 046 CINEMATOGRÁFICO NOIR ÉPICO Y GRANDES BATALLAS - Barco Pirata Ép (PDF),Disponible en Sesión 46. Paso 2: Estilos Visuales de Imagen (Aprender a pedir estilos artísticos y fotográficos). Acceso directo al recurso interactivo.,https://javiercursocorreo-gif.github.io/Curso-IA/CLASES/EXPORTACION_FICHAS_CLASSROOM_PDF/100.%20%5BSESSIONS%5D%20TERNAS_LISTAS_PARA_CLASSROOM/46_Sesion/2.%20EST-046_CINEMATOGR%C3%81FICO%20NOIR%20_%20%C3%89PICO%20Y%20GRANDES%20BATALLAS%20-%20Barco%20Pirata%20%C3%89p.pdf
,02. [EST] Estilos Visuales de Imagen,[Sesión 47] EST - 047 CINEMATOGRÁFICO NOIR ÉPICO Y GRANDES BATALLAS - Moby Dick en To (PDF),Disponible en Sesión 47. Paso 2: Estilos Visuales de Imagen (Aprender a pedir estilos artísticos y fotográficos). Acceso directo al recurso interactivo.,https://javiercursocorreo-gif.github.io/Curso-IA/CLASES/EXPORTACION_FICHAS_CLASSROOM_PDF/100.%20%5BSESSIONS%5D%20TERNAS_LISTAS_PARA_CLASSROOM/47_Sesion/2.%20EST-047_CINEMATOGR%C3%81FICO%20NOIR%20_%20%C3%89PICO%20Y%20GRANDES%20BATALLAS%20-%20Moby%20Dick%20en%20To.pdf
,02. [EST] Estilos Visuales de Imagen,[Sesión 48] EST - 048 CINEMATOGRÁFICO NOIR ÉPICO Y GRANDES BATALLAS - Serie Carrusel (PDF),Disponible en Sesión 48. Paso 2: Estilos Visuales de Imagen (Aprender a pedir estilos artísticos y fotográficos). Acceso directo al recurso interactivo.,https://javiercursocorreo-gif.github.io/Curso-IA/CLASES/EXPORTACION_FICHAS_CLASSROOM_PDF/100.%20%5BSESSIONS%5D%20TERNAS_LISTAS_PARA_CLASSROOM/48_Sesion/2.%20EST-048_CINEMATOGR%C3%81FICO%20NOIR%20_%20%C3%89PICO%20Y%20GRANDES%20BATALLAS%20-%20Serie%20Carrusel_.pdf
,02. [EST] Estilos Visuales de Imagen,[Sesión 49] EST - 049 CINEMATOGRÁFICO NOIR ÉPICO Y GRANDES BATALLAS - Carreras de Cua (PDF),Disponible en Sesión 49. Paso 2: Estilos Visuales de Imagen (Aprender a pedir estilos artísticos y fotográficos). Acceso directo al recurso interactivo.,https://javiercursocorreo-gif.github.io/Curso-IA/CLASES/EXPORTACION_FICHAS_CLASSROOM_PDF/100.%20%5BSESSIONS%5D%20TERNAS_LISTAS_PARA_CLASSROOM/49_Sesion/2.%20EST-049_CINEMATOGR%C3%81FICO%20NOIR%20_%20%C3%89PICO%20Y%20GRANDES%20BATALLAS%20-%20Carreras%20de%20Cua.pdf
,02. [EST] Estilos Visuales de Imagen,[Sesión 50] EST - 050 CINEMATOGRÁFICO NOIR ÉPICO Y GRANDES BATALLAS - Serie Carrusel (PDF),Disponible en Sesión 50. Paso 2: Estilos Visuales de Imagen (Aprender a pedir estilos artísticos y fotográficos). Acceso directo al recurso interactivo.,https://javiercursocorreo-gif.github.io/Curso-IA/CLASES/EXPORTACION_FICHAS_CLASSROOM_PDF/100.%20%5BSESSIONS%5D%20TERNAS_LISTAS_PARA_CLASSROOM/50_Sesion/2.%20EST-050_CINEMATOGR%C3%81FICO%20NOIR%20_%20%C3%89PICO%20Y%20GRANDES%20BATALLAS%20-%20Serie%20Carrusel_.pdf
,02. [EST] Estilos Visuales de Imagen,[Sesión 51] EST - 051 HIPERREALISMO AI - Marinero Barba Blanca (PDF),Disponible en Sesión 51. Paso 2: Estilos Visuales de Imagen (Aprender a pedir estilos artísticos y fotográficos). Acceso directo al recurso interactivo.,https://javiercursocorreo-gif.github.io/Curso-IA/CLASES/EXPORTACION_FICHAS_CLASSROOM_PDF/100.%20%5BSESSIONS%5D%20TERNAS_LISTAS_PARA_CLASSROOM/51_Sesion/2.%20EST-051_HIPERREALISMO%20AI%20-%20Marinero%20Barba%20Blanca.pdf
,02. [EST] Estilos Visuales de Imagen,[Sesión 52] EST - 052 HIPERREALISMO AI - Gato Ojos Cristalinos (PDF),Disponible en Sesión 52. Paso 2: Estilos Visuales de Imagen (Aprender a pedir estilos artísticos y fotográficos). Acceso directo al recurso interactivo.,https://javiercursocorreo-gif.github.io/Curso-IA/CLASES/EXPORTACION_FICHAS_CLASSROOM_PDF/100.%20%5BSESSIONS%5D%20TERNAS_LISTAS_PARA_CLASSROOM/52_Sesion/2.%20EST-052_HIPERREALISMO%20AI%20-%20Gato%20Ojos%20Cristalinos.pdf
,02. [EST] Estilos Visuales de Imagen,[Sesión 53] EST - 053 HIPERREALISMO AI - Lobo Gris en Nieve (PDF),Disponible en Sesión 53. Paso 2: Estilos Visuales de Imagen (Aprender a pedir estilos artísticos y fotográficos). Acceso directo al recurso interactivo.,https://javiercursocorreo-gif.github.io/Curso-IA/CLASES/EXPORTACION_FICHAS_CLASSROOM_PDF/100.%20%5BSESSIONS%5D%20TERNAS_LISTAS_PARA_CLASSROOM/53_Sesion/2.%20EST-053_HIPERREALISMO%20AI%20-%20Lobo%20Gris%20en%20Nieve.pdf
,02. [EST] Estilos Visuales de Imagen,[Sesión 54] EST - 054 DOBLE EXPOSICIÓN - Perfil con Bosque (PDF),Disponible en Sesión 54. Paso 2: Estilos Visuales de Imagen (Aprender a pedir estilos artísticos y fotográficos). Acceso directo al recurso interactivo.,https://javiercursocorreo-gif.github.io/Curso-IA/CLASES/EXPORTACION_FICHAS_CLASSROOM_PDF/100.%20%5BSESSIONS%5D%20TERNAS_LISTAS_PARA_CLASSROOM/54_Sesion/2.%20EST-054_DOBLE%20EXPOSICI%C3%93N%20-%20Perfil%20con%20Bosque.pdf
,02. [EST] Estilos Visuales de Imagen,[Sesión 55] EST - 055 DOBLE EXPOSICIÓN - Lobo con Montañas (PDF),Disponible en Sesión 55. Paso 2: Estilos Visuales de Imagen (Aprender a pedir estilos artísticos y fotográficos). Acceso directo al recurso interactivo.,https://javiercursocorreo-gif.github.io/Curso-IA/CLASES/EXPORTACION_FICHAS_CLASSROOM_PDF/100.%20%5BSESSIONS%5D%20TERNAS_LISTAS_PARA_CLASSROOM/55_Sesion/2.%20EST-055_DOBLE%20EXPOSICI%C3%93N%20-%20Lobo%20con%20Monta%C3%B1as.pdf
,02. [EST] Estilos Visuales de Imagen,[Sesión 55] ARTE - 055 La Traición de las Imágenes (Ceci n'est pas une pipe) de René Mag (PDF),Disponible en Sesión 55. Paso 2: Estilos Visuales de Imagen (Aprender a pedir estilos artísticos y fotográficos). Acceso directo al recurso interactivo.,https://javiercursocorreo-gif.github.io/Curso-IA/CLASES/EXPORTACION_FICHAS_CLASSROOM_PDF/100.%20%5BSESSIONS%5D%20TERNAS_LISTAS_PARA_CLASSROOM/55_Sesion/8.%20ARTE-055_La%20Traici%C3%B3n%20de%20las%20Im%C3%A1genes%20%28Ceci%20n%27est%20pas%20une%20pipe%29%20de%20Ren%C3%A9%20Mag.pdf
,02. [EST] Estilos Visuales de Imagen,[Sesión 56] EST - 056 INFOGRAFÍA Y DIAGRAMA DE CORTE (CUTAWAY) - Diagrama Motor Clásico (PDF),Disponible en Sesión 56. Paso 2: Estilos Visuales de Imagen (Aprender a pedir estilos artísticos y fotográficos). Acceso directo al recurso interactivo.,https://javiercursocorreo-gif.github.io/Curso-IA/CLASES/EXPORTACION_FICHAS_CLASSROOM_PDF/100.%20%5BSESSIONS%5D%20TERNAS_LISTAS_PARA_CLASSROOM/56_Sesion/2.%20EST-056_INFOGRAF%C3%8DA%20Y%20DIAGRAMA%20DE%20CORTE%20%28CUTAWAY%29%20-%20Diagrama%20Motor%20Cl%C3%A1sico.pdf
,02. [EST] Estilos Visuales de Imagen,[Sesión 57] EST - 057 INFOGRAFÍA Y DIAGRAMA DE CORTE (CUTAWAY) - Corte de Submarino de (PDF),Disponible en Sesión 57. Paso 2: Estilos Visuales de Imagen (Aprender a pedir estilos artísticos y fotográficos). Acceso directo al recurso interactivo.,https://javiercursocorreo-gif.github.io/Curso-IA/CLASES/EXPORTACION_FICHAS_CLASSROOM_PDF/100.%20%5BSESSIONS%5D%20TERNAS_LISTAS_PARA_CLASSROOM/57_Sesion/2.%20EST-057_INFOGRAF%C3%8DA%20Y%20DIAGRAMA%20DE%20CORTE%20%28CUTAWAY%29%20-%20Corte%20de%20Submarino%20de%20.pdf
,02. [EST] Estilos Visuales de Imagen,[Sesión 58] EST - 058 VAPORWAVE SYNTHWAVE - Coche Deportivo en Autopista Neón (PDF),Disponible en Sesión 58. Paso 2: Estilos Visuales de Imagen (Aprender a pedir estilos artísticos y fotográficos). Acceso directo al recurso interactivo.,https://javiercursocorreo-gif.github.io/Curso-IA/CLASES/EXPORTACION_FICHAS_CLASSROOM_PDF/100.%20%5BSESSIONS%5D%20TERNAS_LISTAS_PARA_CLASSROOM/58_Sesion/2.%20EST-058_VAPORWAVE%20_%20SYNTHWAVE%20-%20Coche%20Deportivo%20en%20Autopista%20Ne%C3%B3n.pdf
,02. [EST] Estilos Visuales de Imagen,[Sesión 59] EST - 059 MINIATURA DIORAMA (TILT - SHIFT) - Diorama Ciudad Europea (PDF),Disponible en Sesión 59. Paso 2: Estilos Visuales de Imagen (Aprender a pedir estilos artísticos y fotográficos). Acceso directo al recurso interactivo.,https://javiercursocorreo-gif.github.io/Curso-IA/CLASES/EXPORTACION_FICHAS_CLASSROOM_PDF/100.%20%5BSESSIONS%5D%20TERNAS_LISTAS_PARA_CLASSROOM/59_Sesion/2.%20EST-059_MINIATURA%20DIORAMA%20%28TILT-SHIFT%29%20-%20Diorama%20Ciudad%20Europea.pdf
,02. [EST] Estilos Visuales de Imagen,[Sesión 60] EST - 060 ARTE BOTÁNICO CIENTÍFICO Y MANUALIDADES PASCUA - Ilustración Or (PDF),Disponible en Sesión 60. Paso 2: Estilos Visuales de Imagen (Aprender a pedir estilos artísticos y fotográficos). Acceso directo al recurso interactivo.,https://javiercursocorreo-gif.github.io/Curso-IA/CLASES/EXPORTACION_FICHAS_CLASSROOM_PDF/100.%20%5BSESSIONS%5D%20TERNAS_LISTAS_PARA_CLASSROOM/60_Sesion_Cierre/2.%20EST-060_ARTE%20BOT%C3%81NICO%20_%20CIENT%C3%8DFICO%20Y%20MANUALIDADES%20PASCUA%20-%20Ilustraci%C3%B3n%20Or.pdf
,03. [PRAC] Talleres Prácticos con Gemini,"[Sesión 01] PRAC - 001 Retrato Mágico Disfraz de Reyes, Aristócratas o Época Clásica (PDF)",Disponible en Sesión 01. Paso 3: Taller Práctico con Gemini (Transformación y creatividad aplicada). Acceso directo al recurso interactivo.,https://javiercursocorreo-gif.github.io/Curso-IA/CLASES/EXPORTACION_FICHAS_CLASSROOM_PDF/100.%20%5BSESSIONS%5D%20TERNAS_LISTAS_PARA_CLASSROOM/01_Sesion/3.%20PRAC-001_Retrato%20M%C3%A1gico_%20Disfraz%20de%20Reyes%2C%20Arist%C3%B3cratas%20o%20%C3%89poca%20Cl%C3%A1sica.pdf
,03. [PRAC] Talleres Prácticos con Gemini,[Sesión 02] PRAC - 002 Un Café y una Charla con tu Ídolo o Celebridad Histórica (PDF),Disponible en Sesión 02. Paso 3: Taller Práctico con Gemini (Transformación y creatividad aplicada). Acceso directo al recurso interactivo.,https://javiercursocorreo-gif.github.io/Curso-IA/CLASES/EXPORTACION_FICHAS_CLASSROOM_PDF/100.%20%5BSESSIONS%5D%20TERNAS_LISTAS_PARA_CLASSROOM/02_Sesion/3.%20PRAC-002_Un%20Caf%C3%A9%20y%20una%20Charla%20con%20tu%20%C3%8Ddolo%20o%20Celebridad%20Hist%C3%B3rica.pdf
,03. [PRAC] Talleres Prácticos con Gemini,[Sesión 03] PRAC - 003 Restauración y coloreado de fotos antiguas (PDF),Disponible en Sesión 03. Paso 3: Taller Práctico con Gemini (Transformación y creatividad aplicada). Acceso directo al recurso interactivo.,https://javiercursocorreo-gif.github.io/Curso-IA/CLASES/EXPORTACION_FICHAS_CLASSROOM_PDF/100.%20%5BSESSIONS%5D%20TERNAS_LISTAS_PARA_CLASSROOM/03_Sesion/3.%20PRAC-003_Restauraci%C3%B3n%20y%20coloreado%20de%20fotos%20antiguas.pdf
,03. [PRAC] Talleres Prácticos con Gemini,[Sesión 04] PRAC - 004 Viaje en el Tiempo Volver a la Juventud en los Años 60 Época D (PDF),Disponible en Sesión 04. Paso 3: Taller Práctico con Gemini (Transformación y creatividad aplicada). Acceso directo al recurso interactivo.,https://javiercursocorreo-gif.github.io/Curso-IA/CLASES/EXPORTACION_FICHAS_CLASSROOM_PDF/100.%20%5BSESSIONS%5D%20TERNAS_LISTAS_PARA_CLASSROOM/04_Sesion/3.%20PRAC-004_Viaje%20en%20el%20Tiempo_%20Volver%20a%20la%20Juventud%20en%20los%20A%C3%B1os%2060%20_%20%C3%89poca%20D.pdf
,03. [PRAC] Talleres Prácticos con Gemini,[Sesión 05] PRAC - 005 Eliminación de objetos o personas molestos (PDF),Disponible en Sesión 05. Paso 3: Taller Práctico con Gemini (Transformación y creatividad aplicada). Acceso directo al recurso interactivo.,https://javiercursocorreo-gif.github.io/Curso-IA/CLASES/EXPORTACION_FICHAS_CLASSROOM_PDF/100.%20%5BSESSIONS%5D%20TERNAS_LISTAS_PARA_CLASSROOM/05_Sesion/3.%20PRAC-005_Eliminaci%C3%B3n%20de%20objetos%20o%20personas%20molestos.pdf
,03. [PRAC] Talleres Prácticos con Gemini,[Sesión 06] PRAC - 006 Vestuario de Alta Costura o Gala para la Alfombra Roja (PDF),Disponible en Sesión 06. Paso 3: Taller Práctico con Gemini (Transformación y creatividad aplicada). Acceso directo al recurso interactivo.,https://javiercursocorreo-gif.github.io/Curso-IA/CLASES/EXPORTACION_FICHAS_CLASSROOM_PDF/100.%20%5BSESSIONS%5D%20TERNAS_LISTAS_PARA_CLASSROOM/06_Sesion/3.%20PRAC-006_Vestuario%20de%20Alta%20Costura%20o%20Gala%20para%20la%20Alfombra%20Roja.pdf
,03. [PRAC] Talleres Prácticos con Gemini,[Sesión 07] PRAC - 007 Protagonista de Cine Negro y Misterio Clásico (Film Noir) (PDF),Disponible en Sesión 07. Paso 3: Taller Práctico con Gemini (Transformación y creatividad aplicada). Acceso directo al recurso interactivo.,https://javiercursocorreo-gif.github.io/Curso-IA/CLASES/EXPORTACION_FICHAS_CLASSROOM_PDF/100.%20%5BSESSIONS%5D%20TERNAS_LISTAS_PARA_CLASSROOM/07_Sesion/3.%20PRAC-007_Protagonista%20de%20Cine%20Negro%20y%20Misterio%20Cl%C3%A1sico%20%28Film%20Noir%29.pdf
,03. [PRAC] Talleres Prácticos con Gemini,[Sesión 08] PRAC - 008 Mi Profesión o Afición Soñada (Director de Orquesta Sinfónica) (PDF),Disponible en Sesión 08. Paso 3: Taller Práctico con Gemini (Transformación y creatividad aplicada). Acceso directo al recurso interactivo.,https://javiercursocorreo-gif.github.io/Curso-IA/CLASES/EXPORTACION_FICHAS_CLASSROOM_PDF/100.%20%5BSESSIONS%5D%20TERNAS_LISTAS_PARA_CLASSROOM/08_Sesion/3.%20PRAC-008_Mi%20Profesi%C3%B3n%20o%20Afici%C3%B3n%20So%C3%B1ada%20%28Director%20de%20Orquesta%20Sinf%C3%B3nica%29.pdf
,03. [PRAC] Talleres Prácticos con Gemini,[Sesión 09] PRAC - 009 Reconstrucción de objetos o fotos rotas (PDF),Disponible en Sesión 09. Paso 3: Taller Práctico con Gemini (Transformación y creatividad aplicada). Acceso directo al recurso interactivo.,https://javiercursocorreo-gif.github.io/Curso-IA/CLASES/EXPORTACION_FICHAS_CLASSROOM_PDF/100.%20%5BSESSIONS%5D%20TERNAS_LISTAS_PARA_CLASSROOM/09_Sesion/3.%20PRAC-009_Reconstrucci%C3%B3n%20de%20objetos%20o%20fotos%20rotas.pdf
,03. [PRAC] Talleres Prácticos con Gemini,[Sesión 10] PRAC - 010 Restauración digital de monumentos históricos (PDF),Disponible en Sesión 10. Paso 3: Taller Práctico con Gemini (Transformación y creatividad aplicada). Acceso directo al recurso interactivo.,https://javiercursocorreo-gif.github.io/Curso-IA/CLASES/EXPORTACION_FICHAS_CLASSROOM_PDF/100.%20%5BSESSIONS%5D%20TERNAS_LISTAS_PARA_CLASSROOM/10_Sesion/3.%20PRAC-010_Restauraci%C3%B3n%20digital%20de%20monumentos%20hist%C3%B3ricos.pdf
,03. [PRAC] Talleres Prácticos con Gemini,[Sesión 11] PRAC - 011 Reinterpretación fantástica de lugares conocidos (PDF),Disponible en Sesión 11. Paso 3: Taller Práctico con Gemini (Transformación y creatividad aplicada). Acceso directo al recurso interactivo.,https://javiercursocorreo-gif.github.io/Curso-IA/CLASES/EXPORTACION_FICHAS_CLASSROOM_PDF/100.%20%5BSESSIONS%5D%20TERNAS_LISTAS_PARA_CLASSROOM/11_Sesion/3.%20PRAC-011_Reinterpretaci%C3%B3n%20fant%C3%A1stica%20de%20lugares%20conocidos.pdf
,03. [PRAC] Talleres Prácticos con Gemini,[Sesión 12] PRAC - 012 De Boceto a Foto Real (Sketch to Real 8K) (PDF),Disponible en Sesión 12. Paso 3: Taller Práctico con Gemini (Transformación y creatividad aplicada). Acceso directo al recurso interactivo.,https://javiercursocorreo-gif.github.io/Curso-IA/CLASES/EXPORTACION_FICHAS_CLASSROOM_PDF/100.%20%5BSESSIONS%5D%20TERNAS_LISTAS_PARA_CLASSROOM/12_Sesion/3.%20PRAC-012_De%20Boceto%20a%20Foto%20Real%20%28Sketch%20to%20Real%208K%29.pdf
,03. [PRAC] Talleres Prácticos con Gemini,[Sesión 13] PRAC - 013 De Captura de Mapa a Vista Fotorrealista 3D (PDF),Disponible en Sesión 13. Paso 3: Taller Práctico con Gemini (Transformación y creatividad aplicada). Acceso directo al recurso interactivo.,https://javiercursocorreo-gif.github.io/Curso-IA/CLASES/EXPORTACION_FICHAS_CLASSROOM_PDF/100.%20%5BSESSIONS%5D%20TERNAS_LISTAS_PARA_CLASSROOM/13_Sesion/3.%20PRAC-013_De%20Captura%20de%20Mapa%20a%20Vista%20Fotorrealista%203D.pdf
,03. [PRAC] Talleres Prácticos con Gemini,[Sesión 14] PRAC - 014 De Foto a Diseño de Tatuaje Minimalista (PDF),Disponible en Sesión 14. Paso 3: Taller Práctico con Gemini (Transformación y creatividad aplicada). Acceso directo al recurso interactivo.,https://javiercursocorreo-gif.github.io/Curso-IA/CLASES/EXPORTACION_FICHAS_CLASSROOM_PDF/100.%20%5BSESSIONS%5D%20TERNAS_LISTAS_PARA_CLASSROOM/14_Sesion/3.%20PRAC-014_De%20Foto%20a%20Dise%C3%B1o%20de%20Tatuaje%20Minimalista.pdf
,03. [PRAC] Talleres Prácticos con Gemini,[Sesión 15] PRAC - 015 Extracción y Aislamiento 3D de un objeto (PDF),Disponible en Sesión 15. Paso 3: Taller Práctico con Gemini (Transformación y creatividad aplicada). Acceso directo al recurso interactivo.,https://javiercursocorreo-gif.github.io/Curso-IA/CLASES/EXPORTACION_FICHAS_CLASSROOM_PDF/100.%20%5BSESSIONS%5D%20TERNAS_LISTAS_PARA_CLASSROOM/15_Sesion/3.%20PRAC-015_Extracci%C3%B3n%20y%20Aislamiento%203D%20de%20un%20objeto.pdf
,03. [PRAC] Talleres Prácticos con Gemini,[Sesión 16] PRAC - 016 Creación de hoja de personaje (Model Sheet) (PDF),Disponible en Sesión 16. Paso 3: Taller Práctico con Gemini (Transformación y creatividad aplicada). Acceso directo al recurso interactivo.,https://javiercursocorreo-gif.github.io/Curso-IA/CLASES/EXPORTACION_FICHAS_CLASSROOM_PDF/100.%20%5BSESSIONS%5D%20TERNAS_LISTAS_PARA_CLASSROOM/16_Sesion/3.%20PRAC-016_Creaci%C3%B3n%20de%20hoja%20de%20personaje%20%28Model%20Sheet%29.pdf
,03. [PRAC] Talleres Prácticos con Gemini,[Sesión 17] PRAC - 017 Escenas coherentes manteniendo el personaje (PDF),Disponible en Sesión 17. Paso 3: Taller Práctico con Gemini (Transformación y creatividad aplicada). Acceso directo al recurso interactivo.,https://javiercursocorreo-gif.github.io/Curso-IA/CLASES/EXPORTACION_FICHAS_CLASSROOM_PDF/100.%20%5BSESSIONS%5D%20TERNAS_LISTAS_PARA_CLASSROOM/17_Sesion/3.%20PRAC-017_Escenas%20coherentes%20manteniendo%20el%20personaje.pdf
,03. [PRAC] Talleres Prácticos con Gemini,[Sesión 18] PRAC - 018 Escena de acción a partir de boceto y personajes (PDF),Disponible en Sesión 18. Paso 3: Taller Práctico con Gemini (Transformación y creatividad aplicada). Acceso directo al recurso interactivo.,https://javiercursocorreo-gif.github.io/Curso-IA/CLASES/EXPORTACION_FICHAS_CLASSROOM_PDF/100.%20%5BSESSIONS%5D%20TERNAS_LISTAS_PARA_CLASSROOM/18_Sesion/3.%20PRAC-018_Escena%20de%20acci%C3%B3n%20a%20partir%20de%20boceto%20y%20personajes.pdf
,03. [PRAC] Talleres Prácticos con Gemini,[Sesión 19] PRAC - 019 Collage Múltiple Inteligente (Hasta 13 referencias) (PDF),Disponible en Sesión 19. Paso 3: Taller Práctico con Gemini (Transformación y creatividad aplicada). Acceso directo al recurso interactivo.,https://javiercursocorreo-gif.github.io/Curso-IA/CLASES/EXPORTACION_FICHAS_CLASSROOM_PDF/100.%20%5BSESSIONS%5D%20TERNAS_LISTAS_PARA_CLASSROOM/19_Sesion/3.%20PRAC-019_Collage%20M%C3%BAltiple%20Inteligente%20%28Hasta%2013%20referencias%29.pdf
,03. [PRAC] Talleres Prácticos con Gemini,[Sesión 20] PRAC - 020 Textos con Texturas 3D (Efecto CGI) (PDF),Disponible en Sesión 20. Paso 3: Taller Práctico con Gemini (Transformación y creatividad aplicada). Acceso directo al recurso interactivo.,https://javiercursocorreo-gif.github.io/Curso-IA/CLASES/EXPORTACION_FICHAS_CLASSROOM_PDF/100.%20%5BSESSIONS%5D%20TERNAS_LISTAS_PARA_CLASSROOM/20_Sesion/3.%20PRAC-020_Textos%20con%20Texturas%203D%20%28Efecto%20CGI%29.pdf
,03. [PRAC] Talleres Prácticos con Gemini,[Sesión 21] PRAC - 021 Diseño de tipografía a partir de referencia (PDF),Disponible en Sesión 21. Paso 3: Taller Práctico con Gemini (Transformación y creatividad aplicada). Acceso directo al recurso interactivo.,https://javiercursocorreo-gif.github.io/Curso-IA/CLASES/EXPORTACION_FICHAS_CLASSROOM_PDF/100.%20%5BSESSIONS%5D%20TERNAS_LISTAS_PARA_CLASSROOM/21_Sesion/3.%20PRAC-021_Dise%C3%B1o%20de%20tipograf%C3%ADa%20a%20partir%20de%20referencia.pdf
,03. [PRAC] Talleres Prácticos con Gemini,[Sesión 22] PRAC - 022 Diseño de Logotipos profesionales desde descripción (PDF),Disponible en Sesión 22. Paso 3: Taller Práctico con Gemini (Transformación y creatividad aplicada). Acceso directo al recurso interactivo.,https://javiercursocorreo-gif.github.io/Curso-IA/CLASES/EXPORTACION_FICHAS_CLASSROOM_PDF/100.%20%5BSESSIONS%5D%20TERNAS_LISTAS_PARA_CLASSROOM/22_Sesion/3.%20PRAC-022_Dise%C3%B1o%20de%20Logotipos%20profesionales%20desde%20descripci%C3%B3n.pdf
,03. [PRAC] Talleres Prácticos con Gemini,[Sesión 23] PRAC - 023 Variaciones automáticas de un Logotipo (PDF),Disponible en Sesión 23. Paso 3: Taller Práctico con Gemini (Transformación y creatividad aplicada). Acceso directo al recurso interactivo.,https://javiercursocorreo-gif.github.io/Curso-IA/CLASES/EXPORTACION_FICHAS_CLASSROOM_PDF/100.%20%5BSESSIONS%5D%20TERNAS_LISTAS_PARA_CLASSROOM/23_Sesion/3.%20PRAC-023_Variaciones%20autom%C3%A1ticas%20de%20un%20Logotipo.pdf
,03. [PRAC] Talleres Prácticos con Gemini,[Sesión 24] PRAC - 024 Diseño y Aplicación de Etiquetas de Producto (PDF),Disponible en Sesión 24. Paso 3: Taller Práctico con Gemini (Transformación y creatividad aplicada). Acceso directo al recurso interactivo.,https://javiercursocorreo-gif.github.io/Curso-IA/CLASES/EXPORTACION_FICHAS_CLASSROOM_PDF/100.%20%5BSESSIONS%5D%20TERNAS_LISTAS_PARA_CLASSROOM/24_Sesion/3.%20PRAC-024_Dise%C3%B1o%20y%20Aplicaci%C3%B3n%20de%20Etiquetas%20de%20Producto.pdf
,03. [PRAC] Talleres Prácticos con Gemini,[Sesión 25] PRAC - 025 Truco Profesional de Agencia Anuncios y Cartelería de Lujo con G (PDF),Disponible en Sesión 25. Paso 3: Taller Práctico con Gemini (Transformación y creatividad aplicada). Acceso directo al recurso interactivo.,https://javiercursocorreo-gif.github.io/Curso-IA/CLASES/EXPORTACION_FICHAS_CLASSROOM_PDF/100.%20%5BSESSIONS%5D%20TERNAS_LISTAS_PARA_CLASSROOM/25_Sesion/3.%20PRAC-025_Truco%20Profesional%20de%20Agencia_%20Anuncios%20y%20Carteler%C3%ADa%20de%20Lujo%20con%20G.pdf
,03. [PRAC] Talleres Prácticos con Gemini,[Sesión 26] PRAC - 026 Rediseño Cultural de Marca (Locales Internacionales) (PDF),Disponible en Sesión 26. Paso 3: Taller Práctico con Gemini (Transformación y creatividad aplicada). Acceso directo al recurso interactivo.,https://javiercursocorreo-gif.github.io/Curso-IA/CLASES/EXPORTACION_FICHAS_CLASSROOM_PDF/100.%20%5BSESSIONS%5D%20TERNAS_LISTAS_PARA_CLASSROOM/26_Sesion/3.%20PRAC-026_Redise%C3%B1o%20Cultural%20de%20Marca%20%28Locales%20Internacionales%29.pdf
,03. [PRAC] Talleres Prácticos con Gemini,[Sesión 27] PRAC - 027 El Cálculo de Sissa y la Analogía del Trigo en el Tablero de Ajed (PDF),Disponible en Sesión 27. Paso 3: Taller Práctico con Gemini (Transformación y creatividad aplicada). Acceso directo al recurso interactivo.,https://javiercursocorreo-gif.github.io/Curso-IA/CLASES/EXPORTACION_FICHAS_CLASSROOM_PDF/100.%20%5BSESSIONS%5D%20TERNAS_LISTAS_PARA_CLASSROOM/27_Sesion/3.%20PRAC-027_El%20C%C3%A1lculo%20de%20Sissa%20y%20la%20Analog%C3%ADa%20del%20Trigo%20en%20el%20Tablero%20de%20Ajed.pdf
,03. [PRAC] Talleres Prácticos con Gemini,[Sesión 28] PRAC - 028 Duelo Poético en Verso y Brindis Histórico (Cervantes vs. Shakesp (PDF),Disponible en Sesión 28. Paso 3: Taller Práctico con Gemini (Transformación y creatividad aplicada). Acceso directo al recurso interactivo.,https://javiercursocorreo-gif.github.io/Curso-IA/CLASES/EXPORTACION_FICHAS_CLASSROOM_PDF/100.%20%5BSESSIONS%5D%20TERNAS_LISTAS_PARA_CLASSROOM/28_Sesion/3.%20PRAC-028_Duelo%20Po%C3%A9tico%20en%20Verso%20y%20Brindis%20Hist%C3%B3rico%20%28Cervantes%20vs.%20Shakesp.pdf
,03. [PRAC] Talleres Prácticos con Gemini,[Sesión 29] PRAC - 029 Definición y Ejemplificación Poética de las 7 Figuras Retóricas (PDF),Disponible en Sesión 29. Paso 3: Taller Práctico con Gemini (Transformación y creatividad aplicada). Acceso directo al recurso interactivo.,https://javiercursocorreo-gif.github.io/Curso-IA/CLASES/EXPORTACION_FICHAS_CLASSROOM_PDF/100.%20%5BSESSIONS%5D%20TERNAS_LISTAS_PARA_CLASSROOM/29_Sesion/3.%20PRAC-029_Definici%C3%B3n%20y%20Ejemplificaci%C3%B3n%20Po%C3%A9tica%20de%20las%207%20Figuras%20Ret%C3%B3ricas.pdf
,03. [PRAC] Talleres Prácticos con Gemini,[Sesión 30] PRAC - 030 Reconocimiento Visual de Ingredientes con Foto de la Nevera Frigo (PDF),Disponible en Sesión 30. Paso 3: Taller Práctico con Gemini (Transformación y creatividad aplicada). Acceso directo al recurso interactivo.,https://javiercursocorreo-gif.github.io/Curso-IA/CLASES/EXPORTACION_FICHAS_CLASSROOM_PDF/100.%20%5BSESSIONS%5D%20TERNAS_LISTAS_PARA_CLASSROOM/30_Sesion/3.%20PRAC-030_Reconocimiento%20Visual%20de%20Ingredientes%20con%20Foto%20de%20la%20Nevera_Frigo.pdf
,03. [PRAC] Talleres Prácticos con Gemini,[Sesión 31] PRAC - 031 Caso 1 Product Placement en Mano (Flujo en 3 Pasos con Arrastre (PDF),Disponible en Sesión 31. Paso 3: Taller Práctico con Gemini (Transformación y creatividad aplicada). Acceso directo al recurso interactivo.,https://javiercursocorreo-gif.github.io/Curso-IA/CLASES/EXPORTACION_FICHAS_CLASSROOM_PDF/100.%20%5BSESSIONS%5D%20TERNAS_LISTAS_PARA_CLASSROOM/31_Sesion/3.%20PRAC-031_Caso%201_%20Product%20Placement%20en%20Mano%20%28Flujo%20en%203%20Pasos%20con%20Arrastre%20.pdf
,03. [PRAC] Talleres Prácticos con Gemini,[Sesión 33] PRAC - 033 Caso 3 Cambio de Edad y Paso del Tiempo (Envejecimiento vs. Reju (PDF),Disponible en Sesión 33. Paso 3: Taller Práctico con Gemini (Transformación y creatividad aplicada). Acceso directo al recurso interactivo.,https://javiercursocorreo-gif.github.io/Curso-IA/CLASES/EXPORTACION_FICHAS_CLASSROOM_PDF/100.%20%5BSESSIONS%5D%20TERNAS_LISTAS_PARA_CLASSROOM/33_Sesion/3.%20PRAC-033_Caso%203_%20Cambio%20de%20Edad%20y%20Paso%20del%20Tiempo%20%28Envejecimiento%20vs.%20Reju.pdf
,03. [PRAC] Talleres Prácticos con Gemini,[Sesión 38] PRAC - 038 Diseño de Marcapáginas Artístico y Separador de Libros (PDF),Disponible en Sesión 38. Paso 3: Taller Práctico con Gemini (Transformación y creatividad aplicada). Acceso directo al recurso interactivo.,https://javiercursocorreo-gif.github.io/Curso-IA/CLASES/EXPORTACION_FICHAS_CLASSROOM_PDF/100.%20%5BSESSIONS%5D%20TERNAS_LISTAS_PARA_CLASSROOM/38_Sesion/3.%20PRAC-038_Dise%C3%B1o%20de%20Marcap%C3%A1ginas%20Art%C3%ADstico%20y%20Separador%20de%20Libros.pdf
,03. [PRAC] Talleres Prácticos con Gemini,[Sesión 39] PRAC - 039 Recreación Visual de Recetas Caseras y Platos Tradicionales (PDF),Disponible en Sesión 39. Paso 3: Taller Práctico con Gemini (Transformación y creatividad aplicada). Acceso directo al recurso interactivo.,https://javiercursocorreo-gif.github.io/Curso-IA/CLASES/EXPORTACION_FICHAS_CLASSROOM_PDF/100.%20%5BSESSIONS%5D%20TERNAS_LISTAS_PARA_CLASSROOM/39_Sesion/3.%20PRAC-039_Recreaci%C3%B3n%20Visual%20de%20Recetas%20Caseras%20y%20Platos%20Tradicionales.pdf
,03. [PRAC] Talleres Prácticos con Gemini,[Sesión 40] PRAC - 040 Creación de Escudos Heráldicos y Blasones Familiares (PDF),Disponible en Sesión 40. Paso 3: Taller Práctico con Gemini (Transformación y creatividad aplicada). Acceso directo al recurso interactivo.,https://javiercursocorreo-gif.github.io/Curso-IA/CLASES/EXPORTACION_FICHAS_CLASSROOM_PDF/100.%20%5BSESSIONS%5D%20TERNAS_LISTAS_PARA_CLASSROOM/40_Sesion/3.%20PRAC-040_Creaci%C3%B3n%20de%20Escudos%20Her%C3%A1ldicos%20y%20Blasones%20Familiares.pdf
,03. [PRAC] Talleres Prácticos con Gemini,[Sesión 41] PRAC - 041 Diseño de Mosaicos y Azulejos Estilo Andaluz o Portugués (PDF),Disponible en Sesión 41. Paso 3: Taller Práctico con Gemini (Transformación y creatividad aplicada). Acceso directo al recurso interactivo.,https://javiercursocorreo-gif.github.io/Curso-IA/CLASES/EXPORTACION_FICHAS_CLASSROOM_PDF/100.%20%5BSESSIONS%5D%20TERNAS_LISTAS_PARA_CLASSROOM/41_Sesion/3.%20PRAC-041_Dise%C3%B1o%20de%20Mosaicos%20y%20Azulejos%20Estilo%20Andaluz%20o%20Portugu%C3%A9s.pdf
,03. [PRAC] Talleres Prácticos con Gemini,[Sesión 42] PRAC - 042 Simulación de Vidrieras para Lámparas o Ventanales (PDF),Disponible en Sesión 42. Paso 3: Taller Práctico con Gemini (Transformación y creatividad aplicada). Acceso directo al recurso interactivo.,https://javiercursocorreo-gif.github.io/Curso-IA/CLASES/EXPORTACION_FICHAS_CLASSROOM_PDF/100.%20%5BSESSIONS%5D%20TERNAS_LISTAS_PARA_CLASSROOM/42_Sesion/3.%20PRAC-042_Simulaci%C3%B3n%20de%20Vidrieras%20para%20L%C3%A1mparas%20o%20Ventanales.pdf
,03. [PRAC] Talleres Prácticos con Gemini,[Sesión 43] PRAC - 043 Creación de Carátulas y Portadas de Discos de Vinilo Clásicos (PDF),Disponible en Sesión 43. Paso 3: Taller Práctico con Gemini (Transformación y creatividad aplicada). Acceso directo al recurso interactivo.,https://javiercursocorreo-gif.github.io/Curso-IA/CLASES/EXPORTACION_FICHAS_CLASSROOM_PDF/100.%20%5BSESSIONS%5D%20TERNAS_LISTAS_PARA_CLASSROOM/43_Sesion/3.%20PRAC-043_Creaci%C3%B3n%20de%20Car%C3%A1tulas%20y%20Portadas%20de%20Discos%20de%20Vinilo%20Cl%C3%A1sicos.pdf
,03. [PRAC] Talleres Prácticos con Gemini,[Sesión 44] PRAC - 044 Diseño de Ex - Libris Personalizado para tu Biblioteca (PDF),Disponible en Sesión 44. Paso 3: Taller Práctico con Gemini (Transformación y creatividad aplicada). Acceso directo al recurso interactivo.,https://javiercursocorreo-gif.github.io/Curso-IA/CLASES/EXPORTACION_FICHAS_CLASSROOM_PDF/100.%20%5BSESSIONS%5D%20TERNAS_LISTAS_PARA_CLASSROOM/44_Sesion/3.%20PRAC-044_Dise%C3%B1o%20de%20Ex-Libris%20Personalizado%20para%20tu%20Biblioteca.pdf
,03. [PRAC] Talleres Prácticos con Gemini,[Sesión 45] PRAC - 045 Diseño de Sellos Postales y Conmemorativos Filatélicos (PDF),Disponible en Sesión 45. Paso 3: Taller Práctico con Gemini (Transformación y creatividad aplicada). Acceso directo al recurso interactivo.,https://javiercursocorreo-gif.github.io/Curso-IA/CLASES/EXPORTACION_FICHAS_CLASSROOM_PDF/100.%20%5BSESSIONS%5D%20TERNAS_LISTAS_PARA_CLASSROOM/45_Sesion/3.%20PRAC-045_Dise%C3%B1o%20de%20Sellos%20Postales%20y%20Conmemorativos%20Filat%C3%A9licos.pdf
,03. [PRAC] Talleres Prácticos con Gemini,[Sesión 46] PRAC - 046 Restauración y Coloreado de Carteles de Fiestas y Ferias Vintage (PDF),Disponible en Sesión 46. Paso 3: Taller Práctico con Gemini (Transformación y creatividad aplicada). Acceso directo al recurso interactivo.,https://javiercursocorreo-gif.github.io/Curso-IA/CLASES/EXPORTACION_FICHAS_CLASSROOM_PDF/100.%20%5BSESSIONS%5D%20TERNAS_LISTAS_PARA_CLASSROOM/46_Sesion/3.%20PRAC-046_Restauraci%C3%B3n%20y%20Coloreado%20de%20Carteles%20de%20Fiestas%20y%20Ferias%20Vintage.pdf
,03. [PRAC] Talleres Prácticos con Gemini,[Sesión 47] PRAC - 047 Creación de Tableros y Juegos de Mesa Personalizados (PDF),Disponible en Sesión 47. Paso 3: Taller Práctico con Gemini (Transformación y creatividad aplicada). Acceso directo al recurso interactivo.,https://javiercursocorreo-gif.github.io/Curso-IA/CLASES/EXPORTACION_FICHAS_CLASSROOM_PDF/100.%20%5BSESSIONS%5D%20TERNAS_LISTAS_PARA_CLASSROOM/47_Sesion/3.%20PRAC-047_Creaci%C3%B3n%20de%20Tableros%20y%20Juegos%20de%20Mesa%20Personalizados.pdf
,03. [PRAC] Talleres Prácticos con Gemini,[Sesión 48] PRAC - 048 Diseño de Caligrafía Artística y Letras Capitales Iluminadas (PDF),Disponible en Sesión 48. Paso 3: Taller Práctico con Gemini (Transformación y creatividad aplicada). Acceso directo al recurso interactivo.,https://javiercursocorreo-gif.github.io/Curso-IA/CLASES/EXPORTACION_FICHAS_CLASSROOM_PDF/100.%20%5BSESSIONS%5D%20TERNAS_LISTAS_PARA_CLASSROOM/48_Sesion/3.%20PRAC-048_Dise%C3%B1o%20de%20Caligraf%C3%ADa%20Art%C3%ADstica%20y%20Letras%20Capitales%20Iluminadas.pdf
,03. [PRAC] Talleres Prácticos con Gemini,[Sesión 49] PRAC - 049 Recreación de Indumentaria y Trajes Regionales Históricos (PDF),Disponible en Sesión 49. Paso 3: Taller Práctico con Gemini (Transformación y creatividad aplicada). Acceso directo al recurso interactivo.,https://javiercursocorreo-gif.github.io/Curso-IA/CLASES/EXPORTACION_FICHAS_CLASSROOM_PDF/100.%20%5BSESSIONS%5D%20TERNAS_LISTAS_PARA_CLASSROOM/49_Sesion/3.%20PRAC-049_Recreaci%C3%B3n%20de%20Indumentaria%20y%20Trajes%20Regionales%20Hist%C3%B3ricos.pdf
,03. [PRAC] Talleres Prácticos con Gemini,[Sesión 50] PRAC - 050 Diseño de Tarjetas de Visita y Jubilación Activa (PDF),Disponible en Sesión 50. Paso 3: Taller Práctico con Gemini (Transformación y creatividad aplicada). Acceso directo al recurso interactivo.,https://javiercursocorreo-gif.github.io/Curso-IA/CLASES/EXPORTACION_FICHAS_CLASSROOM_PDF/100.%20%5BSESSIONS%5D%20TERNAS_LISTAS_PARA_CLASSROOM/50_Sesion/3.%20PRAC-050_Dise%C3%B1o%20de%20Tarjetas%20de%20Visita%20y%20Jubilaci%C3%B3n%20Activa.pdf
,03. [PRAC] Talleres Prácticos con Gemini,[Sesión 51] PRAC - 051 Creación de Murales y Trampantojos Arquitectónicos (PDF),Disponible en Sesión 51. Paso 3: Taller Práctico con Gemini (Transformación y creatividad aplicada). Acceso directo al recurso interactivo.,https://javiercursocorreo-gif.github.io/Curso-IA/CLASES/EXPORTACION_FICHAS_CLASSROOM_PDF/100.%20%5BSESSIONS%5D%20TERNAS_LISTAS_PARA_CLASSROOM/51_Sesion/3.%20PRAC-051_Creaci%C3%B3n%20de%20Murales%20y%20Trampantojos%20Arquitect%C3%B3nicos.pdf
,03. [PRAC] Talleres Prácticos con Gemini,[Sesión 52] PRAC - 052 Diseño de Papel de Regalo Personalizado con Motivos Únicos (PDF),Disponible en Sesión 52. Paso 3: Taller Práctico con Gemini (Transformación y creatividad aplicada). Acceso directo al recurso interactivo.,https://javiercursocorreo-gif.github.io/Curso-IA/CLASES/EXPORTACION_FICHAS_CLASSROOM_PDF/100.%20%5BSESSIONS%5D%20TERNAS_LISTAS_PARA_CLASSROOM/52_Sesion/3.%20PRAC-052_Dise%C3%B1o%20de%20Papel%20de%20Regalo%20Personalizado%20con%20Motivos%20%C3%9Anicos.pdf
,03. [PRAC] Talleres Prácticos con Gemini,[Sesión 53] PRAC - 053 Ilustración Visual para Poemas y Canciones del Recuerdo (PDF),Disponible en Sesión 53. Paso 3: Taller Práctico con Gemini (Transformación y creatividad aplicada). Acceso directo al recurso interactivo.,https://javiercursocorreo-gif.github.io/Curso-IA/CLASES/EXPORTACION_FICHAS_CLASSROOM_PDF/100.%20%5BSESSIONS%5D%20TERNAS_LISTAS_PARA_CLASSROOM/53_Sesion/3.%20PRAC-053_Ilustraci%C3%B3n%20Visual%20para%20Poemas%20y%20Canciones%20del%20Recuerdo.pdf
,03. [PRAC] Talleres Prácticos con Gemini,[Sesión 54] PRAC - 054 Diseño de Maquetas Navales y Barcos de Época en Botella (PDF),Disponible en Sesión 54. Paso 3: Taller Práctico con Gemini (Transformación y creatividad aplicada). Acceso directo al recurso interactivo.,https://javiercursocorreo-gif.github.io/Curso-IA/CLASES/EXPORTACION_FICHAS_CLASSROOM_PDF/100.%20%5BSESSIONS%5D%20TERNAS_LISTAS_PARA_CLASSROOM/54_Sesion/3.%20PRAC-054_Dise%C3%B1o%20de%20Maquetas%20Navales%20y%20Barcos%20de%20%C3%89poca%20en%20Botella.pdf
,03. [PRAC] Talleres Prácticos con Gemini,[Sesión 55] PRAC - 055 Recreación de Escenas Teatrales e Iluminación de Escenario (PDF),Disponible en Sesión 55. Paso 3: Taller Práctico con Gemini (Transformación y creatividad aplicada). Acceso directo al recurso interactivo.,https://javiercursocorreo-gif.github.io/Curso-IA/CLASES/EXPORTACION_FICHAS_CLASSROOM_PDF/100.%20%5BSESSIONS%5D%20TERNAS_LISTAS_PARA_CLASSROOM/55_Sesion/3.%20PRAC-055_Recreaci%C3%B3n%20de%20Escenas%20Teatrales%20e%20Iluminaci%C3%B3n%20de%20Escenario.pdf
,03. [PRAC] Talleres Prácticos con Gemini,[Sesión 56] PRAC - 056 Creación de Catálogos Botánicos e Ilustración Científica al Acuar (PDF),Disponible en Sesión 56. Paso 3: Taller Práctico con Gemini (Transformación y creatividad aplicada). Acceso directo al recurso interactivo.,https://javiercursocorreo-gif.github.io/Curso-IA/CLASES/EXPORTACION_FICHAS_CLASSROOM_PDF/100.%20%5BSESSIONS%5D%20TERNAS_LISTAS_PARA_CLASSROOM/56_Sesion/3.%20PRAC-056_Creaci%C3%B3n%20de%20Cat%C3%A1logos%20Bot%C3%A1nicos%20e%20Ilustraci%C3%B3n%20Cient%C3%ADfica%20al%20Acuar.pdf
,03. [PRAC] Talleres Prácticos con Gemini,[Sesión 57] PRAC - 057 Diseño de Joyería Vintage y Broches en Plata y Nácar (PDF),Disponible en Sesión 57. Paso 3: Taller Práctico con Gemini (Transformación y creatividad aplicada). Acceso directo al recurso interactivo.,https://javiercursocorreo-gif.github.io/Curso-IA/CLASES/EXPORTACION_FICHAS_CLASSROOM_PDF/100.%20%5BSESSIONS%5D%20TERNAS_LISTAS_PARA_CLASSROOM/57_Sesion/3.%20PRAC-057_Dise%C3%B1o%20de%20Joyer%C3%ADa%20Vintage%20y%20Broches%20en%20Plata%20y%20N%C3%A1car.pdf
,03. [PRAC] Talleres Prácticos con Gemini,[Sesión 58] PRAC - 058 Creación de Banners de Bienvenida y Cabeceras para Redes Sociales (PDF),Disponible en Sesión 58. Paso 3: Taller Práctico con Gemini (Transformación y creatividad aplicada). Acceso directo al recurso interactivo.,https://javiercursocorreo-gif.github.io/Curso-IA/CLASES/EXPORTACION_FICHAS_CLASSROOM_PDF/100.%20%5BSESSIONS%5D%20TERNAS_LISTAS_PARA_CLASSROOM/58_Sesion/3.%20PRAC-058_Creaci%C3%B3n%20de%20Banners%20de%20Bienvenida%20y%20Cabeceras%20para%20Redes%20Sociales.pdf
,03. [PRAC] Talleres Prácticos con Gemini,[Sesión 59] PRAC - 059 Diseño de Trofeos y Medallas Conmemorativas para Eventos Familiar (PDF),Disponible en Sesión 59. Paso 3: Taller Práctico con Gemini (Transformación y creatividad aplicada). Acceso directo al recurso interactivo.,https://javiercursocorreo-gif.github.io/Curso-IA/CLASES/EXPORTACION_FICHAS_CLASSROOM_PDF/100.%20%5BSESSIONS%5D%20TERNAS_LISTAS_PARA_CLASSROOM/59_Sesion/3.%20PRAC-059_Dise%C3%B1o%20de%20Trofeos%20y%20Medallas%20Conmemorativas%20para%20Eventos%20Familiar.pdf
,03. [PRAC] Talleres Prácticos con Gemini,[Sesión 60] PRAC - 060 Proyecto Final ⭐ Tu Galería de Arte y Exposición Virtual (PDF),Disponible en Sesión 60. Paso 3: Taller Práctico con Gemini (Transformación y creatividad aplicada). Acceso directo al recurso interactivo.,https://javiercursocorreo-gif.github.io/Curso-IA/CLASES/EXPORTACION_FICHAS_CLASSROOM_PDF/100.%20%5BSESSIONS%5D%20TERNAS_LISTAS_PARA_CLASSROOM/60_Sesion_Cierre/3.%20PRAC-060_Proyecto%20Final%20%E2%AD%90_%20Tu%20Galer%C3%ADa%20de%20Arte%20y%20Exposici%C3%B3n%20Virtual.pdf
,04. [FRAC] Fractales en IA (Vídeos y Fichas),[Sesión 01] FRAC - 000 A Teoria Fractal (PDF),Disponible en Sesión 01. Paso 4: Geometría Fractal en IA (Visualización y asombro en aula). Acceso directo al recurso interactivo.,https://javiercursocorreo-gif.github.io/Curso-IA/CLASES/EXPORTACION_FICHAS_CLASSROOM_PDF/100.%20%5BSESSIONS%5D%20TERNAS_LISTAS_PARA_CLASSROOM/01_Sesion/4.%20FRAC-000_A_Teoria_Fractal.pdf
,04. [FRAC] Fractales en IA (Vídeos y Fichas),[Sesión 01] FRAC - 000 B Reto Visual (PDF),Disponible en Sesión 01. Paso 4: Geometría Fractal en IA (Visualización y asombro en aula). Acceso directo al recurso interactivo.,https://javiercursocorreo-gif.github.io/Curso-IA/CLASES/EXPORTACION_FICHAS_CLASSROOM_PDF/100.%20%5BSESSIONS%5D%20TERNAS_LISTAS_PARA_CLASSROOM/01_Sesion/4.%20FRAC-000_B_Reto_Visual.pdf
,04. [FRAC] Fractales en IA (Vídeos y Fichas),[Sesión 01] FRAC - 058 2. TÚ ERES UN FRACTAL (Biomimética) 🫁⚡ (MP4),Disponible en Sesión 01. Paso 4: Geometría Fractal en IA (Visualización y asombro en aula). Acceso directo al recurso interactivo.,https://javiercursocorreo-gif.github.io/Curso-IA/CLASES/EXPORTACION_FICHAS_CLASSROOM_PDF/100.%20%5BSESSIONS%5D%20TERNAS_LISTAS_PARA_CLASSROOM/01_Sesion/4.%20FRAC-058%202.%20T%C3%9A%20ERES%20UN%20FRACTAL%20%28Biomim%C3%A9tica%29%20%F0%9F%AB%81%E2%9A%A1.mp4
,04. [FRAC] Fractales en IA (Vídeos y Fichas),"[Sesión 01] FRAC - 058 Tú eres un Fractal (Pulmones, Bronquios y Sistema Circulatorio) (PDF)",Disponible en Sesión 01. Paso 4: Geometría Fractal en IA (Visualización y asombro en aula). Acceso directo al recurso interactivo.,https://javiercursocorreo-gif.github.io/Curso-IA/CLASES/EXPORTACION_FICHAS_CLASSROOM_PDF/100.%20%5BSESSIONS%5D%20TERNAS_LISTAS_PARA_CLASSROOM/01_Sesion/4.%20FRAC-058%20T%C3%BA%20eres%20un%20Fractal%20%28Pulmones%2C%20Bronquios%20y%20Sistema%20Circulatorio%29.pdf
,04. [FRAC] Fractales en IA (Vídeos y Fichas),[Sesión 02] FRAC - 001 0 A Teoria Matematica (PDF),Disponible en Sesión 02. Paso 4: Geometría Fractal en IA (Visualización y asombro en aula). Acceso directo al recurso interactivo.,https://javiercursocorreo-gif.github.io/Curso-IA/CLASES/EXPORTACION_FICHAS_CLASSROOM_PDF/100.%20%5BSESSIONS%5D%20TERNAS_LISTAS_PARA_CLASSROOM/02_Sesion/4.%20FRAC-001%200_A_Teoria_Matematica.pdf
,04. [FRAC] Fractales en IA (Vídeos y Fichas),[Sesión 02] FRAC - 001 0 B Reto Visual Matematico (PDF),Disponible en Sesión 02. Paso 4: Geometría Fractal en IA (Visualización y asombro en aula). Acceso directo al recurso interactivo.,https://javiercursocorreo-gif.github.io/Curso-IA/CLASES/EXPORTACION_FICHAS_CLASSROOM_PDF/100.%20%5BSESSIONS%5D%20TERNAS_LISTAS_PARA_CLASSROOM/02_Sesion/4.%20FRAC-001%200_B_Reto_Visual_Matematico.pdf
,04. [FRAC] Fractales en IA (Vídeos y Fichas),[Sesión 02] FRAC - 001 1. MandelBrot CascadaDeFeigenbaum (MP4),Disponible en Sesión 02. Paso 4: Geometría Fractal en IA (Visualización y asombro en aula). Acceso directo al recurso interactivo.,https://javiercursocorreo-gif.github.io/Curso-IA/CLASES/EXPORTACION_FICHAS_CLASSROOM_PDF/100.%20%5BSESSIONS%5D%20TERNAS_LISTAS_PARA_CLASSROOM/02_Sesion/4.%20FRAC-001%201.%20MandelBrot_CascadaDeFeigenbaum.mp4
,04. [FRAC] Fractales en IA (Vídeos y Fichas),[Sesión 02] FRAC - 001 1. MandelBrot CascadaDeFeigenbaum (PDF),Disponible en Sesión 02. Paso 4: Geometría Fractal en IA (Visualización y asombro en aula). Acceso directo al recurso interactivo.,https://javiercursocorreo-gif.github.io/Curso-IA/CLASES/EXPORTACION_FICHAS_CLASSROOM_PDF/100.%20%5BSESSIONS%5D%20TERNAS_LISTAS_PARA_CLASSROOM/02_Sesion/4.%20FRAC-001%201.%20MandelBrot_CascadaDeFeigenbaum.pdf
,04. [FRAC] Fractales en IA (Vídeos y Fichas),[Sesión 03] FRAC - 060 6. EL FRACTAL COMESTIBLE (Brécol Romanesco) 🥦🌀 (MP4),Disponible en Sesión 03. Paso 4: Geometría Fractal en IA (Visualización y asombro en aula). Acceso directo al recurso interactivo.,https://javiercursocorreo-gif.github.io/Curso-IA/CLASES/EXPORTACION_FICHAS_CLASSROOM_PDF/100.%20%5BSESSIONS%5D%20TERNAS_LISTAS_PARA_CLASSROOM/03_Sesion/4.%20FRAC-060%206.%20EL%20FRACTAL%20COMESTIBLE%20%28Br%C3%A9col%20Romanesco%29%20%F0%9F%A5%A6%F0%9F%8C%80.mp4
,04. [FRAC] Fractales en IA (Vídeos y Fichas),[Sesión 03] FRAC - 060 El Fractal Comestible (Brócoli Romanesco y Coliflor) (PDF),Disponible en Sesión 03. Paso 4: Geometría Fractal en IA (Visualización y asombro en aula). Acceso directo al recurso interactivo.,https://javiercursocorreo-gif.github.io/Curso-IA/CLASES/EXPORTACION_FICHAS_CLASSROOM_PDF/100.%20%5BSESSIONS%5D%20TERNAS_LISTAS_PARA_CLASSROOM/03_Sesion/4.%20FRAC-060%20El%20Fractal%20Comestible%20%28Br%C3%B3coli%20Romanesco%20y%20Coliflor%29.pdf
,04. [FRAC] Fractales en IA (Vídeos y Fichas),[Sesión 04] FRAC - 002 2. Mandelbrot ValleDeLosCaballitos (MP4),Disponible en Sesión 04. Paso 4: Geometría Fractal en IA (Visualización y asombro en aula). Acceso directo al recurso interactivo.,https://javiercursocorreo-gif.github.io/Curso-IA/CLASES/EXPORTACION_FICHAS_CLASSROOM_PDF/100.%20%5BSESSIONS%5D%20TERNAS_LISTAS_PARA_CLASSROOM/04_Sesion/4.%20FRAC-002%202.%20Mandelbrot_ValleDeLosCaballitos.mp4
,04. [FRAC] Fractales en IA (Vídeos y Fichas),[Sesión 04] FRAC - 002 2. Mandelbrot ValleDeLosCaballitos (PDF),Disponible en Sesión 04. Paso 4: Geometría Fractal en IA (Visualización y asombro en aula). Acceso directo al recurso interactivo.,https://javiercursocorreo-gif.github.io/Curso-IA/CLASES/EXPORTACION_FICHAS_CLASSROOM_PDF/100.%20%5BSESSIONS%5D%20TERNAS_LISTAS_PARA_CLASSROOM/04_Sesion/4.%20FRAC-002%202.%20Mandelbrot_ValleDeLosCaballitos.pdf
,04. [FRAC] Fractales en IA (Vídeos y Fichas),[Sesión 05] FRAC - 063 13. LA MÚSICA QUE GUSTA AL CEREBRO (Ruido Rosa) 🎵🏔️ (MP4),Disponible en Sesión 05. Paso 4: Geometría Fractal en IA (Visualización y asombro en aula). Acceso directo al recurso interactivo.,https://javiercursocorreo-gif.github.io/Curso-IA/CLASES/EXPORTACION_FICHAS_CLASSROOM_PDF/100.%20%5BSESSIONS%5D%20TERNAS_LISTAS_PARA_CLASSROOM/05_Sesion/4.%20FRAC-063%2013.%20LA%20M%C3%9ASICA%20QUE%20GUSTA%20AL%20CEREBRO%20%28Ruido%20Rosa%29%20%F0%9F%8E%B5%F0%9F%8F%94%EF%B8%8F.mp4
,04. [FRAC] Fractales en IA (Vídeos y Fichas),[Sesión 05] FRAC - 063 13. LA MÚSICA QUE GUSTA AL CEREBRO (Ruido Rosa) 🎵🏔️ (PDF),Disponible en Sesión 05. Paso 4: Geometría Fractal en IA (Visualización y asombro en aula). Acceso directo al recurso interactivo.,https://javiercursocorreo-gif.github.io/Curso-IA/CLASES/EXPORTACION_FICHAS_CLASSROOM_PDF/100.%20%5BSESSIONS%5D%20TERNAS_LISTAS_PARA_CLASSROOM/05_Sesion/4.%20FRAC-063%2013.%20LA%20M%C3%9ASICA%20QUE%20GUSTA%20AL%20CEREBRO%20%28Ruido%20Rosa%29%20%F0%9F%8E%B5%F0%9F%8F%94%EF%B8%8F.pdf
,04. [FRAC] Fractales en IA (Vídeos y Fichas),[Sesión 06] FRAC - 070 20. EL OJO DE LA TORMENTA Y DE LAS GALAXIA (MP4),Disponible en Sesión 06. Paso 4: Geometría Fractal en IA (Visualización y asombro en aula). Acceso directo al recurso interactivo.,https://javiercursocorreo-gif.github.io/Curso-IA/CLASES/EXPORTACION_FICHAS_CLASSROOM_PDF/100.%20%5BSESSIONS%5D%20TERNAS_LISTAS_PARA_CLASSROOM/06_Sesion/4.%20FRAC-070%2020.%20EL%20OJO%20DE%20LA%20TORMENTA%20Y%20DE%20LAS%20GALAXIA.mp4
,04. [FRAC] Fractales en IA (Vídeos y Fichas),[Sesión 06] FRAC - 070 20. EL OJO DE LA TORMENTA Y DE LAS GALAXIA (PDF),Disponible en Sesión 06. Paso 4: Geometría Fractal en IA (Visualización y asombro en aula). Acceso directo al recurso interactivo.,https://javiercursocorreo-gif.github.io/Curso-IA/CLASES/EXPORTACION_FICHAS_CLASSROOM_PDF/100.%20%5BSESSIONS%5D%20TERNAS_LISTAS_PARA_CLASSROOM/06_Sesion/4.%20FRAC-070%2020.%20EL%20OJO%20DE%20LA%20TORMENTA%20Y%20DE%20LAS%20GALAXIA.pdf
,04. [FRAC] Fractales en IA (Vídeos y Fichas),[Sesión 07] 5. NO. TU MÓVIL ES UN FRACTAL 📱📡 (MP4),Disponible en Sesión 07. Paso 4: Geometría Fractal en IA (Visualización y asombro en aula). Acceso directo al recurso interactivo.,https://javiercursocorreo-gif.github.io/Curso-IA/CLASES/EXPORTACION_FICHAS_CLASSROOM_PDF/100.%20%5BSESSIONS%5D%20TERNAS_LISTAS_PARA_CLASSROOM/07_Sesion/4.%205.%20NO.%20TU%20M%C3%93VIL%20ES%20UN%20FRACTAL%20%F0%9F%93%B1%F0%9F%93%A1.mp4
,04. [FRAC] Fractales en IA (Vídeos y Fichas),[Sesión 07] FRAC - 059 5. TU MÓVIL ES UN FRACTAL 📱📡 (PDF),Disponible en Sesión 07. Paso 4: Geometría Fractal en IA (Visualización y asombro en aula). Acceso directo al recurso interactivo.,https://javiercursocorreo-gif.github.io/Curso-IA/CLASES/EXPORTACION_FICHAS_CLASSROOM_PDF/100.%20%5BSESSIONS%5D%20TERNAS_LISTAS_PARA_CLASSROOM/07_Sesion/4.%20FRAC-059%205.%20TU%20M%C3%93VIL%20ES%20UN%20FRACTAL%20%F0%9F%93%B1%F0%9F%93%A1.pdf
,04. [FRAC] Fractales en IA (Vídeos y Fichas),[Sesión 08] FRAC - 056 12. EL ARTE VIO EL FUTURO (La Gran Ola) 🌊🎨 (MP4),Disponible en Sesión 08. Paso 4: Geometría Fractal en IA (Visualización y asombro en aula). Acceso directo al recurso interactivo.,https://javiercursocorreo-gif.github.io/Curso-IA/CLASES/EXPORTACION_FICHAS_CLASSROOM_PDF/100.%20%5BSESSIONS%5D%20TERNAS_LISTAS_PARA_CLASSROOM/08_Sesion/4.%20FRAC-056%2012.%20EL%20ARTE%20VIO%20EL%20FUTURO%20%28La%20Gran%20Ola%29%20%F0%9F%8C%8A%F0%9F%8E%A8%20.mp4
,04. [FRAC] Fractales en IA (Vídeos y Fichas),[Sesión 08] FRAC - 056 12. EL ARTE VIO EL FUTURO (La Gran Ola) 🌊🎨 (PDF),Disponible en Sesión 08. Paso 4: Geometría Fractal en IA (Visualización y asombro en aula). Acceso directo al recurso interactivo.,https://javiercursocorreo-gif.github.io/Curso-IA/CLASES/EXPORTACION_FICHAS_CLASSROOM_PDF/100.%20%5BSESSIONS%5D%20TERNAS_LISTAS_PARA_CLASSROOM/08_Sesion/4.%20FRAC-056%2012.%20EL%20ARTE%20VIO%20EL%20FUTURO%20%28La%20Gran%20Ola%29%20%F0%9F%8C%8A%F0%9F%8E%A8%20.pdf
,04. [FRAC] Fractales en IA (Vídeos y Fichas),[Sesión 09] FRAC - 069 19. CRISTALES DEBIDO AL ESPACIO (El Bismuto) (PDF),Disponible en Sesión 09. Paso 4: Geometría Fractal en IA (Visualización y asombro en aula). Acceso directo al recurso interactivo.,https://javiercursocorreo-gif.github.io/Curso-IA/CLASES/EXPORTACION_FICHAS_CLASSROOM_PDF/100.%20%5BSESSIONS%5D%20TERNAS_LISTAS_PARA_CLASSROOM/09_Sesion/4.%20FRAC-069%2019.%20CRISTALES%20DEBIDO%20AL%20ESPACIO%20%28El%20Bismuto%29.pdf
,04. [FRAC] Fractales en IA (Vídeos y Fichas),[Sesión 10] FRAC - 003 3. Mandelbrot Satelite (MP4),Disponible en Sesión 10. Paso 4: Geometría Fractal en IA (Visualización y asombro en aula). Acceso directo al recurso interactivo.,https://javiercursocorreo-gif.github.io/Curso-IA/CLASES/EXPORTACION_FICHAS_CLASSROOM_PDF/100.%20%5BSESSIONS%5D%20TERNAS_LISTAS_PARA_CLASSROOM/10_Sesion/4.%20FRAC-003%203.%20Mandelbrot_Satelite.mp4
,04. [FRAC] Fractales en IA (Vídeos y Fichas),[Sesión 10] FRAC - 003 3. Mandelbrot Satelite (PDF),Disponible en Sesión 10. Paso 4: Geometría Fractal en IA (Visualización y asombro en aula). Acceso directo al recurso interactivo.,https://javiercursocorreo-gif.github.io/Curso-IA/CLASES/EXPORTACION_FICHAS_CLASSROOM_PDF/100.%20%5BSESSIONS%5D%20TERNAS_LISTAS_PARA_CLASSROOM/10_Sesion/4.%20FRAC-003%203.%20Mandelbrot_Satelite.pdf
,04. [FRAC] Fractales en IA (Vídeos y Fichas),[Sesión 11] FRAC - 019 3.1 KochCopoDeNieve (PDF),Disponible en Sesión 11. Paso 4: Geometría Fractal en IA (Visualización y asombro en aula). Acceso directo al recurso interactivo.,https://javiercursocorreo-gif.github.io/Curso-IA/CLASES/EXPORTACION_FICHAS_CLASSROOM_PDF/100.%20%5BSESSIONS%5D%20TERNAS_LISTAS_PARA_CLASSROOM/11_Sesion/4.%20FRAC-019%203.1%20KochCopoDeNieve.pdf
,04. [FRAC] Fractales en IA (Vídeos y Fichas),[Sesión 11] FRAC - 019 3.2. KochIslaCopoDeNieveKoch (MP4),Disponible en Sesión 11. Paso 4: Geometría Fractal en IA (Visualización y asombro en aula). Acceso directo al recurso interactivo.,https://javiercursocorreo-gif.github.io/Curso-IA/CLASES/EXPORTACION_FICHAS_CLASSROOM_PDF/100.%20%5BSESSIONS%5D%20TERNAS_LISTAS_PARA_CLASSROOM/11_Sesion/4.%20FRAC-019%203.2.%20KochIslaCopoDeNieveKoch.mp4
,04. [FRAC] Fractales en IA (Vídeos y Fichas),[Sesión 12] FRAC - 004 4. Mandelbrot Misiurewicz v2 (PDF),Disponible en Sesión 12. Paso 4: Geometría Fractal en IA (Visualización y asombro en aula). Acceso directo al recurso interactivo.,https://javiercursocorreo-gif.github.io/Curso-IA/CLASES/EXPORTACION_FICHAS_CLASSROOM_PDF/100.%20%5BSESSIONS%5D%20TERNAS_LISTAS_PARA_CLASSROOM/12_Sesion/4.%20FRAC-004%204.%20Mandelbrot_Misiurewicz_v2.pdf
,04. [FRAC] Fractales en IA (Vídeos y Fichas),[Sesión 13] FRAC - 017 1. barnsley Helecho (MP4),Disponible en Sesión 13. Paso 4: Geometría Fractal en IA (Visualización y asombro en aula). Acceso directo al recurso interactivo.,https://javiercursocorreo-gif.github.io/Curso-IA/CLASES/EXPORTACION_FICHAS_CLASSROOM_PDF/100.%20%5BSESSIONS%5D%20TERNAS_LISTAS_PARA_CLASSROOM/13_Sesion/4.%20FRAC-017%201.%20barnsley_Helecho.mp4
,04. [FRAC] Fractales en IA (Vídeos y Fichas),[Sesión 13] FRAC - 017 1. barnsley Helecho (PDF),Disponible en Sesión 13. Paso 4: Geometría Fractal en IA (Visualización y asombro en aula). Acceso directo al recurso interactivo.,https://javiercursocorreo-gif.github.io/Curso-IA/CLASES/EXPORTACION_FICHAS_CLASSROOM_PDF/100.%20%5BSESSIONS%5D%20TERNAS_LISTAS_PARA_CLASSROOM/13_Sesion/4.%20FRAC-017%201.%20barnsley_Helecho.pdf
,04. [FRAC] Fractales en IA (Vídeos y Fichas),[Sesión 14] FRAC - 036 1.Dosel fractal:Planta digital (MP4),Disponible en Sesión 14. Paso 4: Geometría Fractal en IA (Visualización y asombro en aula). Acceso directo al recurso interactivo.,https://javiercursocorreo-gif.github.io/Curso-IA/CLASES/EXPORTACION_FICHAS_CLASSROOM_PDF/100.%20%5BSESSIONS%5D%20TERNAS_LISTAS_PARA_CLASSROOM/14_Sesion/4.%20FRAC-036%201.Dosel%20fractal%3APlanta%20digital.mp4
,04. [FRAC] Fractales en IA (Vídeos y Fichas),[Sesión 14] FRAC - 036 1.Dosel fractal:Planta digital (PDF),Disponible en Sesión 14. Paso 4: Geometría Fractal en IA (Visualización y asombro en aula). Acceso directo al recurso interactivo.,https://javiercursocorreo-gif.github.io/Curso-IA/CLASES/EXPORTACION_FICHAS_CLASSROOM_PDF/100.%20%5BSESSIONS%5D%20TERNAS_LISTAS_PARA_CLASSROOM/14_Sesion/4.%20FRAC-036%201.Dosel%20fractal%3APlanta%20digital.pdf
,04. [FRAC] Fractales en IA (Vídeos y Fichas),[Sesión 15] FRAC - 066 16. EL RAYO CONGELADO (Figuras de Lichtenberg) ⚡🌳 (MP4),Disponible en Sesión 15. Paso 4: Geometría Fractal en IA (Visualización y asombro en aula). Acceso directo al recurso interactivo.,https://javiercursocorreo-gif.github.io/Curso-IA/CLASES/EXPORTACION_FICHAS_CLASSROOM_PDF/100.%20%5BSESSIONS%5D%20TERNAS_LISTAS_PARA_CLASSROOM/15_Sesion/4.%20FRAC-066%2016.%20EL%20RAYO%20CONGELADO%20%28Figuras%20de%20Lichtenberg%29%20%E2%9A%A1%F0%9F%8C%B3.mp4
,04. [FRAC] Fractales en IA (Vídeos y Fichas),[Sesión 15] FRAC - 066 16. EL RAYO CONGELADO (Figuras de Lichtenberg) ⚡🌳 (PDF),Disponible en Sesión 15. Paso 4: Geometría Fractal en IA (Visualización y asombro en aula). Acceso directo al recurso interactivo.,https://javiercursocorreo-gif.github.io/Curso-IA/CLASES/EXPORTACION_FICHAS_CLASSROOM_PDF/100.%20%5BSESSIONS%5D%20TERNAS_LISTAS_PARA_CLASSROOM/15_Sesion/4.%20FRAC-066%2016.%20EL%20RAYO%20CONGELADO%20%28Figuras%20de%20Lichtenberg%29%20%E2%9A%A1%F0%9F%8C%B3.pdf
,04. [FRAC] Fractales en IA (Vídeos y Fichas),[Sesión 16] 5. NO. burningship fractal prores (MP4),Disponible en Sesión 16. Paso 4: Geometría Fractal en IA (Visualización y asombro en aula). Acceso directo al recurso interactivo.,https://javiercursocorreo-gif.github.io/Curso-IA/CLASES/EXPORTACION_FICHAS_CLASSROOM_PDF/100.%20%5BSESSIONS%5D%20TERNAS_LISTAS_PARA_CLASSROOM/16_Sesion/4.%205.%20NO.%20burningship_fractal_prores.mp4
,04. [FRAC] Fractales en IA (Vídeos y Fichas),[Sesión 16] FRAC - 005 5. burningship fractal prores (PDF),Disponible en Sesión 16. Paso 4: Geometría Fractal en IA (Visualización y asombro en aula). Acceso directo al recurso interactivo.,https://javiercursocorreo-gif.github.io/Curso-IA/CLASES/EXPORTACION_FICHAS_CLASSROOM_PDF/100.%20%5BSESSIONS%5D%20TERNAS_LISTAS_PARA_CLASSROOM/16_Sesion/4.%20FRAC-005%205.%20burningship_fractal_prores.pdf
,04. [FRAC] Fractales en IA (Vídeos y Fichas),[Sesión 17] FRAC - 065 15. EL CASO DE TU CORAZÓN (Ritmo Fractal) 🫀📉 (MP4),Disponible en Sesión 17. Paso 4: Geometría Fractal en IA (Visualización y asombro en aula). Acceso directo al recurso interactivo.,https://javiercursocorreo-gif.github.io/Curso-IA/CLASES/EXPORTACION_FICHAS_CLASSROOM_PDF/100.%20%5BSESSIONS%5D%20TERNAS_LISTAS_PARA_CLASSROOM/17_Sesion/4.%20FRAC-065%2015.%20EL%20CASO%20DE%20TU%20CORAZ%C3%93N%20%28Ritmo%20Fractal%29%20%F0%9F%AB%80%F0%9F%93%89.mp4
,04. [FRAC] Fractales en IA (Vídeos y Fichas),[Sesión 17] FRAC - 065 15. EL CASO DE TU CORAZÓN (Ritmo Fractal) 🫀📉 (PDF),Disponible en Sesión 17. Paso 4: Geometría Fractal en IA (Visualización y asombro en aula). Acceso directo al recurso interactivo.,https://javiercursocorreo-gif.github.io/Curso-IA/CLASES/EXPORTACION_FICHAS_CLASSROOM_PDF/100.%20%5BSESSIONS%5D%20TERNAS_LISTAS_PARA_CLASSROOM/17_Sesion/4.%20FRAC-065%2015.%20EL%20CASO%20DE%20TU%20CORAZ%C3%93N%20%28Ritmo%20Fractal%29%20%F0%9F%AB%80%F0%9F%93%89.pdf
,04. [FRAC] Fractales en IA (Vídeos y Fichas),[Sesión 18] FRAC - 061 Jackson Pollock y el Action Painting (PDF),Disponible en Sesión 18. Paso 4: Geometría Fractal en IA (Visualización y asombro en aula). Acceso directo al recurso interactivo.,https://javiercursocorreo-gif.github.io/Curso-IA/CLASES/EXPORTACION_FICHAS_CLASSROOM_PDF/100.%20%5BSESSIONS%5D%20TERNAS_LISTAS_PARA_CLASSROOM/18_Sesion/4.%20FRAC-061%20Jackson%20Pollock%20y%20el%20Action%20Painting.pdf
,04. [FRAC] Fractales en IA (Vídeos y Fichas),[Sesión 19] FRAC - 064 14. ARQUITECTURA SAGRADA (Templos Indues) 📐 (MP4),Disponible en Sesión 19. Paso 4: Geometría Fractal en IA (Visualización y asombro en aula). Acceso directo al recurso interactivo.,https://javiercursocorreo-gif.github.io/Curso-IA/CLASES/EXPORTACION_FICHAS_CLASSROOM_PDF/100.%20%5BSESSIONS%5D%20TERNAS_LISTAS_PARA_CLASSROOM/19_Sesion/4.%20FRAC-064%2014.%20ARQUITECTURA%20SAGRADA%20%28Templos%20Indues%29%20%F0%9F%93%90.mp4
,04. [FRAC] Fractales en IA (Vídeos y Fichas),[Sesión 19] FRAC - 064 14. ARQUITECTURA SAGRADA (Templos Indues) 📐 (PDF),Disponible en Sesión 19. Paso 4: Geometría Fractal en IA (Visualización y asombro en aula). Acceso directo al recurso interactivo.,https://javiercursocorreo-gif.github.io/Curso-IA/CLASES/EXPORTACION_FICHAS_CLASSROOM_PDF/100.%20%5BSESSIONS%5D%20TERNAS_LISTAS_PARA_CLASSROOM/19_Sesion/4.%20FRAC-064%2014.%20ARQUITECTURA%20SAGRADA%20%28Templos%20Indues%29%20%F0%9F%93%90.pdf
,04. [FRAC] Fractales en IA (Vídeos y Fichas),[Sesión 20] FRAC - 072 22. LOS PULMONES DEL PLANETA (Cuencas Fluviales) (MP4),Disponible en Sesión 20. Paso 4: Geometría Fractal en IA (Visualización y asombro en aula). Acceso directo al recurso interactivo.,https://javiercursocorreo-gif.github.io/Curso-IA/CLASES/EXPORTACION_FICHAS_CLASSROOM_PDF/100.%20%5BSESSIONS%5D%20TERNAS_LISTAS_PARA_CLASSROOM/20_Sesion/4.%20FRAC-072%2022.%20LOS%20PULMONES%20DEL%20PLANETA%20%28Cuencas%20Fluviales%29.mp4
,04. [FRAC] Fractales en IA (Vídeos y Fichas),[Sesión 20] FRAC - 072 22. LOS PULMONES DEL PLANETA (Cuencas Fluviales) (PDF),Disponible en Sesión 20. Paso 4: Geometría Fractal en IA (Visualización y asombro en aula). Acceso directo al recurso interactivo.,https://javiercursocorreo-gif.github.io/Curso-IA/CLASES/EXPORTACION_FICHAS_CLASSROOM_PDF/100.%20%5BSESSIONS%5D%20TERNAS_LISTAS_PARA_CLASSROOM/20_Sesion/4.%20FRAC-072%2022.%20LOS%20PULMONES%20DEL%20PLANETA%20%28Cuencas%20Fluviales%29.pdf
,04. [FRAC] Fractales en IA (Vídeos y Fichas),[Sesión 21] FRAC - 049 MandelbulbCubico (MP4),Disponible en Sesión 21. Paso 4: Geometría Fractal en IA (Visualización y asombro en aula). Acceso directo al recurso interactivo.,https://javiercursocorreo-gif.github.io/Curso-IA/CLASES/EXPORTACION_FICHAS_CLASSROOM_PDF/100.%20%5BSESSIONS%5D%20TERNAS_LISTAS_PARA_CLASSROOM/21_Sesion/4.%20FRAC-049%20MandelbulbCubico.mp4
,04. [FRAC] Fractales en IA (Vídeos y Fichas),[Sesión 21] FRAC - 049 MandelbulbCubico (PDF),Disponible en Sesión 21. Paso 4: Geometría Fractal en IA (Visualización y asombro en aula). Acceso directo al recurso interactivo.,https://javiercursocorreo-gif.github.io/Curso-IA/CLASES/EXPORTACION_FICHAS_CLASSROOM_PDF/100.%20%5BSESSIONS%5D%20TERNAS_LISTAS_PARA_CLASSROOM/21_Sesion/4.%20FRAC-049%20MandelbulbCubico.pdf
,04. [FRAC] Fractales en IA (Vídeos y Fichas),[Sesión 22] FRAC - 055 4. LA GALERÍA DE LOS MONSTRUOS 👹🖼️ (MP4),Disponible en Sesión 22. Paso 4: Geometría Fractal en IA (Visualización y asombro en aula). Acceso directo al recurso interactivo.,https://javiercursocorreo-gif.github.io/Curso-IA/CLASES/EXPORTACION_FICHAS_CLASSROOM_PDF/100.%20%5BSESSIONS%5D%20TERNAS_LISTAS_PARA_CLASSROOM/22_Sesion/4.%20FRAC-055%204.%20LA%20GALER%C3%8DA%20DE%20LOS%20MONSTRUOS%20%F0%9F%91%B9%F0%9F%96%BC%EF%B8%8F.mp4
,04. [FRAC] Fractales en IA (Vídeos y Fichas),[Sesión 22] FRAC - 055 Los Monstruos de las Matemáticas (PDF),Disponible en Sesión 22. Paso 4: Geometría Fractal en IA (Visualización y asombro en aula). Acceso directo al recurso interactivo.,https://javiercursocorreo-gif.github.io/Curso-IA/CLASES/EXPORTACION_FICHAS_CLASSROOM_PDF/100.%20%5BSESSIONS%5D%20TERNAS_LISTAS_PARA_CLASSROOM/22_Sesion/4.%20FRAC-055%20Los%20Monstruos%20de%20las%20Matem%C3%A1ticas.pdf
,04. [FRAC] Fractales en IA (Vídeos y Fichas),[Sesión 23] FRAC - 022 6.1 SierpinskiTriángulo 1 (MP4),Disponible en Sesión 23. Paso 4: Geometría Fractal en IA (Visualización y asombro en aula). Acceso directo al recurso interactivo.,https://javiercursocorreo-gif.github.io/Curso-IA/CLASES/EXPORTACION_FICHAS_CLASSROOM_PDF/100.%20%5BSESSIONS%5D%20TERNAS_LISTAS_PARA_CLASSROOM/23_Sesion/4.%20FRAC-022%206.1%20SierpinskiTri%C3%A1ngulo_1.mp4
,04. [FRAC] Fractales en IA (Vídeos y Fichas),[Sesión 23] FRAC - 022 6.1 SierpinskiTriángulo 1 (PDF),Disponible en Sesión 23. Paso 4: Geometría Fractal en IA (Visualización y asombro en aula). Acceso directo al recurso interactivo.,https://javiercursocorreo-gif.github.io/Curso-IA/CLASES/EXPORTACION_FICHAS_CLASSROOM_PDF/100.%20%5BSESSIONS%5D%20TERNAS_LISTAS_PARA_CLASSROOM/23_Sesion/4.%20FRAC-022%206.1%20SierpinskiTri%C3%A1ngulo_1.pdf
,04. [FRAC] Fractales en IA (Vídeos y Fichas),[Sesión 24] FRAC - 048 Mandelbox (MP4),Disponible en Sesión 24. Paso 4: Geometría Fractal en IA (Visualización y asombro en aula). Acceso directo al recurso interactivo.,https://javiercursocorreo-gif.github.io/Curso-IA/CLASES/EXPORTACION_FICHAS_CLASSROOM_PDF/100.%20%5BSESSIONS%5D%20TERNAS_LISTAS_PARA_CLASSROOM/24_Sesion/4.%20FRAC-048%20Mandelbox.mp4
,04. [FRAC] Fractales en IA (Vídeos y Fichas),[Sesión 24] FRAC - 048 Mandelbox (PDF),Disponible en Sesión 24. Paso 4: Geometría Fractal en IA (Visualización y asombro en aula). Acceso directo al recurso interactivo.,https://javiercursocorreo-gif.github.io/Curso-IA/CLASES/EXPORTACION_FICHAS_CLASSROOM_PDF/100.%20%5BSESSIONS%5D%20TERNAS_LISTAS_PARA_CLASSROOM/24_Sesion/4.%20FRAC-048%20Mandelbox.pdf
,04. [FRAC] Fractales en IA (Vídeos y Fichas),[Sesión 25] FRAC - 006 J1. Julia Conejo Douady v1 (MP4),Disponible en Sesión 25. Paso 4: Geometría Fractal en IA (Visualización y asombro en aula). Acceso directo al recurso interactivo.,https://javiercursocorreo-gif.github.io/Curso-IA/CLASES/EXPORTACION_FICHAS_CLASSROOM_PDF/100.%20%5BSESSIONS%5D%20TERNAS_LISTAS_PARA_CLASSROOM/25_Sesion/4.%20FRAC-006%20J1.%20Julia_Conejo_Douady_v1.mp4
,04. [FRAC] Fractales en IA (Vídeos y Fichas),[Sesión 25] FRAC - 006 J1. Julia Conejo Douady v1 (PDF),Disponible en Sesión 25. Paso 4: Geometría Fractal en IA (Visualización y asombro en aula). Acceso directo al recurso interactivo.,https://javiercursocorreo-gif.github.io/Curso-IA/CLASES/EXPORTACION_FICHAS_CLASSROOM_PDF/100.%20%5BSESSIONS%5D%20TERNAS_LISTAS_PARA_CLASSROOM/25_Sesion/4.%20FRAC-006%20J1.%20Julia_Conejo_Douady_v1.pdf
,04. [FRAC] Fractales en IA (Vídeos y Fichas),[Sesión 26] FRAC - 007 J2.1 Julia Dendrita DeepZoom DIRECTO v1 (MP4),Disponible en Sesión 26. Paso 4: Geometría Fractal en IA (Visualización y asombro en aula). Acceso directo al recurso interactivo.,https://javiercursocorreo-gif.github.io/Curso-IA/CLASES/EXPORTACION_FICHAS_CLASSROOM_PDF/100.%20%5BSESSIONS%5D%20TERNAS_LISTAS_PARA_CLASSROOM/26_Sesion/4.%20FRAC-007%20J2.1%20Julia_Dendrita_DeepZoom_DIRECTO_v1.mp4
,04. [FRAC] Fractales en IA (Vídeos y Fichas),[Sesión 26] FRAC - 007 J2.1 Julia Dendrita DeepZoom DIRECTO v1 (PDF),Disponible en Sesión 26. Paso 4: Geometría Fractal en IA (Visualización y asombro en aula). Acceso directo al recurso interactivo.,https://javiercursocorreo-gif.github.io/Curso-IA/CLASES/EXPORTACION_FICHAS_CLASSROOM_PDF/100.%20%5BSESSIONS%5D%20TERNAS_LISTAS_PARA_CLASSROOM/26_Sesion/4.%20FRAC-007%20J2.1%20Julia_Dendrita_DeepZoom_DIRECTO_v1.pdf
,04. [FRAC] Fractales en IA (Vídeos y Fichas),[Sesión 27] FRAC - 046 Giroide (MP4),Disponible en Sesión 27. Paso 4: Geometría Fractal en IA (Visualización y asombro en aula). Acceso directo al recurso interactivo.,https://javiercursocorreo-gif.github.io/Curso-IA/CLASES/EXPORTACION_FICHAS_CLASSROOM_PDF/100.%20%5BSESSIONS%5D%20TERNAS_LISTAS_PARA_CLASSROOM/27_Sesion/4.%20FRAC-046%20Giroide.mp4
,04. [FRAC] Fractales en IA (Vídeos y Fichas),[Sesión 27] FRAC - 046 Giroide (PDF),Disponible en Sesión 27. Paso 4: Geometría Fractal en IA (Visualización y asombro en aula). Acceso directo al recurso interactivo.,https://javiercursocorreo-gif.github.io/Curso-IA/CLASES/EXPORTACION_FICHAS_CLASSROOM_PDF/100.%20%5BSESSIONS%5D%20TERNAS_LISTAS_PARA_CLASSROOM/27_Sesion/4.%20FRAC-046%20Giroide.pdf
,04. [FRAC] Fractales en IA (Vídeos y Fichas),[Sesión 28] FRAC - 020 4. MengerEsponja (PDF),Disponible en Sesión 28. Paso 4: Geometría Fractal en IA (Visualización y asombro en aula). Acceso directo al recurso interactivo.,https://javiercursocorreo-gif.github.io/Curso-IA/CLASES/EXPORTACION_FICHAS_CLASSROOM_PDF/100.%20%5BSESSIONS%5D%20TERNAS_LISTAS_PARA_CLASSROOM/28_Sesion/4.%20FRAC-020%204.%20MengerEsponja.pdf
,04. [FRAC] Fractales en IA (Vídeos y Fichas),"[Sesión 28] FRAC - 020 8. SUPERFICIE INFINITA, VOLUMEN CERO (Esponja de Menger) (MP4)",Disponible en Sesión 28. Paso 4: Geometría Fractal en IA (Visualización y asombro en aula). Acceso directo al recurso interactivo.,https://javiercursocorreo-gif.github.io/Curso-IA/CLASES/EXPORTACION_FICHAS_CLASSROOM_PDF/100.%20%5BSESSIONS%5D%20TERNAS_LISTAS_PARA_CLASSROOM/28_Sesion/4.%20FRAC-020%208.%20SUPERFICIE%20INFINITA%2C%20VOLUMEN%20CERO%20%28Esponja%20de%20Menger%29%20.mp4
,04. [FRAC] Fractales en IA (Vídeos y Fichas),[Sesión 29] FRAC - 026 13. CurvaDeDragon (MP4),Disponible en Sesión 29. Paso 4: Geometría Fractal en IA (Visualización y asombro en aula). Acceso directo al recurso interactivo.,https://javiercursocorreo-gif.github.io/Curso-IA/CLASES/EXPORTACION_FICHAS_CLASSROOM_PDF/100.%20%5BSESSIONS%5D%20TERNAS_LISTAS_PARA_CLASSROOM/29_Sesion/4.%20FRAC-026%2013.%20CurvaDeDragon.mp4
,04. [FRAC] Fractales en IA (Vídeos y Fichas),[Sesión 29] FRAC - 026 13. CurvaDeDragon (PDF),Disponible en Sesión 29. Paso 4: Geometría Fractal en IA (Visualización y asombro en aula). Acceso directo al recurso interactivo.,https://javiercursocorreo-gif.github.io/Curso-IA/CLASES/EXPORTACION_FICHAS_CLASSROOM_PDF/100.%20%5BSESSIONS%5D%20TERNAS_LISTAS_PARA_CLASSROOM/29_Sesion/4.%20FRAC-026%2013.%20CurvaDeDragon.pdf
,04. [FRAC] Fractales en IA (Vídeos y Fichas),[Sesión 30] FRAC - 068 18. ÁFRICA Y EL CÓDIGO BINARIO (Etnomatemáticas) (PDF),Disponible en Sesión 30. Paso 4: Geometría Fractal en IA (Visualización y asombro en aula). Acceso directo al recurso interactivo.,https://javiercursocorreo-gif.github.io/Curso-IA/CLASES/EXPORTACION_FICHAS_CLASSROOM_PDF/100.%20%5BSESSIONS%5D%20TERNAS_LISTAS_PARA_CLASSROOM/30_Sesion/4.%20FRAC-068%2018.%20%C3%81FRICA%20Y%20EL%20C%C3%93DIGO%20BINARIO%20%28Etnomatem%C3%A1ticas%29.pdf
,04. [FRAC] Fractales en IA (Vídeos y Fichas),[Sesión 31] FRAC - 035 24. Gosper Curve Rainbow (MP4),Disponible en Sesión 31. Paso 4: Geometría Fractal en IA (Visualización y asombro en aula). Acceso directo al recurso interactivo.,https://javiercursocorreo-gif.github.io/Curso-IA/CLASES/EXPORTACION_FICHAS_CLASSROOM_PDF/100.%20%5BSESSIONS%5D%20TERNAS_LISTAS_PARA_CLASSROOM/31_Sesion/4.%20FRAC-035%2024.%20Gosper_Curve_Rainbow.mp4
,04. [FRAC] Fractales en IA (Vídeos y Fichas),[Sesión 31] FRAC - 035 24. Gosper Curve Rainbow (PDF),Disponible en Sesión 31. Paso 4: Geometría Fractal en IA (Visualización y asombro en aula). Acceso directo al recurso interactivo.,https://javiercursocorreo-gif.github.io/Curso-IA/CLASES/EXPORTACION_FICHAS_CLASSROOM_PDF/100.%20%5BSESSIONS%5D%20TERNAS_LISTAS_PARA_CLASSROOM/31_Sesion/4.%20FRAC-035%2024.%20Gosper_Curve_Rainbow.pdf
,04. [FRAC] Fractales en IA (Vídeos y Fichas),[Sesión 32] FRAC - 039 6. Cristal Fractal (MP4),Disponible en Sesión 32. Paso 4: Geometría Fractal en IA (Visualización y asombro en aula). Acceso directo al recurso interactivo.,https://javiercursocorreo-gif.github.io/Curso-IA/CLASES/EXPORTACION_FICHAS_CLASSROOM_PDF/100.%20%5BSESSIONS%5D%20TERNAS_LISTAS_PARA_CLASSROOM/32_Sesion/4.%20FRAC-039%206.%20Cristal_Fractal.mp4
,04. [FRAC] Fractales en IA (Vídeos y Fichas),[Sesión 32] FRAC - 039 6. Cristal Fractal (PDF),Disponible en Sesión 32. Paso 4: Geometría Fractal en IA (Visualización y asombro en aula). Acceso directo al recurso interactivo.,https://javiercursocorreo-gif.github.io/Curso-IA/CLASES/EXPORTACION_FICHAS_CLASSROOM_PDF/100.%20%5BSESSIONS%5D%20TERNAS_LISTAS_PARA_CLASSROOM/32_Sesion/4.%20FRAC-039%206.%20Cristal_Fractal.pdf
,04. [FRAC] Fractales en IA (Vídeos y Fichas),[Sesión 33] 23. NO. BACH ERA UN CREADOR DE FRACTALES (MP4),Disponible en Sesión 33. Paso 4: Geometría Fractal en IA (Visualización y asombro en aula). Acceso directo al recurso interactivo.,https://javiercursocorreo-gif.github.io/Curso-IA/CLASES/EXPORTACION_FICHAS_CLASSROOM_PDF/100.%20%5BSESSIONS%5D%20TERNAS_LISTAS_PARA_CLASSROOM/33_Sesion/4.%2023.%20NO.%20BACH%20ERA%20UN%20CREADOR%20DE%20FRACTALES.mp4
,04. [FRAC] Fractales en IA (Vídeos y Fichas),[Sesión 33] FRAC - 073 23. BACH ERA UN CREADOR DE FRACTALES (PDF),Disponible en Sesión 33. Paso 4: Geometría Fractal en IA (Visualización y asombro en aula). Acceso directo al recurso interactivo.,https://javiercursocorreo-gif.github.io/Curso-IA/CLASES/EXPORTACION_FICHAS_CLASSROOM_PDF/100.%20%5BSESSIONS%5D%20TERNAS_LISTAS_PARA_CLASSROOM/33_Sesion/4.%20FRAC-073%2023.%20BACH%20ERA%20UN%20CREADOR%20DE%20FRACTALES.pdf
,04. [FRAC] Fractales en IA (Vídeos y Fichas),[Sesión 34] FRAC - 044 lorenz attractor prores (MP4),Disponible en Sesión 34. Paso 4: Geometría Fractal en IA (Visualización y asombro en aula). Acceso directo al recurso interactivo.,https://javiercursocorreo-gif.github.io/Curso-IA/CLASES/EXPORTACION_FICHAS_CLASSROOM_PDF/100.%20%5BSESSIONS%5D%20TERNAS_LISTAS_PARA_CLASSROOM/34_Sesion/4.%20FRAC-044%20lorenz_attractor_prores.mp4
,04. [FRAC] Fractales en IA (Vídeos y Fichas),[Sesión 34] FRAC - 044 Lorenz Neon Rotatorio 60sg (PDF),Disponible en Sesión 34. Paso 4: Geometría Fractal en IA (Visualización y asombro en aula). Acceso directo al recurso interactivo.,https://javiercursocorreo-gif.github.io/Curso-IA/CLASES/EXPORTACION_FICHAS_CLASSROOM_PDF/100.%20%5BSESSIONS%5D%20TERNAS_LISTAS_PARA_CLASSROOM/34_Sesion/4.%20FRAC-044%20Lorenz_Neon_Rotatorio_60sg.pdf
,04. [FRAC] Fractales en IA (Vídeos y Fichas),[Sesión 35] FRAC - 045 Thomas Growth Draw v1 (MP4),Disponible en Sesión 35. Paso 4: Geometría Fractal en IA (Visualización y asombro en aula). Acceso directo al recurso interactivo.,https://javiercursocorreo-gif.github.io/Curso-IA/CLASES/EXPORTACION_FICHAS_CLASSROOM_PDF/100.%20%5BSESSIONS%5D%20TERNAS_LISTAS_PARA_CLASSROOM/35_Sesion/4.%20FRAC-045%20Thomas_Growth_Draw_v1.mp4
,04. [FRAC] Fractales en IA (Vídeos y Fichas),[Sesión 35] FRAC - 045 Thomas Growth Draw v1 (PDF),Disponible en Sesión 35. Paso 4: Geometría Fractal en IA (Visualización y asombro en aula). Acceso directo al recurso interactivo.,https://javiercursocorreo-gif.github.io/Curso-IA/CLASES/EXPORTACION_FICHAS_CLASSROOM_PDF/100.%20%5BSESSIONS%5D%20TERNAS_LISTAS_PARA_CLASSROOM/35_Sesion/4.%20FRAC-045%20Thomas_Growth_Draw_v1.pdf
,04. [FRAC] Fractales en IA (Vídeos y Fichas),[Sesión 36] FRAC - 050 QuaternionMandelbrot (PDF),Disponible en Sesión 36. Paso 4: Geometría Fractal en IA (Visualización y asombro en aula). Acceso directo al recurso interactivo.,https://javiercursocorreo-gif.github.io/Curso-IA/CLASES/EXPORTACION_FICHAS_CLASSROOM_PDF/100.%20%5BSESSIONS%5D%20TERNAS_LISTAS_PARA_CLASSROOM/36_Sesion/4.%20FRAC-050%20QuaternionMandelbrot.pdf
,04. [FRAC] Fractales en IA (Vídeos y Fichas),[Sesión 36] FRAC - 050 QuaternionMandelbrotGold (MP4),Disponible en Sesión 36. Paso 4: Geometría Fractal en IA (Visualización y asombro en aula). Acceso directo al recurso interactivo.,https://javiercursocorreo-gif.github.io/Curso-IA/CLASES/EXPORTACION_FICHAS_CLASSROOM_PDF/100.%20%5BSESSIONS%5D%20TERNAS_LISTAS_PARA_CLASSROOM/36_Sesion/4.%20FRAC-050%20QuaternionMandelbrotGold.mp4
,04. [FRAC] Fractales en IA (Vídeos y Fichas),[Sesión 37] FRAC - 023 7.1. ApolonioTamiz gold (MP4),Disponible en Sesión 37. Paso 4: Geometría Fractal en IA (Visualización y asombro en aula). Acceso directo al recurso interactivo.,https://javiercursocorreo-gif.github.io/Curso-IA/CLASES/EXPORTACION_FICHAS_CLASSROOM_PDF/100.%20%5BSESSIONS%5D%20TERNAS_LISTAS_PARA_CLASSROOM/37_Sesion/4.%20FRAC-023%207.1.%20ApolonioTamiz_gold.mp4
,04. [FRAC] Fractales en IA (Vídeos y Fichas),[Sesión 37] FRAC - 023 7.1. ApolonioTamiz gold (PDF),Disponible en Sesión 37. Paso 4: Geometría Fractal en IA (Visualización y asombro en aula). Acceso directo al recurso interactivo.,https://javiercursocorreo-gif.github.io/Curso-IA/CLASES/EXPORTACION_FICHAS_CLASSROOM_PDF/100.%20%5BSESSIONS%5D%20TERNAS_LISTAS_PARA_CLASSROOM/37_Sesion/4.%20FRAC-023%207.1.%20ApolonioTamiz_gold.pdf
,04. [FRAC] Fractales en IA (Vídeos y Fichas),[Sesión 38] FRAC - 008 J3. Julia Z3 NEON v1 (MP4),Disponible en Sesión 38. Paso 4: Geometría Fractal en IA (Visualización y asombro en aula). Acceso directo al recurso interactivo.,https://javiercursocorreo-gif.github.io/Curso-IA/CLASES/EXPORTACION_FICHAS_CLASSROOM_PDF/100.%20%5BSESSIONS%5D%20TERNAS_LISTAS_PARA_CLASSROOM/38_Sesion/4.%20FRAC-008%20J3.%20Julia_Z3_NEON_v1.mp4
,04. [FRAC] Fractales en IA (Vídeos y Fichas),[Sesión 38] FRAC - 008 J3. Julia Z3 NEON v1 (PDF),Disponible en Sesión 38. Paso 4: Geometría Fractal en IA (Visualización y asombro en aula). Acceso directo al recurso interactivo.,https://javiercursocorreo-gif.github.io/Curso-IA/CLASES/EXPORTACION_FICHAS_CLASSROOM_PDF/100.%20%5BSESSIONS%5D%20TERNAS_LISTAS_PARA_CLASSROOM/38_Sesion/4.%20FRAC-008%20J3.%20Julia_Z3_NEON_v1.pdf
,04. [FRAC] Fractales en IA (Vídeos y Fichas),[Sesión 39] FRAC - 051 mandelbulb obsidian 30s (MP4),Disponible en Sesión 39. Paso 4: Geometría Fractal en IA (Visualización y asombro en aula). Acceso directo al recurso interactivo.,https://javiercursocorreo-gif.github.io/Curso-IA/CLASES/EXPORTACION_FICHAS_CLASSROOM_PDF/100.%20%5BSESSIONS%5D%20TERNAS_LISTAS_PARA_CLASSROOM/39_Sesion/4.%20FRAC-051%20mandelbulb_obsidian_30s.mp4
,04. [FRAC] Fractales en IA (Vídeos y Fichas),[Sesión 39] FRAC - 051 mandelbulb obsidian 30s (PDF),Disponible en Sesión 39. Paso 4: Geometría Fractal en IA (Visualización y asombro en aula). Acceso directo al recurso interactivo.,https://javiercursocorreo-gif.github.io/Curso-IA/CLASES/EXPORTACION_FICHAS_CLASSROOM_PDF/100.%20%5BSESSIONS%5D%20TERNAS_LISTAS_PARA_CLASSROOM/39_Sesion/4.%20FRAC-051%20mandelbulb_obsidian_30s.pdf
,04. [FRAC] Fractales en IA (Vídeos y Fichas),[Sesión 40] FRAC - 034 18.Peano Curve Reel (MP4),Disponible en Sesión 40. Paso 4: Geometría Fractal en IA (Visualización y asombro en aula). Acceso directo al recurso interactivo.,https://javiercursocorreo-gif.github.io/Curso-IA/CLASES/EXPORTACION_FICHAS_CLASSROOM_PDF/100.%20%5BSESSIONS%5D%20TERNAS_LISTAS_PARA_CLASSROOM/40_Sesion/4.%20FRAC-034%2018.Peano_Curve_Reel.mp4
,04. [FRAC] Fractales en IA (Vídeos y Fichas),[Sesión 40] FRAC - 034 18.Peano Curve Reel (PDF),Disponible en Sesión 40. Paso 4: Geometría Fractal en IA (Visualización y asombro en aula). Acceso directo al recurso interactivo.,https://javiercursocorreo-gif.github.io/Curso-IA/CLASES/EXPORTACION_FICHAS_CLASSROOM_PDF/100.%20%5BSESSIONS%5D%20TERNAS_LISTAS_PARA_CLASSROOM/40_Sesion/4.%20FRAC-034%2018.Peano_Curve_Reel.pdf
,04. [FRAC] Fractales en IA (Vídeos y Fichas),[Sesión 41] FRAC - 010 J5. Julia Sine Deep Neon 30s v1 (MP4),Disponible en Sesión 41. Paso 4: Geometría Fractal en IA (Visualización y asombro en aula). Acceso directo al recurso interactivo.,https://javiercursocorreo-gif.github.io/Curso-IA/CLASES/EXPORTACION_FICHAS_CLASSROOM_PDF/100.%20%5BSESSIONS%5D%20TERNAS_LISTAS_PARA_CLASSROOM/41_Sesion/4.%20FRAC-010%20J5.%20Julia_Sine_Deep_Neon_30s_v1.mp4
,04. [FRAC] Fractales en IA (Vídeos y Fichas),[Sesión 41] FRAC - 010 J5. Julia Sine Deep Neon 30s v1 (PDF),Disponible en Sesión 41. Paso 4: Geometría Fractal en IA (Visualización y asombro en aula). Acceso directo al recurso interactivo.,https://javiercursocorreo-gif.github.io/Curso-IA/CLASES/EXPORTACION_FICHAS_CLASSROOM_PDF/100.%20%5BSESSIONS%5D%20TERNAS_LISTAS_PARA_CLASSROOM/41_Sesion/4.%20FRAC-010%20J5.%20Julia_Sine_Deep_Neon_30s_v1.pdf
,04. [FRAC] Fractales en IA (Vídeos y Fichas),[Sesión 42] FRAC - 012 N1. Newton Elegant v1 (MP4),Disponible en Sesión 42. Paso 4: Geometría Fractal en IA (Visualización y asombro en aula). Acceso directo al recurso interactivo.,https://javiercursocorreo-gif.github.io/Curso-IA/CLASES/EXPORTACION_FICHAS_CLASSROOM_PDF/100.%20%5BSESSIONS%5D%20TERNAS_LISTAS_PARA_CLASSROOM/42_Sesion/4.%20FRAC-012%20N1.%20Newton_Elegant_v1.mp4
,04. [FRAC] Fractales en IA (Vídeos y Fichas),[Sesión 42] FRAC - 012 N1. Newton Elegant v1 (PDF),Disponible en Sesión 42. Paso 4: Geometría Fractal en IA (Visualización y asombro en aula). Acceso directo al recurso interactivo.,https://javiercursocorreo-gif.github.io/Curso-IA/CLASES/EXPORTACION_FICHAS_CLASSROOM_PDF/100.%20%5BSESSIONS%5D%20TERNAS_LISTAS_PARA_CLASSROOM/42_Sesion/4.%20FRAC-012%20N1.%20Newton_Elegant_v1.pdf
,04. [FRAC] Fractales en IA (Vídeos y Fichas),[Sesión 43] FRAC - 014 TR1. Tricorn Directo 20seg (PDF),Disponible en Sesión 43. Paso 4: Geometría Fractal en IA (Visualización y asombro en aula). Acceso directo al recurso interactivo.,https://javiercursocorreo-gif.github.io/Curso-IA/CLASES/EXPORTACION_FICHAS_CLASSROOM_PDF/100.%20%5BSESSIONS%5D%20TERNAS_LISTAS_PARA_CLASSROOM/43_Sesion/4.%20FRAC-014%20TR1.%20Tricorn_Directo_20seg.pdf
,04. [FRAC] Fractales en IA (Vídeos y Fichas),[Sesión 43] FRAC - 014 TR1. Tricorn Directo 30seg (MP4),Disponible en Sesión 43. Paso 4: Geometría Fractal en IA (Visualización y asombro en aula). Acceso directo al recurso interactivo.,https://javiercursocorreo-gif.github.io/Curso-IA/CLASES/EXPORTACION_FICHAS_CLASSROOM_PDF/100.%20%5BSESSIONS%5D%20TERNAS_LISTAS_PARA_CLASSROOM/43_Sesion/4.%20FRAC-014%20TR1.%20Tricorn_Directo_30seg.mp4
,04. [FRAC] Fractales en IA (Vídeos y Fichas),[Sesión 44] FRAC - 047 Glynn Teeth Complete (MP4),Disponible en Sesión 44. Paso 4: Geometría Fractal en IA (Visualización y asombro en aula). Acceso directo al recurso interactivo.,https://javiercursocorreo-gif.github.io/Curso-IA/CLASES/EXPORTACION_FICHAS_CLASSROOM_PDF/100.%20%5BSESSIONS%5D%20TERNAS_LISTAS_PARA_CLASSROOM/44_Sesion/4.%20FRAC-047%20Glynn_Teeth_Complete.mp4
,04. [FRAC] Fractales en IA (Vídeos y Fichas),[Sesión 44] FRAC - 047 Glynn Teeth Complete (PDF),Disponible en Sesión 44. Paso 4: Geometría Fractal en IA (Visualización y asombro en aula). Acceso directo al recurso interactivo.,https://javiercursocorreo-gif.github.io/Curso-IA/CLASES/EXPORTACION_FICHAS_CLASSROOM_PDF/100.%20%5BSESSIONS%5D%20TERNAS_LISTAS_PARA_CLASSROOM/44_Sesion/4.%20FRAC-047%20Glynn_Teeth_Complete.pdf
,04. [FRAC] Fractales en IA (Vídeos y Fichas),[Sesión 45] FRAC - 040 8.Fibonacci World Gold (MP4),Disponible en Sesión 45. Paso 4: Geometría Fractal en IA (Visualización y asombro en aula). Acceso directo al recurso interactivo.,https://javiercursocorreo-gif.github.io/Curso-IA/CLASES/EXPORTACION_FICHAS_CLASSROOM_PDF/100.%20%5BSESSIONS%5D%20TERNAS_LISTAS_PARA_CLASSROOM/45_Sesion/4.%20FRAC-040%208.Fibonacci_World_Gold.mp4
,04. [FRAC] Fractales en IA (Vídeos y Fichas),[Sesión 45] FRAC - 040 8.Fibonacci World Gold (PDF),Disponible en Sesión 45. Paso 4: Geometría Fractal en IA (Visualización y asombro en aula). Acceso directo al recurso interactivo.,https://javiercursocorreo-gif.github.io/Curso-IA/CLASES/EXPORTACION_FICHAS_CLASSROOM_PDF/100.%20%5BSESSIONS%5D%20TERNAS_LISTAS_PARA_CLASSROOM/45_Sesion/4.%20FRAC-040%208.Fibonacci_World_Gold.pdf
,04. [FRAC] Fractales en IA (Vídeos y Fichas),[Sesión 46] FRAC - 015 L1. Lyapunov Smooth AB (MP4),Disponible en Sesión 46. Paso 4: Geometría Fractal en IA (Visualización y asombro en aula). Acceso directo al recurso interactivo.,https://javiercursocorreo-gif.github.io/Curso-IA/CLASES/EXPORTACION_FICHAS_CLASSROOM_PDF/100.%20%5BSESSIONS%5D%20TERNAS_LISTAS_PARA_CLASSROOM/46_Sesion/4.%20FRAC-015%20L1.%20Lyapunov_Smooth_AB.mp4
,04. [FRAC] Fractales en IA (Vídeos y Fichas),[Sesión 46] FRAC - 015 L1. Lyapunov Smooth AB (PDF),Disponible en Sesión 46. Paso 4: Geometría Fractal en IA (Visualización y asombro en aula). Acceso directo al recurso interactivo.,https://javiercursocorreo-gif.github.io/Curso-IA/CLASES/EXPORTACION_FICHAS_CLASSROOM_PDF/100.%20%5BSESSIONS%5D%20TERNAS_LISTAS_PARA_CLASSROOM/46_Sesion/4.%20FRAC-015%20L1.%20Lyapunov_Smooth_AB.pdf
,04. [FRAC] Fractales en IA (Vídeos y Fichas),[Sesión 47] FRAC - 057 La Dimensión 1.5 (Entre la Línea y el Plano) (PDF),Disponible en Sesión 47. Paso 4: Geometría Fractal en IA (Visualización y asombro en aula). Acceso directo al recurso interactivo.,https://javiercursocorreo-gif.github.io/Curso-IA/CLASES/EXPORTACION_FICHAS_CLASSROOM_PDF/100.%20%5BSESSIONS%5D%20TERNAS_LISTAS_PARA_CLASSROOM/47_Sesion/4.%20FRAC-057%20La%20Dimensi%C3%B3n%201.5%20%28Entre%20la%20L%C3%ADnea%20y%20el%20Plano%29.pdf
,04. [FRAC] Fractales en IA (Vídeos y Fichas),[Sesión 48] FRAC - 016 7. buddhabrot prores (MP4),Disponible en Sesión 48. Paso 4: Geometría Fractal en IA (Visualización y asombro en aula). Acceso directo al recurso interactivo.,https://javiercursocorreo-gif.github.io/Curso-IA/CLASES/EXPORTACION_FICHAS_CLASSROOM_PDF/100.%20%5BSESSIONS%5D%20TERNAS_LISTAS_PARA_CLASSROOM/48_Sesion/4.%20FRAC-016%207.%20buddhabrot_prores.mp4
,04. [FRAC] Fractales en IA (Vídeos y Fichas),[Sesión 48] FRAC - 016 7. buddhabrot prores (PDF),Disponible en Sesión 48. Paso 4: Geometría Fractal en IA (Visualización y asombro en aula). Acceso directo al recurso interactivo.,https://javiercursocorreo-gif.github.io/Curso-IA/CLASES/EXPORTACION_FICHAS_CLASSROOM_PDF/100.%20%5BSESSIONS%5D%20TERNAS_LISTAS_PARA_CLASSROOM/48_Sesion/4.%20FRAC-016%207.%20buddhabrot_prores.pdf
,04. [FRAC] Fractales en IA (Vídeos y Fichas),[Sesión 49] FRAC - 018 2. CantorConjunto (PDF),Disponible en Sesión 49. Paso 4: Geometría Fractal en IA (Visualización y asombro en aula). Acceso directo al recurso interactivo.,https://javiercursocorreo-gif.github.io/Curso-IA/CLASES/EXPORTACION_FICHAS_CLASSROOM_PDF/100.%20%5BSESSIONS%5D%20TERNAS_LISTAS_PARA_CLASSROOM/49_Sesion/4.%20FRAC-018%202.%20CantorConjunto.pdf
,04. [FRAC] Fractales en IA (Vídeos y Fichas),[Sesión 50] FRAC - 053 7. LA PARADOJA DE LA REGLA (La Costa Infinita) 📏🇬🇧 (MP4),Disponible en Sesión 50. Paso 4: Geometría Fractal en IA (Visualización y asombro en aula). Acceso directo al recurso interactivo.,https://javiercursocorreo-gif.github.io/Curso-IA/CLASES/EXPORTACION_FICHAS_CLASSROOM_PDF/100.%20%5BSESSIONS%5D%20TERNAS_LISTAS_PARA_CLASSROOM/50_Sesion/4.%20FRAC-053%207.%20LA%20PARADOJA%20DE%20LA%20REGLA%20%28La%20Costa%20Infinita%29%20%F0%9F%93%8F%F0%9F%87%AC%F0%9F%87%A7.mp4
,04. [FRAC] Fractales en IA (Vídeos y Fichas),[Sesión 50] FRAC - 053 7. LA PARADOJA DE LA REGLA (La Costa Infinita) 📏🇬🇧 (PDF),Disponible en Sesión 50. Paso 4: Geometría Fractal en IA (Visualización y asombro en aula). Acceso directo al recurso interactivo.,https://javiercursocorreo-gif.github.io/Curso-IA/CLASES/EXPORTACION_FICHAS_CLASSROOM_PDF/100.%20%5BSESSIONS%5D%20TERNAS_LISTAS_PARA_CLASSROOM/50_Sesion/4.%20FRAC-053%207.%20LA%20PARADOJA%20DE%20LA%20REGLA%20%28La%20Costa%20Infinita%29%20%F0%9F%93%8F%F0%9F%87%AC%F0%9F%87%A7.pdf
,04. [FRAC] Fractales en IA (Vídeos y Fichas),[Sesión 51] FRAC - 021 5. SierpinskyAlfombra (MP4),Disponible en Sesión 51. Paso 4: Geometría Fractal en IA (Visualización y asombro en aula). Acceso directo al recurso interactivo.,https://javiercursocorreo-gif.github.io/Curso-IA/CLASES/EXPORTACION_FICHAS_CLASSROOM_PDF/100.%20%5BSESSIONS%5D%20TERNAS_LISTAS_PARA_CLASSROOM/51_Sesion/4.%20FRAC-021%205.%20SierpinskyAlfombra.mp4
,04. [FRAC] Fractales en IA (Vídeos y Fichas),[Sesión 51] FRAC - 021 5. SierpinskyAlfombra (PDF),Disponible en Sesión 51. Paso 4: Geometría Fractal en IA (Visualización y asombro en aula). Acceso directo al recurso interactivo.,https://javiercursocorreo-gif.github.io/Curso-IA/CLASES/EXPORTACION_FICHAS_CLASSROOM_PDF/100.%20%5BSESSIONS%5D%20TERNAS_LISTAS_PARA_CLASSROOM/51_Sesion/4.%20FRAC-021%205.%20SierpinskyAlfombra.pdf
,04. [FRAC] Fractales en IA (Vídeos y Fichas),[Sesión 52] FRAC - 025 12. Minkowski Neon Reel (PDF),Disponible en Sesión 52. Paso 4: Geometría Fractal en IA (Visualización y asombro en aula). Acceso directo al recurso interactivo.,https://javiercursocorreo-gif.github.io/Curso-IA/CLASES/EXPORTACION_FICHAS_CLASSROOM_PDF/100.%20%5BSESSIONS%5D%20TERNAS_LISTAS_PARA_CLASSROOM/52_Sesion/4.%20FRAC-025%2012.%20Minkowski_Neon_Reel.pdf
,04. [FRAC] Fractales en IA (Vídeos y Fichas),[Sesión 53] FRAC - 027 14. Hilbert Snake (MP4),Disponible en Sesión 53. Paso 4: Geometría Fractal en IA (Visualización y asombro en aula). Acceso directo al recurso interactivo.,https://javiercursocorreo-gif.github.io/Curso-IA/CLASES/EXPORTACION_FICHAS_CLASSROOM_PDF/100.%20%5BSESSIONS%5D%20TERNAS_LISTAS_PARA_CLASSROOM/53_Sesion/4.%20FRAC-027%2014.%20Hilbert_Snake.mp4
,04. [FRAC] Fractales en IA (Vídeos y Fichas),[Sesión 53] FRAC - 027 14. Hilbert Snake (PDF),Disponible en Sesión 53. Paso 4: Geometría Fractal en IA (Visualización y asombro en aula). Acceso directo al recurso interactivo.,https://javiercursocorreo-gif.github.io/Curso-IA/CLASES/EXPORTACION_FICHAS_CLASSROOM_PDF/100.%20%5BSESSIONS%5D%20TERNAS_LISTAS_PARA_CLASSROOM/53_Sesion/4.%20FRAC-027%2014.%20Hilbert_Snake.pdf
,04. [FRAC] Fractales en IA (Vídeos y Fichas),[Sesión 54] FRAC - 032 25. Pythagoras Tree (PDF),Disponible en Sesión 54. Paso 4: Geometría Fractal en IA (Visualización y asombro en aula). Acceso directo al recurso interactivo.,https://javiercursocorreo-gif.github.io/Curso-IA/CLASES/EXPORTACION_FICHAS_CLASSROOM_PDF/100.%20%5BSESSIONS%5D%20TERNAS_LISTAS_PARA_CLASSROOM/54_Sesion/4.%20FRAC-032%2025.%20Pythagoras_Tree.pdf
,04. [FRAC] Fractales en IA (Vídeos y Fichas),[Sesión 55] FRAC - 028 16. Levy C Curve (MP4),Disponible en Sesión 55. Paso 4: Geometría Fractal en IA (Visualización y asombro en aula). Acceso directo al recurso interactivo.,https://javiercursocorreo-gif.github.io/Curso-IA/CLASES/EXPORTACION_FICHAS_CLASSROOM_PDF/100.%20%5BSESSIONS%5D%20TERNAS_LISTAS_PARA_CLASSROOM/55_Sesion/4.%20FRAC-028%2016.%20Levy_C_Curve.mp4
,04. [FRAC] Fractales en IA (Vídeos y Fichas),[Sesión 55] FRAC - 028 16. Levy C Curve (PDF),Disponible en Sesión 55. Paso 4: Geometría Fractal en IA (Visualización y asombro en aula). Acceso directo al recurso interactivo.,https://javiercursocorreo-gif.github.io/Curso-IA/CLASES/EXPORTACION_FICHAS_CLASSROOM_PDF/100.%20%5BSESSIONS%5D%20TERNAS_LISTAS_PARA_CLASSROOM/55_Sesion/4.%20FRAC-028%2016.%20Levy_C_Curve.pdf
,04. [FRAC] Fractales en IA (Vídeos y Fichas),[Sesión 56] FRAC - 029 20. T Square Reel (PDF),Disponible en Sesión 56. Paso 4: Geometría Fractal en IA (Visualización y asombro en aula). Acceso directo al recurso interactivo.,https://javiercursocorreo-gif.github.io/Curso-IA/CLASES/EXPORTACION_FICHAS_CLASSROOM_PDF/100.%20%5BSESSIONS%5D%20TERNAS_LISTAS_PARA_CLASSROOM/56_Sesion/4.%20FRAC-029%2020.%20T_Square_Reel.pdf
,04. [FRAC] Fractales en IA (Vídeos y Fichas),[Sesión 57] FRAC - 052 Juliabulb Spectrum (MP4),Disponible en Sesión 57. Paso 4: Geometría Fractal en IA (Visualización y asombro en aula). Acceso directo al recurso interactivo.,https://javiercursocorreo-gif.github.io/Curso-IA/CLASES/EXPORTACION_FICHAS_CLASSROOM_PDF/100.%20%5BSESSIONS%5D%20TERNAS_LISTAS_PARA_CLASSROOM/57_Sesion/4.%20FRAC-052%20Juliabulb_Spectrum.mp4
,04. [FRAC] Fractales en IA (Vídeos y Fichas),[Sesión 57] FRAC - 052 Juliabulb Spectrum (PDF),Disponible en Sesión 57. Paso 4: Geometría Fractal en IA (Visualización y asombro en aula). Acceso directo al recurso interactivo.,https://javiercursocorreo-gif.github.io/Curso-IA/CLASES/EXPORTACION_FICHAS_CLASSROOM_PDF/100.%20%5BSESSIONS%5D%20TERNAS_LISTAS_PARA_CLASSROOM/57_Sesion/4.%20FRAC-052%20Juliabulb_Spectrum.pdf
,04. [FRAC] Fractales en IA (Vídeos y Fichas),[Sesión 58] FRAC - 031 23. ncopo master (MP4),Disponible en Sesión 58. Paso 4: Geometría Fractal en IA (Visualización y asombro en aula). Acceso directo al recurso interactivo.,https://javiercursocorreo-gif.github.io/Curso-IA/CLASES/EXPORTACION_FICHAS_CLASSROOM_PDF/100.%20%5BSESSIONS%5D%20TERNAS_LISTAS_PARA_CLASSROOM/58_Sesion/4.%20FRAC-031%2023.%20ncopo_master.mp4
,04. [FRAC] Fractales en IA (Vídeos y Fichas),[Sesión 58] FRAC - 031 23. ncopo master (PDF),Disponible en Sesión 58. Paso 4: Geometría Fractal en IA (Visualización y asombro en aula). Acceso directo al recurso interactivo.,https://javiercursocorreo-gif.github.io/Curso-IA/CLASES/EXPORTACION_FICHAS_CLASSROOM_PDF/100.%20%5BSESSIONS%5D%20TERNAS_LISTAS_PARA_CLASSROOM/58_Sesion/4.%20FRAC-031%2023.%20ncopo_master.pdf
,04. [FRAC] Fractales en IA (Vídeos y Fichas),[Sesión 59] FRAC - 041 Aizawa Neon Growth v1 (PDF),Disponible en Sesión 59. Paso 4: Geometría Fractal en IA (Visualización y asombro en aula). Acceso directo al recurso interactivo.,https://javiercursocorreo-gif.github.io/Curso-IA/CLASES/EXPORTACION_FICHAS_CLASSROOM_PDF/100.%20%5BSESSIONS%5D%20TERNAS_LISTAS_PARA_CLASSROOM/59_Sesion/4.%20FRAC-041%20Aizawa_Neon_Growth_v1.pdf
,04. [FRAC] Fractales en IA (Vídeos y Fichas),[Sesión 59] FRAC - 041 Aizawa SuperBright v1 (MP4),Disponible en Sesión 59. Paso 4: Geometría Fractal en IA (Visualización y asombro en aula). Acceso directo al recurso interactivo.,https://javiercursocorreo-gif.github.io/Curso-IA/CLASES/EXPORTACION_FICHAS_CLASSROOM_PDF/100.%20%5BSESSIONS%5D%20TERNAS_LISTAS_PARA_CLASSROOM/59_Sesion/4.%20FRAC-041%20Aizawa_SuperBright_v1.mp4
,04. [FRAC] Fractales en IA (Vídeos y Fichas),[Sesión 60] FRAC - 001 0 A Teoria Matematica (PDF),Disponible en Sesión 60. Paso 4: Geometría Fractal en IA (Visualización y asombro en aula). Acceso directo al recurso interactivo.,https://javiercursocorreo-gif.github.io/Curso-IA/CLASES/EXPORTACION_FICHAS_CLASSROOM_PDF/100.%20%5BSESSIONS%5D%20TERNAS_LISTAS_PARA_CLASSROOM/60_Sesion_Cierre/4.%20FRAC-001%200_A_Teoria_Matematica.pdf
,04. [FRAC] Fractales en IA (Vídeos y Fichas),[Sesión 60] FRAC - 001 0 B Reto Visual Matematico (PDF),Disponible en Sesión 60. Paso 4: Geometría Fractal en IA (Visualización y asombro en aula). Acceso directo al recurso interactivo.,https://javiercursocorreo-gif.github.io/Curso-IA/CLASES/EXPORTACION_FICHAS_CLASSROOM_PDF/100.%20%5BSESSIONS%5D%20TERNAS_LISTAS_PARA_CLASSROOM/60_Sesion_Cierre/4.%20FRAC-001%200_B_Reto_Visual_Matematico.pdf
,04. [FRAC] Fractales en IA (Vídeos y Fichas),[Sesión 60] FRAC - 001 1. MandelBrot CascadaDeFeigenbaum (MP4),Disponible en Sesión 60. Paso 4: Geometría Fractal en IA (Visualización y asombro en aula). Acceso directo al recurso interactivo.,https://javiercursocorreo-gif.github.io/Curso-IA/CLASES/EXPORTACION_FICHAS_CLASSROOM_PDF/100.%20%5BSESSIONS%5D%20TERNAS_LISTAS_PARA_CLASSROOM/60_Sesion_Cierre/4.%20FRAC-001%201.%20MandelBrot_CascadaDeFeigenbaum.mp4
,04. [FRAC] Fractales en IA (Vídeos y Fichas),[Sesión 60] FRAC - 001 1. MandelBrot CascadaDeFeigenbaum (PDF),Disponible en Sesión 60. Paso 4: Geometría Fractal en IA (Visualización y asombro en aula). Acceso directo al recurso interactivo.,https://javiercursocorreo-gif.github.io/Curso-IA/CLASES/EXPORTACION_FICHAS_CLASSROOM_PDF/100.%20%5BSESSIONS%5D%20TERNAS_LISTAS_PARA_CLASSROOM/60_Sesion_Cierre/4.%20FRAC-001%201.%20MandelBrot_CascadaDeFeigenbaum.pdf
,05. [INT] El Mundo por Dentro y Reconstrucción,[Sesión 01] INT - 001 La Gran Biblioteca de Alejandría reconstruida por dentro (PDF),Disponible en Sesión 01. Paso 5: El Mundo por Dentro y Reconstrucción Histórica (Corte transversal y arquitectura). Acceso directo al recurso interactivo.,https://javiercursocorreo-gif.github.io/Curso-IA/CLASES/EXPORTACION_FICHAS_CLASSROOM_PDF/100.%20%5BSESSIONS%5D%20TERNAS_LISTAS_PARA_CLASSROOM/01_Sesion/5.%20INT-001_La%20Gran%20Biblioteca%20de%20Alejandr%C3%ADa%20reconstruida%20por%20dentro.pdf
,05. [INT] El Mundo por Dentro y Reconstrucción,[Sesión 02] INT - 002 Corte transversal de un cohete interplanetario Starship con sus t (PDF),Disponible en Sesión 02. Paso 5: El Mundo por Dentro y Reconstrucción Histórica (Corte transversal y arquitectura). Acceso directo al recurso interactivo.,https://javiercursocorreo-gif.github.io/Curso-IA/CLASES/EXPORTACION_FICHAS_CLASSROOM_PDF/100.%20%5BSESSIONS%5D%20TERNAS_LISTAS_PARA_CLASSROOM/02_Sesion/5.%20INT-002_Corte%20transversal%20de%20un%20cohete%20interplanetario%20Starship%20con%20sus%20t.pdf
,05. [INT] El Mundo por Dentro y Reconstrucción,"[Sesión 03] INT - 003 El interior de un hormiguero subterráneo por dentro cámaras, rei (PDF)",Disponible en Sesión 03. Paso 5: El Mundo por Dentro y Reconstrucción Histórica (Corte transversal y arquitectura). Acceso directo al recurso interactivo.,https://javiercursocorreo-gif.github.io/Curso-IA/CLASES/EXPORTACION_FICHAS_CLASSROOM_PDF/100.%20%5BSESSIONS%5D%20TERNAS_LISTAS_PARA_CLASSROOM/03_Sesion/5.%20INT-003_El%20interior%20de%20un%20hormiguero%20subterr%C3%A1neo%20por%20dentro_%20c%C3%A1maras%2C%20rei.pdf
,05. [INT] El Mundo por Dentro y Reconstrucción,[Sesión 03] NAT - 003 La Biomecánica del Guepardo en Esprint a 110 km h (Infografía Cie (PDF),Disponible en Sesión 03. Paso 5: El Mundo por Dentro y Reconstrucción Histórica (Corte transversal y arquitectura). Acceso directo al recurso interactivo.,https://javiercursocorreo-gif.github.io/Curso-IA/CLASES/EXPORTACION_FICHAS_CLASSROOM_PDF/100.%20%5BSESSIONS%5D%20TERNAS_LISTAS_PARA_CLASSROOM/03_Sesion/7.%20NAT-003_La%20Biomec%C3%A1nica%20del%20Guepardo%20en%20Esprint%20a%20110%20km_h%20%28Infograf%C3%ADa%20Cie.pdf
,05. [INT] El Mundo por Dentro y Reconstrucción,[Sesión 04] INT - 004 Corte del Transbordador Espacial en órbita con bodega abierta y b (PDF),Disponible en Sesión 04. Paso 5: El Mundo por Dentro y Reconstrucción Histórica (Corte transversal y arquitectura). Acceso directo al recurso interactivo.,https://javiercursocorreo-gif.github.io/Curso-IA/CLASES/EXPORTACION_FICHAS_CLASSROOM_PDF/100.%20%5BSESSIONS%5D%20TERNAS_LISTAS_PARA_CLASSROOM/04_Sesion/5.%20INT-004_Corte%20del%20Transbordador%20Espacial%20en%20%C3%B3rbita%20con%20bodega%20abierta%20y%20b.pdf
,05. [INT] El Mundo por Dentro y Reconstrucción,[Sesión 05] INT - 005 El Partenón de Atenas a todo color con la colosal estatua de Aten (PDF),Disponible en Sesión 05. Paso 5: El Mundo por Dentro y Reconstrucción Histórica (Corte transversal y arquitectura). Acceso directo al recurso interactivo.,https://javiercursocorreo-gif.github.io/Curso-IA/CLASES/EXPORTACION_FICHAS_CLASSROOM_PDF/100.%20%5BSESSIONS%5D%20TERNAS_LISTAS_PARA_CLASSROOM/05_Sesion/5.%20INT-005_El%20Parten%C3%B3n%20de%20Atenas%20a%20todo%20color%20con%20la%20colosal%20estatua%20de%20Aten.pdf
,05. [INT] El Mundo por Dentro y Reconstrucción,[Sesión 06] INT - 006 Reconstrucción del Mausoleo de Halicarnaso culminado con cuadriga (PDF),Disponible en Sesión 06. Paso 5: El Mundo por Dentro y Reconstrucción Histórica (Corte transversal y arquitectura). Acceso directo al recurso interactivo.,https://javiercursocorreo-gif.github.io/Curso-IA/CLASES/EXPORTACION_FICHAS_CLASSROOM_PDF/100.%20%5BSESSIONS%5D%20TERNAS_LISTAS_PARA_CLASSROOM/06_Sesion/5.%20INT-006_Reconstrucci%C3%B3n%20del%20Mausoleo%20de%20Halicarnaso%20culminado%20con%20cuadriga.pdf
,05. [INT] El Mundo por Dentro y Reconstrucción,[Sesión 07] INT - 007 El Faro de Alejandría (120 m de altura) con su espejo reflectante (PDF),Disponible en Sesión 07. Paso 5: El Mundo por Dentro y Reconstrucción Histórica (Corte transversal y arquitectura). Acceso directo al recurso interactivo.,https://javiercursocorreo-gif.github.io/Curso-IA/CLASES/EXPORTACION_FICHAS_CLASSROOM_PDF/100.%20%5BSESSIONS%5D%20TERNAS_LISTAS_PARA_CLASSROOM/07_Sesion/5.%20INT-007_El%20Faro%20de%20Alejandr%C3%ADa%20%28120%20m%20de%20altura%29%20con%20su%20espejo%20reflectante.pdf
,05. [INT] El Mundo por Dentro y Reconstrucción,[Sesión 08] INT - 008 El Panteón de Roma por dentro óculo solar y cúpula de hormigón a (PDF),Disponible en Sesión 08. Paso 5: El Mundo por Dentro y Reconstrucción Histórica (Corte transversal y arquitectura). Acceso directo al recurso interactivo.,https://javiercursocorreo-gif.github.io/Curso-IA/CLASES/EXPORTACION_FICHAS_CLASSROOM_PDF/100.%20%5BSESSIONS%5D%20TERNAS_LISTAS_PARA_CLASSROOM/08_Sesion/5.%20INT-008_El%20Pante%C3%B3n%20de%20Roma%20por%20dentro_%20%C3%B3culo%20solar%20y%20c%C3%BApula%20de%20hormig%C3%B3n%20a.pdf
,05. [INT] El Mundo por Dentro y Reconstrucción,"[Sesión 09] INT - 009 Los Baños de Caracalla en Roma caldarium, piscinas e hipocausto (PDF)",Disponible en Sesión 09. Paso 5: El Mundo por Dentro y Reconstrucción Histórica (Corte transversal y arquitectura). Acceso directo al recurso interactivo.,https://javiercursocorreo-gif.github.io/Curso-IA/CLASES/EXPORTACION_FICHAS_CLASSROOM_PDF/100.%20%5BSESSIONS%5D%20TERNAS_LISTAS_PARA_CLASSROOM/09_Sesion/5.%20INT-009_Los%20Ba%C3%B1os%20de%20Caracalla%20en%20Roma_%20caldarium%2C%20piscinas%20e%20hipocausto%20.pdf
,05. [INT] El Mundo por Dentro y Reconstrucción,[Sesión 10] INT - 010 La mítica Atlántida con sus anillos concéntricos de agua y palaci (PDF),Disponible en Sesión 10. Paso 5: El Mundo por Dentro y Reconstrucción Histórica (Corte transversal y arquitectura). Acceso directo al recurso interactivo.,https://javiercursocorreo-gif.github.io/Curso-IA/CLASES/EXPORTACION_FICHAS_CLASSROOM_PDF/100.%20%5BSESSIONS%5D%20TERNAS_LISTAS_PARA_CLASSROOM/10_Sesion/5.%20INT-010_La%20m%C3%ADtica%20Atl%C3%A1ntida%20con%20sus%20anillos%20conc%C3%A9ntricos%20de%20agua%20y%20palaci.pdf
,05. [INT] El Mundo por Dentro y Reconstrucción,[Sesión 11] INT - 011 La ciudadela inca de Machu Picchu con acueductos en terraza y pal (PDF),Disponible en Sesión 11. Paso 5: El Mundo por Dentro y Reconstrucción Histórica (Corte transversal y arquitectura). Acceso directo al recurso interactivo.,https://javiercursocorreo-gif.github.io/Curso-IA/CLASES/EXPORTACION_FICHAS_CLASSROOM_PDF/100.%20%5BSESSIONS%5D%20TERNAS_LISTAS_PARA_CLASSROOM/11_Sesion/5.%20INT-011_La%20ciudadela%20inca%20de%20Machu%20Picchu%20con%20acueductos%20en%20terraza%20y%20pal.pdf
,05. [INT] El Mundo por Dentro y Reconstrucción,[Sesión 12] INT - 012 Santa Sofía de Constantinopla cúpula flotando sobre pechinas y m (PDF),Disponible en Sesión 12. Paso 5: El Mundo por Dentro y Reconstrucción Histórica (Corte transversal y arquitectura). Acceso directo al recurso interactivo.,https://javiercursocorreo-gif.github.io/Curso-IA/CLASES/EXPORTACION_FICHAS_CLASSROOM_PDF/100.%20%5BSESSIONS%5D%20TERNAS_LISTAS_PARA_CLASSROOM/12_Sesion/5.%20INT-012_Santa%20Sof%C3%ADa%20de%20Constantinopla_%20c%C3%BApula%20flotando%20sobre%20pechinas%20y%20m.pdf
,05. [INT] El Mundo por Dentro y Reconstrucción,[Sesión 13] INT - 013 La Ciudad Prohibida de Pekín durante el apogeo imperial de la din (PDF),Disponible en Sesión 13. Paso 5: El Mundo por Dentro y Reconstrucción Histórica (Corte transversal y arquitectura). Acceso directo al recurso interactivo.,https://javiercursocorreo-gif.github.io/Curso-IA/CLASES/EXPORTACION_FICHAS_CLASSROOM_PDF/100.%20%5BSESSIONS%5D%20TERNAS_LISTAS_PARA_CLASSROOM/13_Sesion/5.%20INT-013_La%20Ciudad%20Prohibida%20de%20Pek%C3%ADn%20durante%20el%20apogeo%20imperial%20de%20la%20din.pdf
,05. [INT] El Mundo por Dentro y Reconstrucción,"[Sesión 14] INT - 014 La ciudad azteca de Tenochtitlán calzadas, chinampas y Templo Ma (PDF)",Disponible en Sesión 14. Paso 5: El Mundo por Dentro y Reconstrucción Histórica (Corte transversal y arquitectura). Acceso directo al recurso interactivo.,https://javiercursocorreo-gif.github.io/Curso-IA/CLASES/EXPORTACION_FICHAS_CLASSROOM_PDF/100.%20%5BSESSIONS%5D%20TERNAS_LISTAS_PARA_CLASSROOM/14_Sesion/5.%20INT-014_La%20ciudad%20azteca%20de%20Tenochtitl%C3%A1n_%20calzadas%2C%20chinampas%20y%20Templo%20Ma.pdf
,05. [INT] El Mundo por Dentro y Reconstrucción,[Sesión 15] INT - 015 La ciudadela de Petra (El Tesoro) tallada en el desfiladero de pi (PDF),Disponible en Sesión 15. Paso 5: El Mundo por Dentro y Reconstrucción Histórica (Corte transversal y arquitectura). Acceso directo al recurso interactivo.,https://javiercursocorreo-gif.github.io/Curso-IA/CLASES/EXPORTACION_FICHAS_CLASSROOM_PDF/100.%20%5BSESSIONS%5D%20TERNAS_LISTAS_PARA_CLASSROOM/15_Sesion/5.%20INT-015_La%20ciudadela%20de%20Petra%20%28El%20Tesoro%29%20tallada%20en%20el%20desfiladero%20de%20pi.pdf
,05. [INT] El Mundo por Dentro y Reconstrucción,[Sesión 16] INT - 016 Corte transversal del Canal de Panamá esclusas gigantes y física (PDF),Disponible en Sesión 16. Paso 5: El Mundo por Dentro y Reconstrucción Histórica (Corte transversal y arquitectura). Acceso directo al recurso interactivo.,https://javiercursocorreo-gif.github.io/Curso-IA/CLASES/EXPORTACION_FICHAS_CLASSROOM_PDF/100.%20%5BSESSIONS%5D%20TERNAS_LISTAS_PARA_CLASSROOM/16_Sesion/5.%20INT-016_Corte%20transversal%20del%20Canal%20de%20Panam%C3%A1_%20esclusas%20gigantes%20y%20f%C3%ADsica.pdf
,05. [INT] El Mundo por Dentro y Reconstrucción,[Sesión 17] INT - 017 Submarino abisal descendiendo a 5.000 metros en la Fosa de las Ma (PDF),Disponible en Sesión 17. Paso 5: El Mundo por Dentro y Reconstrucción Histórica (Corte transversal y arquitectura). Acceso directo al recurso interactivo.,https://javiercursocorreo-gif.github.io/Curso-IA/CLASES/EXPORTACION_FICHAS_CLASSROOM_PDF/100.%20%5BSESSIONS%5D%20TERNAS_LISTAS_PARA_CLASSROOM/17_Sesion/5.%20INT-017_Submarino%20abisal%20descendiendo%20a%205.000%20metros%20en%20la%20Fosa%20de%20las%20Ma.pdf
,05. [INT] El Mundo por Dentro y Reconstrucción,[Sesión 18] INT - 018 Avión comercial Boeing 787 por dentro cabina de pilotos y dos cu (PDF),Disponible en Sesión 18. Paso 5: El Mundo por Dentro y Reconstrucción Histórica (Corte transversal y arquitectura). Acceso directo al recurso interactivo.,https://javiercursocorreo-gif.github.io/Curso-IA/CLASES/EXPORTACION_FICHAS_CLASSROOM_PDF/100.%20%5BSESSIONS%5D%20TERNAS_LISTAS_PARA_CLASSROOM/18_Sesion/5.%20INT-018_Avi%C3%B3n%20comercial%20Boeing%20787%20por%20dentro_%20cabina%20de%20pilotos%20y%20dos%20cu.pdf
,05. [INT] El Mundo por Dentro y Reconstrucción,[Sesión 19] INT - 019 Presa hidroeléctrica por dentro tuberías forzadas y turbinas Fra (PDF),Disponible en Sesión 19. Paso 5: El Mundo por Dentro y Reconstrucción Histórica (Corte transversal y arquitectura). Acceso directo al recurso interactivo.,https://javiercursocorreo-gif.github.io/Curso-IA/CLASES/EXPORTACION_FICHAS_CLASSROOM_PDF/100.%20%5BSESSIONS%5D%20TERNAS_LISTAS_PARA_CLASSROOM/19_Sesion/5.%20INT-019_Presa%20hidroel%C3%A9ctrica%20por%20dentro_%20tuber%C3%ADas%20forzadas%20y%20turbinas%20Fra.pdf
,05. [INT] El Mundo por Dentro y Reconstrucción,[Sesión 20] INT - 020 Estación Espacial Internacional (ISS) habitada orbitando a 28.000 (PDF),Disponible en Sesión 20. Paso 5: El Mundo por Dentro y Reconstrucción Histórica (Corte transversal y arquitectura). Acceso directo al recurso interactivo.,https://javiercursocorreo-gif.github.io/Curso-IA/CLASES/EXPORTACION_FICHAS_CLASSROOM_PDF/100.%20%5BSESSIONS%5D%20TERNAS_LISTAS_PARA_CLASSROOM/20_Sesion/5.%20INT-020_Estaci%C3%B3n%20Espacial%20Internacional%20%28ISS%29%20habitada%20orbitando%20a%2028.000.pdf
,05. [INT] El Mundo por Dentro y Reconstrucción,[Sesión 21] INT - 021 El interior de un galeón español del siglo XVII cañones y bodega (PDF),Disponible en Sesión 21. Paso 5: El Mundo por Dentro y Reconstrucción Histórica (Corte transversal y arquitectura). Acceso directo al recurso interactivo.,https://javiercursocorreo-gif.github.io/Curso-IA/CLASES/EXPORTACION_FICHAS_CLASSROOM_PDF/100.%20%5BSESSIONS%5D%20TERNAS_LISTAS_PARA_CLASSROOM/21_Sesion/5.%20INT-021_El%20interior%20de%20un%20gale%C3%B3n%20espa%C3%B1ol%20del%20siglo%20XVII_%20ca%C3%B1ones%20y%20bodega.pdf
,05. [INT] El Mundo por Dentro y Reconstrucción,[Sesión 22] INT - 022 El interior del Gran Colisionador de Hadrones (LHC) a 100 m bajo (PDF),Disponible en Sesión 22. Paso 5: El Mundo por Dentro y Reconstrucción Histórica (Corte transversal y arquitectura). Acceso directo al recurso interactivo.,https://javiercursocorreo-gif.github.io/Curso-IA/CLASES/EXPORTACION_FICHAS_CLASSROOM_PDF/100.%20%5BSESSIONS%5D%20TERNAS_LISTAS_PARA_CLASSROOM/22_Sesion/5.%20INT-022_El%20interior%20del%20Gran%20Colisionador%20de%20Hadrones%20%28LHC%29%20a%20100%20m%20bajo%20.pdf
,05. [INT] El Mundo por Dentro y Reconstrucción,[Sesión 23] INT - 023 Corte transversal de un rascacielos súper - alto con péndulo amorti (PDF),Disponible en Sesión 23. Paso 5: El Mundo por Dentro y Reconstrucción Histórica (Corte transversal y arquitectura). Acceso directo al recurso interactivo.,https://javiercursocorreo-gif.github.io/Curso-IA/CLASES/EXPORTACION_FICHAS_CLASSROOM_PDF/100.%20%5BSESSIONS%5D%20TERNAS_LISTAS_PARA_CLASSROOM/23_Sesion/5.%20INT-023_Corte%20transversal%20de%20un%20rascacielos%20s%C3%BAper-alto%20con%20p%C3%A9ndulo%20amorti.pdf
,05. [INT] El Mundo por Dentro y Reconstrucción,"[Sesión 24] INT - 024 La Torre Eiffel en 1889 remaches, cimientos y ascensores hidrául (PDF)",Disponible en Sesión 24. Paso 5: El Mundo por Dentro y Reconstrucción Histórica (Corte transversal y arquitectura). Acceso directo al recurso interactivo.,https://javiercursocorreo-gif.github.io/Curso-IA/CLASES/EXPORTACION_FICHAS_CLASSROOM_PDF/100.%20%5BSESSIONS%5D%20TERNAS_LISTAS_PARA_CLASSROOM/24_Sesion/5.%20INT-024_La%20Torre%20Eiffel%20en%201889_%20remaches%2C%20cimientos%20y%20ascensores%20hidr%C3%A1ul.pdf
,05. [INT] El Mundo por Dentro y Reconstrucción,[Sesión 25] INT - 025 El interior de un crucero transatlántico moderno 18 cubiertas y (PDF),Disponible en Sesión 25. Paso 5: El Mundo por Dentro y Reconstrucción Histórica (Corte transversal y arquitectura). Acceso directo al recurso interactivo.,https://javiercursocorreo-gif.github.io/Curso-IA/CLASES/EXPORTACION_FICHAS_CLASSROOM_PDF/100.%20%5BSESSIONS%5D%20TERNAS_LISTAS_PARA_CLASSROOM/25_Sesion/5.%20INT-025_El%20interior%20de%20un%20crucero%20transatl%C3%A1ntico%20moderno_%2018%20cubiertas%20y%20.pdf
,05. [INT] El Mundo por Dentro y Reconstrucción,"[Sesión 26] INT - 026 La Catedral de Chartres por dentro arbotantes, bóvedas de crucer (PDF)",Disponible en Sesión 26. Paso 5: El Mundo por Dentro y Reconstrucción Histórica (Corte transversal y arquitectura). Acceso directo al recurso interactivo.,https://javiercursocorreo-gif.github.io/Curso-IA/CLASES/EXPORTACION_FICHAS_CLASSROOM_PDF/100.%20%5BSESSIONS%5D%20TERNAS_LISTAS_PARA_CLASSROOM/26_Sesion/5.%20INT-026_La%20Catedral%20de%20Chartres%20por%20dentro_%20arbotantes%2C%20b%C3%B3vedas%20de%20crucer.pdf
,05. [INT] El Mundo por Dentro y Reconstrucción,[Sesión 27] INT - 027 El interior de un panal de abejas en corte macro celdas hexagona (PDF),Disponible en Sesión 27. Paso 5: El Mundo por Dentro y Reconstrucción Histórica (Corte transversal y arquitectura). Acceso directo al recurso interactivo.,https://javiercursocorreo-gif.github.io/Curso-IA/CLASES/EXPORTACION_FICHAS_CLASSROOM_PDF/100.%20%5BSESSIONS%5D%20TERNAS_LISTAS_PARA_CLASSROOM/27_Sesion/5.%20INT-027_El%20interior%20de%20un%20panal%20de%20abejas%20en%20corte%20macro_%20celdas%20hexagona.pdf
,05. [INT] El Mundo por Dentro y Reconstrucción,"[Sesión 28] INT - 028 El interior de un traje espacial actual capas térmicas, refriger (PDF)",Disponible en Sesión 28. Paso 5: El Mundo por Dentro y Reconstrucción Histórica (Corte transversal y arquitectura). Acceso directo al recurso interactivo.,https://javiercursocorreo-gif.github.io/Curso-IA/CLASES/EXPORTACION_FICHAS_CLASSROOM_PDF/100.%20%5BSESSIONS%5D%20TERNAS_LISTAS_PARA_CLASSROOM/28_Sesion/5.%20INT-028_El%20interior%20de%20un%20traje%20espacial%20actual_%20capas%20t%C3%A9rmicas%2C%20refriger.pdf
,05. [INT] El Mundo por Dentro y Reconstrucción,[Sesión 29] INT - 029 El Templo de Artemisa en Éfeso 127 columnas colosales y estatuas (PDF),Disponible en Sesión 29. Paso 5: El Mundo por Dentro y Reconstrucción Histórica (Corte transversal y arquitectura). Acceso directo al recurso interactivo.,https://javiercursocorreo-gif.github.io/Curso-IA/CLASES/EXPORTACION_FICHAS_CLASSROOM_PDF/100.%20%5BSESSIONS%5D%20TERNAS_LISTAS_PARA_CLASSROOM/29_Sesion/5.%20INT-029_El%20Templo%20de%20Artemisa%20en%20%C3%89feso_%20127%20columnas%20colosales%20y%20estatuas.pdf
,05. [INT] El Mundo por Dentro y Reconstrucción,[Sesión 30] INT - 030 Corte transversal del planeta Tierra desde la corteza oceánica al (PDF),Disponible en Sesión 30. Paso 5: El Mundo por Dentro y Reconstrucción Histórica (Corte transversal y arquitectura). Acceso directo al recurso interactivo.,https://javiercursocorreo-gif.github.io/Curso-IA/CLASES/EXPORTACION_FICHAS_CLASSROOM_PDF/100.%20%5BSESSIONS%5D%20TERNAS_LISTAS_PARA_CLASSROOM/30_Sesion/5.%20INT-030_Corte%20transversal%20del%20planeta%20Tierra%20desde%20la%20corteza%20oce%C3%A1nica%20al.pdf
,05. [INT] El Mundo por Dentro y Reconstrucción,[Sesión 31] INT - 031 El interior de un chip de ordenador cuántico operando dentro del (PDF),Disponible en Sesión 31. Paso 5: El Mundo por Dentro y Reconstrucción Histórica (Corte transversal y arquitectura). Acceso directo al recurso interactivo.,https://javiercursocorreo-gif.github.io/Curso-IA/CLASES/EXPORTACION_FICHAS_CLASSROOM_PDF/100.%20%5BSESSIONS%5D%20TERNAS_LISTAS_PARA_CLASSROOM/31_Sesion/5.%20INT-031_El%20interior%20de%20un%20chip%20de%20ordenador%20cu%C3%A1ntico%20operando%20dentro%20del%20.pdf
,05. [INT] El Mundo por Dentro y Reconstrucción,[Sesión 32] INT - 032 El interior de nuestro cerebro corte de resonancia 3D mostrando (PDF),Disponible en Sesión 32. Paso 5: El Mundo por Dentro y Reconstrucción Histórica (Corte transversal y arquitectura). Acceso directo al recurso interactivo.,https://javiercursocorreo-gif.github.io/Curso-IA/CLASES/EXPORTACION_FICHAS_CLASSROOM_PDF/100.%20%5BSESSIONS%5D%20TERNAS_LISTAS_PARA_CLASSROOM/32_Sesion/5.%20INT-032_El%20interior%20de%20nuestro%20cerebro_%20corte%20de%20resonancia%203D%20mostrando%20.pdf
,05. [INT] El Mundo por Dentro y Reconstrucción,[Sesión 33] INT - 033 La colosal red de hongos subterránea del bosque (Wood Wide Web) (PDF),Disponible en Sesión 33. Paso 5: El Mundo por Dentro y Reconstrucción Histórica (Corte transversal y arquitectura). Acceso directo al recurso interactivo.,https://javiercursocorreo-gif.github.io/Curso-IA/CLASES/EXPORTACION_FICHAS_CLASSROOM_PDF/100.%20%5BSESSIONS%5D%20TERNAS_LISTAS_PARA_CLASSROOM/33_Sesion/5.%20INT-033_La%20colosal%20red%20de%20hongos%20subterr%C3%A1nea%20del%20bosque%20%28Wood%20Wide%20Web%29_%20.pdf
,05. [INT] El Mundo por Dentro y Reconstrucción,[Sesión 34] INT - 034 Corte transversal de nuestro propio Sol núcleo de fusión atómica (PDF),Disponible en Sesión 34. Paso 5: El Mundo por Dentro y Reconstrucción Histórica (Corte transversal y arquitectura). Acceso directo al recurso interactivo.,https://javiercursocorreo-gif.github.io/Curso-IA/CLASES/EXPORTACION_FICHAS_CLASSROOM_PDF/100.%20%5BSESSIONS%5D%20TERNAS_LISTAS_PARA_CLASSROOM/34_Sesion/5.%20INT-034_Corte%20transversal%20de%20nuestro%20propio%20Sol_%20n%C3%BAcleo%20de%20fusi%C3%B3n%20at%C3%B3mica.pdf
,05. [INT] El Mundo por Dentro y Reconstrucción,"[Sesión 35] INT - 035 El interior de una cueva de cristales gigantes (Naica, México) a (PDF)",Disponible en Sesión 35. Paso 5: El Mundo por Dentro y Reconstrucción Histórica (Corte transversal y arquitectura). Acceso directo al recurso interactivo.,https://javiercursocorreo-gif.github.io/Curso-IA/CLASES/EXPORTACION_FICHAS_CLASSROOM_PDF/100.%20%5BSESSIONS%5D%20TERNAS_LISTAS_PARA_CLASSROOM/35_Sesion/5.%20INT-035_El%20interior%20de%20una%20cueva%20de%20cristales%20gigantes%20%28Naica%2C%20M%C3%A9xico%29%20a%20.pdf
,05. [INT] El Mundo por Dentro y Reconstrucción,[Sesión 36] INT - 036 Corte 3D de un volcán en erupción cámara magmática subterránea y (PDF),Disponible en Sesión 36. Paso 5: El Mundo por Dentro y Reconstrucción Histórica (Corte transversal y arquitectura). Acceso directo al recurso interactivo.,https://javiercursocorreo-gif.github.io/Curso-IA/CLASES/EXPORTACION_FICHAS_CLASSROOM_PDF/100.%20%5BSESSIONS%5D%20TERNAS_LISTAS_PARA_CLASSROOM/36_Sesion/5.%20INT-036_Corte%203D%20de%20un%20volc%C3%A1n%20en%20erupci%C3%B3n_%20c%C3%A1mara%20magm%C3%A1tica%20subterr%C3%A1nea%20y.pdf
,05. [INT] El Mundo por Dentro y Reconstrucción,[Sesión 37] INT - 037 El interior de un reloj astronómico medieval (estilo Praga) con s (PDF),Disponible en Sesión 37. Paso 5: El Mundo por Dentro y Reconstrucción Histórica (Corte transversal y arquitectura). Acceso directo al recurso interactivo.,https://javiercursocorreo-gif.github.io/Curso-IA/CLASES/EXPORTACION_FICHAS_CLASSROOM_PDF/100.%20%5BSESSIONS%5D%20TERNAS_LISTAS_PARA_CLASSROOM/37_Sesion/5.%20INT-037_El%20interior%20de%20un%20reloj%20astron%C3%B3mico%20medieval%20%28estilo%20Praga%29%20con%20s.pdf
,05. [INT] El Mundo por Dentro y Reconstrucción,"[Sesión 38] INT - 038 La fortaleza hidráulica y madriguera del castor dique, cúpula de (PDF)",Disponible en Sesión 38. Paso 5: El Mundo por Dentro y Reconstrucción Histórica (Corte transversal y arquitectura). Acceso directo al recurso interactivo.,https://javiercursocorreo-gif.github.io/Curso-IA/CLASES/EXPORTACION_FICHAS_CLASSROOM_PDF/100.%20%5BSESSIONS%5D%20TERNAS_LISTAS_PARA_CLASSROOM/38_Sesion/5.%20INT-038_La%20fortaleza%20hidr%C3%A1ulica%20y%20madriguera%20del%20castor_%20dique%2C%20c%C3%BApula%20de.pdf
,05. [INT] El Mundo por Dentro y Reconstrucción,"[Sesión 39] INT - 039 El interior microscópico del ojo humano córnea, cristalino y ret (PDF)",Disponible en Sesión 39. Paso 5: El Mundo por Dentro y Reconstrucción Histórica (Corte transversal y arquitectura). Acceso directo al recurso interactivo.,https://javiercursocorreo-gif.github.io/Curso-IA/CLASES/EXPORTACION_FICHAS_CLASSROOM_PDF/100.%20%5BSESSIONS%5D%20TERNAS_LISTAS_PARA_CLASSROOM/39_Sesion/5.%20INT-039_El%20interior%20microsc%C3%B3pico%20del%20ojo%20humano_%20c%C3%B3rnea%2C%20cristalino%20y%20ret.pdf
,05. [INT] El Mundo por Dentro y Reconstrucción,[Sesión 40] INT - 040 El interior de una turbina eólica flotante en alta mar de 15 mega (PDF),Disponible en Sesión 40. Paso 5: El Mundo por Dentro y Reconstrucción Histórica (Corte transversal y arquitectura). Acceso directo al recurso interactivo.,https://javiercursocorreo-gif.github.io/Curso-IA/CLASES/EXPORTACION_FICHAS_CLASSROOM_PDF/100.%20%5BSESSIONS%5D%20TERNAS_LISTAS_PARA_CLASSROOM/40_Sesion/5.%20INT-040_El%20interior%20de%20una%20turbina%20e%C3%B3lica%20flotante%20en%20alta%20mar%20de%2015%20mega.pdf
,05. [INT] El Mundo por Dentro y Reconstrucción,[Sesión 41] INT - 041 Corte transversal del telescopio espacial James Webb (JWST) y sus (PDF),Disponible en Sesión 41. Paso 5: El Mundo por Dentro y Reconstrucción Histórica (Corte transversal y arquitectura). Acceso directo al recurso interactivo.,https://javiercursocorreo-gif.github.io/Curso-IA/CLASES/EXPORTACION_FICHAS_CLASSROOM_PDF/100.%20%5BSESSIONS%5D%20TERNAS_LISTAS_PARA_CLASSROOM/41_Sesion/5.%20INT-041_Corte%20transversal%20del%20telescopio%20espacial%20James%20Webb%20%28JWST%29%20y%20sus.pdf
,05. [INT] El Mundo por Dentro y Reconstrucción,[Sesión 42] INT - 042 Corte 3D de un túnel subterráneo de levitación magnética cruzando (PDF),Disponible en Sesión 42. Paso 5: El Mundo por Dentro y Reconstrucción Histórica (Corte transversal y arquitectura). Acceso directo al recurso interactivo.,https://javiercursocorreo-gif.github.io/Curso-IA/CLASES/EXPORTACION_FICHAS_CLASSROOM_PDF/100.%20%5BSESSIONS%5D%20TERNAS_LISTAS_PARA_CLASSROOM/42_Sesion/5.%20INT-042_Corte%203D%20de%20un%20t%C3%BAnel%20subterr%C3%A1neo%20de%20levitaci%C3%B3n%20magn%C3%A9tica%20cruzando.pdf
,05. [INT] El Mundo por Dentro y Reconstrucción,[Sesión 43] INT - 043 El rascacielos bioclimático de las termitas brújula chimeneas so (PDF),Disponible en Sesión 43. Paso 5: El Mundo por Dentro y Reconstrucción Histórica (Corte transversal y arquitectura). Acceso directo al recurso interactivo.,https://javiercursocorreo-gif.github.io/Curso-IA/CLASES/EXPORTACION_FICHAS_CLASSROOM_PDF/100.%20%5BSESSIONS%5D%20TERNAS_LISTAS_PARA_CLASSROOM/43_Sesion/5.%20INT-043_El%20rascacielos%20bioclim%C3%A1tico%20de%20las%20termitas%20br%C3%BAjula_%20chimeneas%20so.pdf
,05. [INT] El Mundo por Dentro y Reconstrucción,[Sesión 44] INT - 044 Corte transversal de una gran batería de coche eléctrico de litio (PDF),Disponible en Sesión 44. Paso 5: El Mundo por Dentro y Reconstrucción Histórica (Corte transversal y arquitectura). Acceso directo al recurso interactivo.,https://javiercursocorreo-gif.github.io/Curso-IA/CLASES/EXPORTACION_FICHAS_CLASSROOM_PDF/100.%20%5BSESSIONS%5D%20TERNAS_LISTAS_PARA_CLASSROOM/44_Sesion/5.%20INT-044_Corte%20transversal%20de%20una%20gran%20bater%C3%ADa%20de%20coche%20el%C3%A9ctrico%20de%20litio.pdf
,05. [INT] El Mundo por Dentro y Reconstrucción,[Sesión 45] INT - 045 El Coliseo de Roma por dentro velas desplegadas y fosos subterrá (PDF),Disponible en Sesión 45. Paso 5: El Mundo por Dentro y Reconstrucción Histórica (Corte transversal y arquitectura). Acceso directo al recurso interactivo.,https://javiercursocorreo-gif.github.io/Curso-IA/CLASES/EXPORTACION_FICHAS_CLASSROOM_PDF/100.%20%5BSESSIONS%5D%20TERNAS_LISTAS_PARA_CLASSROOM/45_Sesion/5.%20INT-045_El%20Coliseo%20de%20Roma%20por%20dentro_%20velas%20desplegadas%20y%20fosos%20subterr%C3%A1.pdf
,05. [INT] El Mundo por Dentro y Reconstrucción,[Sesión 46] INT - 046 El Templo Mayor de Angkor Wat en Camboya por dentro fosos y sant (PDF),Disponible en Sesión 46. Paso 5: El Mundo por Dentro y Reconstrucción Histórica (Corte transversal y arquitectura). Acceso directo al recurso interactivo.,https://javiercursocorreo-gif.github.io/Curso-IA/CLASES/EXPORTACION_FICHAS_CLASSROOM_PDF/100.%20%5BSESSIONS%5D%20TERNAS_LISTAS_PARA_CLASSROOM/46_Sesion/5.%20INT-046_El%20Templo%20Mayor%20de%20Angkor%20Wat%20en%20Camboya%20por%20dentro_%20fosos%20y%20sant.pdf
,05. [INT] El Mundo por Dentro y Reconstrucción,[Sesión 47] INT - 047 Reconstrucción del palacio omeya de Medina Azahara (Córdoba) en s (PDF),Disponible en Sesión 47. Paso 5: El Mundo por Dentro y Reconstrucción Histórica (Corte transversal y arquitectura). Acceso directo al recurso interactivo.,https://javiercursocorreo-gif.github.io/Curso-IA/CLASES/EXPORTACION_FICHAS_CLASSROOM_PDF/100.%20%5BSESSIONS%5D%20TERNAS_LISTAS_PARA_CLASSROOM/47_Sesion/5.%20INT-047_Reconstrucci%C3%B3n%20del%20palacio%20omeya%20de%20Medina%20Azahara%20%28C%C3%B3rdoba%29%20en%20s.pdf
,05. [INT] El Mundo por Dentro y Reconstrucción,[Sesión 48] INT - 048 Reconstrucción de la antigua Jerusalén del siglo I con el Segundo (PDF),Disponible en Sesión 48. Paso 5: El Mundo por Dentro y Reconstrucción Histórica (Corte transversal y arquitectura). Acceso directo al recurso interactivo.,https://javiercursocorreo-gif.github.io/Curso-IA/CLASES/EXPORTACION_FICHAS_CLASSROOM_PDF/100.%20%5BSESSIONS%5D%20TERNAS_LISTAS_PARA_CLASSROOM/48_Sesion/5.%20INT-048_Reconstrucci%C3%B3n%20de%20la%20antigua%20Jerusal%C3%A9n%20del%20siglo%20I%20con%20el%20Segundo.pdf
,05. [INT] El Mundo por Dentro y Reconstrucción,[Sesión 49] INT - 049 Reconstrucción virtual del Circo Máximo de Roma en plena carrera (PDF),Disponible en Sesión 49. Paso 5: El Mundo por Dentro y Reconstrucción Histórica (Corte transversal y arquitectura). Acceso directo al recurso interactivo.,https://javiercursocorreo-gif.github.io/Curso-IA/CLASES/EXPORTACION_FICHAS_CLASSROOM_PDF/100.%20%5BSESSIONS%5D%20TERNAS_LISTAS_PARA_CLASSROOM/49_Sesion/5.%20INT-049_Reconstrucci%C3%B3n%20virtual%20del%20Circo%20M%C3%A1ximo%20de%20Roma%20en%20plena%20carrera%20.pdf
,05. [INT] El Mundo por Dentro y Reconstrucción,[Sesión 50] INT - 050 Torre solar termoeléctrica por dentro con sus espejos heliostatos (PDF),Disponible en Sesión 50. Paso 5: El Mundo por Dentro y Reconstrucción Histórica (Corte transversal y arquitectura). Acceso directo al recurso interactivo.,https://javiercursocorreo-gif.github.io/Curso-IA/CLASES/EXPORTACION_FICHAS_CLASSROOM_PDF/100.%20%5BSESSIONS%5D%20TERNAS_LISTAS_PARA_CLASSROOM/50_Sesion/5.%20INT-050_Torre%20solar%20termoel%C3%A9ctrica%20por%20dentro%20con%20sus%20espejos%20heliostatos.pdf
,05. [INT] El Mundo por Dentro y Reconstrucción,[Sesión 51] INT - 051 Reconstrucción de la legendaria Troya en la Edad del Bronce con s (PDF),Disponible en Sesión 51. Paso 5: El Mundo por Dentro y Reconstrucción Histórica (Corte transversal y arquitectura). Acceso directo al recurso interactivo.,https://javiercursocorreo-gif.github.io/Curso-IA/CLASES/EXPORTACION_FICHAS_CLASSROOM_PDF/100.%20%5BSESSIONS%5D%20TERNAS_LISTAS_PARA_CLASSROOM/51_Sesion/5.%20INT-051_Reconstrucci%C3%B3n%20de%20la%20legendaria%20Troya%20en%20la%20Edad%20del%20Bronce%20con%20s.pdf
,05. [INT] El Mundo por Dentro y Reconstrucción,[Sesión 52] INT - 052 Reconstrucción de la Alhambra de Granada en el siglo XIV con sus (PDF),Disponible en Sesión 52. Paso 5: El Mundo por Dentro y Reconstrucción Histórica (Corte transversal y arquitectura). Acceso directo al recurso interactivo.,https://javiercursocorreo-gif.github.io/Curso-IA/CLASES/EXPORTACION_FICHAS_CLASSROOM_PDF/100.%20%5BSESSIONS%5D%20TERNAS_LISTAS_PARA_CLASSROOM/52_Sesion/5.%20INT-052_Reconstrucci%C3%B3n%20de%20la%20Alhambra%20de%20Granada%20en%20el%20siglo%20XIV%20con%20sus%20.pdf
,05. [INT] El Mundo por Dentro y Reconstrucción,[Sesión 53] INT - 053 Corte transversal del Puente Golden Gate en San Francisco cables (PDF),Disponible en Sesión 53. Paso 5: El Mundo por Dentro y Reconstrucción Histórica (Corte transversal y arquitectura). Acceso directo al recurso interactivo.,https://javiercursocorreo-gif.github.io/Curso-IA/CLASES/EXPORTACION_FICHAS_CLASSROOM_PDF/100.%20%5BSESSIONS%5D%20TERNAS_LISTAS_PARA_CLASSROOM/53_Sesion/5.%20INT-053_Corte%20transversal%20del%20Puente%20Golden%20Gate%20en%20San%20Francisco_%20cables.pdf
,05. [INT] El Mundo por Dentro y Reconstrucción,[Sesión 54] INT - 054 Reconstrucción del Palacio de Cnossos en Creta frescos del salto (PDF),Disponible en Sesión 54. Paso 5: El Mundo por Dentro y Reconstrucción Histórica (Corte transversal y arquitectura). Acceso directo al recurso interactivo.,https://javiercursocorreo-gif.github.io/Curso-IA/CLASES/EXPORTACION_FICHAS_CLASSROOM_PDF/100.%20%5BSESSIONS%5D%20TERNAS_LISTAS_PARA_CLASSROOM/54_Sesion/5.%20INT-054_Reconstrucci%C3%B3n%20del%20Palacio%20de%20Cnossos%20en%20Creta_%20frescos%20del%20salto.pdf
,05. [INT] El Mundo por Dentro y Reconstrucción,[Sesión 55] INT - 055 Corte transversal de un submarino nuclear de la Armada sala de r (PDF),Disponible en Sesión 55. Paso 5: El Mundo por Dentro y Reconstrucción Histórica (Corte transversal y arquitectura). Acceso directo al recurso interactivo.,https://javiercursocorreo-gif.github.io/Curso-IA/CLASES/EXPORTACION_FICHAS_CLASSROOM_PDF/100.%20%5BSESSIONS%5D%20TERNAS_LISTAS_PARA_CLASSROOM/55_Sesion/5.%20INT-055_Corte%20transversal%20de%20un%20submarino%20nuclear%20de%20la%20Armada_%20sala%20de%20r.pdf
,05. [INT] El Mundo por Dentro y Reconstrucción,[Sesión 56] INT - 056 Corte transversal de un hábitat polar antártico sobre esquíes ada (PDF),Disponible en Sesión 56. Paso 5: El Mundo por Dentro y Reconstrucción Histórica (Corte transversal y arquitectura). Acceso directo al recurso interactivo.,https://javiercursocorreo-gif.github.io/Curso-IA/CLASES/EXPORTACION_FICHAS_CLASSROOM_PDF/100.%20%5BSESSIONS%5D%20TERNAS_LISTAS_PARA_CLASSROOM/56_Sesion/5.%20INT-056_Corte%20transversal%20de%20un%20h%C3%A1bitat%20polar%20ant%C3%A1rtico%20sobre%20esqu%C3%ADes%20ada.pdf
,05. [INT] El Mundo por Dentro y Reconstrucción,[Sesión 57] INT - 057 Reconstrucción del Templo Mayor del Imperio Inca en el Cuzco (El (PDF),Disponible en Sesión 57. Paso 5: El Mundo por Dentro y Reconstrucción Histórica (Corte transversal y arquitectura). Acceso directo al recurso interactivo.,https://javiercursocorreo-gif.github.io/Curso-IA/CLASES/EXPORTACION_FICHAS_CLASSROOM_PDF/100.%20%5BSESSIONS%5D%20TERNAS_LISTAS_PARA_CLASSROOM/57_Sesion/5.%20INT-057_Reconstrucci%C3%B3n%20del%20Templo%20Mayor%20del%20Imperio%20Inca%20en%20el%20Cuzco%20%28El%20.pdf
,05. [INT] El Mundo por Dentro y Reconstrucción,[Sesión 58] INT - 058 El edificio de apartamentos colgante del pájaro tejedor republica (PDF),Disponible en Sesión 58. Paso 5: El Mundo por Dentro y Reconstrucción Histórica (Corte transversal y arquitectura). Acceso directo al recurso interactivo.,https://javiercursocorreo-gif.github.io/Curso-IA/CLASES/EXPORTACION_FICHAS_CLASSROOM_PDF/100.%20%5BSESSIONS%5D%20TERNAS_LISTAS_PARA_CLASSROOM/58_Sesion/5.%20INT-058_El%20edificio%20de%20apartamentos%20colgante%20del%20p%C3%A1jaro%20tejedor%20republica.pdf
,05. [INT] El Mundo por Dentro y Reconstrucción,[Sesión 59] INT - 059 Corte de una casa ecológica pasiva de balance cero de energía (Pa (PDF),Disponible en Sesión 59. Paso 5: El Mundo por Dentro y Reconstrucción Histórica (Corte transversal y arquitectura). Acceso directo al recurso interactivo.,https://javiercursocorreo-gif.github.io/Curso-IA/CLASES/EXPORTACION_FICHAS_CLASSROOM_PDF/100.%20%5BSESSIONS%5D%20TERNAS_LISTAS_PARA_CLASSROOM/59_Sesion/5.%20INT-059_Corte%20de%20una%20casa%20ecol%C3%B3gica%20pasiva%20de%20balance%20cero%20de%20energ%C3%ADa%20%28Pa.pdf
,05. [INT] El Mundo por Dentro y Reconstrucción,[Sesión 60] INT - 060 Síntesis INT Corte 3D comparativo Panteón de Roma vs Cúpula Lu (PDF),Disponible en Sesión 60. Paso 5: El Mundo por Dentro y Reconstrucción Histórica (Corte transversal y arquitectura). Acceso directo al recurso interactivo.,https://javiercursocorreo-gif.github.io/Curso-IA/CLASES/EXPORTACION_FICHAS_CLASSROOM_PDF/100.%20%5BSESSIONS%5D%20TERNAS_LISTAS_PARA_CLASSROOM/60_Sesion_Cierre/5.%20INT-060_S%C3%ADntesis%20INT_%20Corte%203D%20comparativo%20Pante%C3%B3n%20de%20Roma%20vs%20C%C3%BApula%20Lu.pdf
,06. [FUT] Línea de Tiempo del Futuro (2030+),[Sesión 01] FUT - 001 Año 2028 El asistente robótico compasivo en el hogar familiar ma (PDF),Disponible en Sesión 01. Paso 6: Línea de Tiempo del Futuro y Sci-Fi (Tecnología amable y robótica del mañana). Acceso directo al recurso interactivo.,https://javiercursocorreo-gif.github.io/Curso-IA/CLASES/EXPORTACION_FICHAS_CLASSROOM_PDF/100.%20%5BSESSIONS%5D%20TERNAS_LISTAS_PARA_CLASSROOM/01_Sesion/6.%20FUT-001_A%C3%B1o%202028_%20El%20asistente%20rob%C3%B3tico%20compasivo%20en%20el%20hogar%20familiar%20ma.pdf
,06. [FUT] Línea de Tiempo del Futuro (2030+),[Sesión 02] FUT - 002 Año 2030 Gafas de realidad mixta y traducción simultánea univers (PDF),Disponible en Sesión 02. Paso 6: Línea de Tiempo del Futuro y Sci-Fi (Tecnología amable y robótica del mañana). Acceso directo al recurso interactivo.,https://javiercursocorreo-gif.github.io/Curso-IA/CLASES/EXPORTACION_FICHAS_CLASSROOM_PDF/100.%20%5BSESSIONS%5D%20TERNAS_LISTAS_PARA_CLASSROOM/02_Sesion/6.%20FUT-002_A%C3%B1o%202030_%20Gafas%20de%20realidad%20mixta%20y%20traducci%C3%B3n%20simult%C3%A1nea%20univers.pdf
,06. [FUT] Línea de Tiempo del Futuro (2030+),[Sesión 03] FUT - 003 Año 2033 Agricultura vertical urbana e invernaderos hidropónicos (PDF),Disponible en Sesión 03. Paso 6: Línea de Tiempo del Futuro y Sci-Fi (Tecnología amable y robótica del mañana). Acceso directo al recurso interactivo.,https://javiercursocorreo-gif.github.io/Curso-IA/CLASES/EXPORTACION_FICHAS_CLASSROOM_PDF/100.%20%5BSESSIONS%5D%20TERNAS_LISTAS_PARA_CLASSROOM/03_Sesion/6.%20FUT-003_A%C3%B1o%202033_%20Agricultura%20vertical%20urbana%20e%20invernaderos%20hidrop%C3%B3nicos.pdf
,06. [FUT] Línea de Tiempo del Futuro (2030+),[Sesión 04] FUT - 004 Año 2035 Terapia génica personalizada y vacunas universales cont (PDF),Disponible en Sesión 04. Paso 6: Línea de Tiempo del Futuro y Sci-Fi (Tecnología amable y robótica del mañana). Acceso directo al recurso interactivo.,https://javiercursocorreo-gif.github.io/Curso-IA/CLASES/EXPORTACION_FICHAS_CLASSROOM_PDF/100.%20%5BSESSIONS%5D%20TERNAS_LISTAS_PARA_CLASSROOM/04_Sesion/6.%20FUT-004_A%C3%B1o%202035_%20Terapia%20g%C3%A9nica%20personalizada%20y%20vacunas%20universales%20cont.pdf
,06. [FUT] Línea de Tiempo del Futuro (2030+),[Sesión 05] FUT - 005 Año 2038 Redes eléctricas inteligentes cuánticas y reactores mod (PDF),Disponible en Sesión 05. Paso 6: Línea de Tiempo del Futuro y Sci-Fi (Tecnología amable y robótica del mañana). Acceso directo al recurso interactivo.,https://javiercursocorreo-gif.github.io/Curso-IA/CLASES/EXPORTACION_FICHAS_CLASSROOM_PDF/100.%20%5BSESSIONS%5D%20TERNAS_LISTAS_PARA_CLASSROOM/05_Sesion/6.%20FUT-005_A%C3%B1o%202038_%20Redes%20el%C3%A9ctricas%20inteligentes%20cu%C3%A1nticas%20y%20reactores%20mod.pdf
,06. [FUT] Línea de Tiempo del Futuro (2030+),[Sesión 06] FUT - 006 Año 2040 Drones urbanos de transporte de pasajeros (eVTOL) y aer (PDF),Disponible en Sesión 06. Paso 6: Línea de Tiempo del Futuro y Sci-Fi (Tecnología amable y robótica del mañana). Acceso directo al recurso interactivo.,https://javiercursocorreo-gif.github.io/Curso-IA/CLASES/EXPORTACION_FICHAS_CLASSROOM_PDF/100.%20%5BSESSIONS%5D%20TERNAS_LISTAS_PARA_CLASSROOM/06_Sesion/6.%20FUT-006_A%C3%B1o%202040_%20Drones%20urbanos%20de%20transporte%20de%20pasajeros%20%28eVTOL%29%20y%20aer.pdf
,06. [FUT] Línea de Tiempo del Futuro (2030+),[Sesión 07] FUT - 007 Año 2042 Regeneración de órganos 3D con biotinta de células madr (PDF),Disponible en Sesión 07. Paso 6: Línea de Tiempo del Futuro y Sci-Fi (Tecnología amable y robótica del mañana). Acceso directo al recurso interactivo.,https://javiercursocorreo-gif.github.io/Curso-IA/CLASES/EXPORTACION_FICHAS_CLASSROOM_PDF/100.%20%5BSESSIONS%5D%20TERNAS_LISTAS_PARA_CLASSROOM/07_Sesion/6.%20FUT-007_A%C3%B1o%202042_%20Regeneraci%C3%B3n%20de%20%C3%B3rganos%203D%20con%20biotinta%20de%20c%C3%A9lulas%20madr.pdf
,06. [FUT] Línea de Tiempo del Futuro (2030+),[Sesión 08] FUT - 008 Año 2045 Carne cultivada celular en laboratorios de alta cocina (PDF),Disponible en Sesión 08. Paso 6: Línea de Tiempo del Futuro y Sci-Fi (Tecnología amable y robótica del mañana). Acceso directo al recurso interactivo.,https://javiercursocorreo-gif.github.io/Curso-IA/CLASES/EXPORTACION_FICHAS_CLASSROOM_PDF/100.%20%5BSESSIONS%5D%20TERNAS_LISTAS_PARA_CLASSROOM/08_Sesion/6.%20FUT-008_A%C3%B1o%202045_%20Carne%20cultivada%20celular%20en%20laboratorios%20de%20alta%20cocina%20.pdf
,06. [FUT] Línea de Tiempo del Futuro (2030+),[Sesión 09] FUT - 009 Año 2050 La Base Lunar 'Artemis - Shackleton' permanente en el Pol (PDF),Disponible en Sesión 09. Paso 6: Línea de Tiempo del Futuro y Sci-Fi (Tecnología amable y robótica del mañana). Acceso directo al recurso interactivo.,https://javiercursocorreo-gif.github.io/Curso-IA/CLASES/EXPORTACION_FICHAS_CLASSROOM_PDF/100.%20%5BSESSIONS%5D%20TERNAS_LISTAS_PARA_CLASSROOM/09_Sesion/6.%20FUT-009_A%C3%B1o%202050_%20La%20Base%20Lunar%20%27Artemis-Shackleton%27%20permanente%20en%20el%20Pol.pdf
,06. [FUT] Línea de Tiempo del Futuro (2030+),[Sesión 10] FUT - 010 Año 2055 Úteros artificiales bio - sintéticos (Ectogénesis) para p (PDF),Disponible en Sesión 10. Paso 6: Línea de Tiempo del Futuro y Sci-Fi (Tecnología amable y robótica del mañana). Acceso directo al recurso interactivo.,https://javiercursocorreo-gif.github.io/Curso-IA/CLASES/EXPORTACION_FICHAS_CLASSROOM_PDF/100.%20%5BSESSIONS%5D%20TERNAS_LISTAS_PARA_CLASSROOM/10_Sesion/6.%20FUT-010_A%C3%B1o%202055_%20%C3%9Ateros%20artificiales%20bio-sint%C3%A9ticos%20%28Ectog%C3%A9nesis%29%20para%20p.pdf
,06. [FUT] Línea de Tiempo del Futuro (2030+),[Sesión 11] FUT - 011 Año 2058 Ciber - prótesis biónicas neuro - conectadas con tacto de s (PDF),Disponible en Sesión 11. Paso 6: Línea de Tiempo del Futuro y Sci-Fi (Tecnología amable y robótica del mañana). Acceso directo al recurso interactivo.,https://javiercursocorreo-gif.github.io/Curso-IA/CLASES/EXPORTACION_FICHAS_CLASSROOM_PDF/100.%20%5BSESSIONS%5D%20TERNAS_LISTAS_PARA_CLASSROOM/11_Sesion/6.%20FUT-011_A%C3%B1o%202058_%20Ciber-pr%C3%B3tesis%20bi%C3%B3nicas%20neuro-conectadas%20con%20tacto%20de%20s.pdf
,06. [FUT] Línea de Tiempo del Futuro (2030+),[Sesión 12] FUT - 012 Año 2060 Hoteles orbitales de gravedad artificial con cúpula pan (PDF),Disponible en Sesión 12. Paso 6: Línea de Tiempo del Futuro y Sci-Fi (Tecnología amable y robótica del mañana). Acceso directo al recurso interactivo.,https://javiercursocorreo-gif.github.io/Curso-IA/CLASES/EXPORTACION_FICHAS_CLASSROOM_PDF/100.%20%5BSESSIONS%5D%20TERNAS_LISTAS_PARA_CLASSROOM/12_Sesion/6.%20FUT-012_A%C3%B1o%202060_%20Hoteles%20orbitales%20de%20gravedad%20artificial%20con%20c%C3%BApula%20pan.pdf
,06. [FUT] Línea de Tiempo del Futuro (2030+),[Sesión 13] FUT - 013 Año 2063 La gran red de trenes de levitación magnética en tubo a (PDF),Disponible en Sesión 13. Paso 6: Línea de Tiempo del Futuro y Sci-Fi (Tecnología amable y robótica del mañana). Acceso directo al recurso interactivo.,https://javiercursocorreo-gif.github.io/Curso-IA/CLASES/EXPORTACION_FICHAS_CLASSROOM_PDF/100.%20%5BSESSIONS%5D%20TERNAS_LISTAS_PARA_CLASSROOM/13_Sesion/6.%20FUT-013_A%C3%B1o%202063_%20La%20gran%20red%20de%20trenes%20de%20levitaci%C3%B3n%20magn%C3%A9tica%20en%20tubo%20a.pdf
,06. [FUT] Línea de Tiempo del Futuro (2030+),[Sesión 14] FUT - 014 Año 2065 Desalinizadoras solares de grafeno y reverdecimiento de (PDF),Disponible en Sesión 14. Paso 6: Línea de Tiempo del Futuro y Sci-Fi (Tecnología amable y robótica del mañana). Acceso directo al recurso interactivo.,https://javiercursocorreo-gif.github.io/Curso-IA/CLASES/EXPORTACION_FICHAS_CLASSROOM_PDF/100.%20%5BSESSIONS%5D%20TERNAS_LISTAS_PARA_CLASSROOM/14_Sesion/6.%20FUT-014_A%C3%B1o%202065_%20Desalinizadoras%20solares%20de%20grafeno%20y%20reverdecimiento%20de.pdf
,06. [FUT] Línea de Tiempo del Futuro (2030+),[Sesión 15] FUT - 015 Año 2070 La Primera Ciudad en Marte ('Ares Vallis Capitol') bajo (PDF),Disponible en Sesión 15. Paso 6: Línea de Tiempo del Futuro y Sci-Fi (Tecnología amable y robótica del mañana). Acceso directo al recurso interactivo.,https://javiercursocorreo-gif.github.io/Curso-IA/CLASES/EXPORTACION_FICHAS_CLASSROOM_PDF/100.%20%5BSESSIONS%5D%20TERNAS_LISTAS_PARA_CLASSROOM/15_Sesion/6.%20FUT-015_A%C3%B1o%202070_%20La%20Primera%20Ciudad%20en%20Marte%20%28%27Ares%20Vallis%20Capitol%27%29%20bajo.pdf
,06. [FUT] Línea de Tiempo del Futuro (2030+),[Sesión 16] FUT - 016 Año 2075 Ascensores espaciales de nanotubos de carbono anclados (PDF),Disponible en Sesión 16. Paso 6: Línea de Tiempo del Futuro y Sci-Fi (Tecnología amable y robótica del mañana). Acceso directo al recurso interactivo.,https://javiercursocorreo-gif.github.io/Curso-IA/CLASES/EXPORTACION_FICHAS_CLASSROOM_PDF/100.%20%5BSESSIONS%5D%20TERNAS_LISTAS_PARA_CLASSROOM/16_Sesion/6.%20FUT-016_A%C3%B1o%202075_%20Ascensores%20espaciales%20de%20nanotubos%20de%20carbono%20anclados%20.pdf
,06. [FUT] Línea de Tiempo del Futuro (2030+),[Sesión 17] FUT - 017 Año 2080 La gran red de satélites colectores solares cósmicos qu (PDF),Disponible en Sesión 17. Paso 6: Línea de Tiempo del Futuro y Sci-Fi (Tecnología amable y robótica del mañana). Acceso directo al recurso interactivo.,https://javiercursocorreo-gif.github.io/Curso-IA/CLASES/EXPORTACION_FICHAS_CLASSROOM_PDF/100.%20%5BSESSIONS%5D%20TERNAS_LISTAS_PARA_CLASSROOM/17_Sesion/6.%20FUT-017_A%C3%B1o%202080_%20La%20gran%20red%20de%20sat%C3%A9lites%20colectores%20solares%20c%C3%B3smicos%20qu.pdf
,06. [FUT] Línea de Tiempo del Futuro (2030+),[Sesión 18] FUT - 018 Año 2090 Minería e industrialización automatizada en los asteroi (PDF),Disponible en Sesión 18. Paso 6: Línea de Tiempo del Futuro y Sci-Fi (Tecnología amable y robótica del mañana). Acceso directo al recurso interactivo.,https://javiercursocorreo-gif.github.io/Curso-IA/CLASES/EXPORTACION_FICHAS_CLASSROOM_PDF/100.%20%5BSESSIONS%5D%20TERNAS_LISTAS_PARA_CLASSROOM/18_Sesion/6.%20FUT-018_A%C3%B1o%202090_%20Miner%C3%ADa%20e%20industrializaci%C3%B3n%20automatizada%20en%20los%20asteroi.pdf
,06. [FUT] Línea de Tiempo del Futuro (2030+),[Sesión 19] FUT - 019 Año 2100 El Primer Siglo post - envejecimiento molecular y terapia (PDF),Disponible en Sesión 19. Paso 6: Línea de Tiempo del Futuro y Sci-Fi (Tecnología amable y robótica del mañana). Acceso directo al recurso interactivo.,https://javiercursocorreo-gif.github.io/Curso-IA/CLASES/EXPORTACION_FICHAS_CLASSROOM_PDF/100.%20%5BSESSIONS%5D%20TERNAS_LISTAS_PARA_CLASSROOM/19_Sesion/6.%20FUT-019_A%C3%B1o%202100_%20El%20Primer%20Siglo%20post-envejecimiento%20molecular%20y%20terapia.pdf
,06. [FUT] Línea de Tiempo del Futuro (2030+),[Sesión 20] FUT - 020 Año 2115 El Inicio de la Terraformación de Marte con espejos orb (PDF),Disponible en Sesión 20. Paso 6: Línea de Tiempo del Futuro y Sci-Fi (Tecnología amable y robótica del mañana). Acceso directo al recurso interactivo.,https://javiercursocorreo-gif.github.io/Curso-IA/CLASES/EXPORTACION_FICHAS_CLASSROOM_PDF/100.%20%5BSESSIONS%5D%20TERNAS_LISTAS_PARA_CLASSROOM/20_Sesion/6.%20FUT-020_A%C3%B1o%202115_%20El%20Inicio%20de%20la%20Terraformaci%C3%B3n%20de%20Marte%20con%20espejos%20orb.pdf
,06. [FUT] Línea de Tiempo del Futuro (2030+),[Sesión 21] FUT - 021 Año 2130 Interfaz Cerebro - Ordenador no invasiva por ultrasonidos (PDF),Disponible en Sesión 21. Paso 6: Línea de Tiempo del Futuro y Sci-Fi (Tecnología amable y robótica del mañana). Acceso directo al recurso interactivo.,https://javiercursocorreo-gif.github.io/Curso-IA/CLASES/EXPORTACION_FICHAS_CLASSROOM_PDF/100.%20%5BSESSIONS%5D%20TERNAS_LISTAS_PARA_CLASSROOM/21_Sesion/6.%20FUT-021_A%C3%B1o%202130_%20Interfaz%20Cerebro-Ordenador%20no%20invasiva%20por%20ultrasonidos.pdf
,06. [FUT] Línea de Tiempo del Futuro (2030+),[Sesión 22] FUT - 022 Año 2150 Ciudades flotantes y aerostáticas en las nubes altas de (PDF),Disponible en Sesión 22. Paso 6: Línea de Tiempo del Futuro y Sci-Fi (Tecnología amable y robótica del mañana). Acceso directo al recurso interactivo.,https://javiercursocorreo-gif.github.io/Curso-IA/CLASES/EXPORTACION_FICHAS_CLASSROOM_PDF/100.%20%5BSESSIONS%5D%20TERNAS_LISTAS_PARA_CLASSROOM/22_Sesion/6.%20FUT-022_A%C3%B1o%202150_%20Ciudades%20flotantes%20y%20aerost%C3%A1ticas%20en%20las%20nubes%20altas%20de.pdf
,06. [FUT] Línea de Tiempo del Futuro (2030+),[Sesión 23] FUT - 023 Año 2200 El Motor de Curvatura ('Alcubierre Warp Drive') y el pr (PDF),Disponible en Sesión 23. Paso 6: Línea de Tiempo del Futuro y Sci-Fi (Tecnología amable y robótica del mañana). Acceso directo al recurso interactivo.,https://javiercursocorreo-gif.github.io/Curso-IA/CLASES/EXPORTACION_FICHAS_CLASSROOM_PDF/100.%20%5BSESSIONS%5D%20TERNAS_LISTAS_PARA_CLASSROOM/23_Sesion/6.%20FUT-023_A%C3%B1o%202200_%20El%20Motor%20de%20Curvatura%20%28%27Alcubierre%20Warp%20Drive%27%29%20y%20el%20pr.pdf
,06. [FUT] Línea de Tiempo del Futuro (2030+),[Sesión 24] FUT - 024 Año 2350 Terra - formación de 'Próxima Centauri b' y biomas biolum (PDF),Disponible en Sesión 24. Paso 6: Línea de Tiempo del Futuro y Sci-Fi (Tecnología amable y robótica del mañana). Acceso directo al recurso interactivo.,https://javiercursocorreo-gif.github.io/Curso-IA/CLASES/EXPORTACION_FICHAS_CLASSROOM_PDF/100.%20%5BSESSIONS%5D%20TERNAS_LISTAS_PARA_CLASSROOM/24_Sesion/6.%20FUT-024_A%C3%B1o%202350_%20Terra-formaci%C3%B3n%20de%20%27Pr%C3%B3xima%20Centauri%20b%27%20y%20biomas%20biolum.pdf
,06. [FUT] Línea de Tiempo del Futuro (2030+),[Sesión 25] FUT - 025 Año 2500 El Primer Contacto con una civilización extraterrestre (PDF),Disponible en Sesión 25. Paso 6: Línea de Tiempo del Futuro y Sci-Fi (Tecnología amable y robótica del mañana). Acceso directo al recurso interactivo.,https://javiercursocorreo-gif.github.io/Curso-IA/CLASES/EXPORTACION_FICHAS_CLASSROOM_PDF/100.%20%5BSESSIONS%5D%20TERNAS_LISTAS_PARA_CLASSROOM/25_Sesion/6.%20FUT-025_A%C3%B1o%202500_%20El%20Primer%20Contacto%20con%20una%20civilizaci%C3%B3n%20extraterrestre%20.pdf
,06. [FUT] Línea de Tiempo del Futuro (2030+),[Sesión 26] FUT - 026 Año 2750 Los Grandes Exploradores del Océano Subterráneo de la L (PDF),Disponible en Sesión 26. Paso 6: Línea de Tiempo del Futuro y Sci-Fi (Tecnología amable y robótica del mañana). Acceso directo al recurso interactivo.,https://javiercursocorreo-gif.github.io/Curso-IA/CLASES/EXPORTACION_FICHAS_CLASSROOM_PDF/100.%20%5BSESSIONS%5D%20TERNAS_LISTAS_PARA_CLASSROOM/26_Sesion/6.%20FUT-026_A%C3%B1o%202750_%20Los%20Grandes%20Exploradores%20del%20Oc%C3%A9ano%20Subterr%C3%A1neo%20de%20la%20L.pdf
,06. [FUT] Línea de Tiempo del Futuro (2030+),[Sesión 27] FUT - 027 Año 3000 La Red del Milenio y la 'Esfera de Dyson - Swarm' parcial (PDF),Disponible en Sesión 27. Paso 6: Línea de Tiempo del Futuro y Sci-Fi (Tecnología amable y robótica del mañana). Acceso directo al recurso interactivo.,https://javiercursocorreo-gif.github.io/Curso-IA/CLASES/EXPORTACION_FICHAS_CLASSROOM_PDF/100.%20%5BSESSIONS%5D%20TERNAS_LISTAS_PARA_CLASSROOM/27_Sesion/6.%20FUT-027_A%C3%B1o%203000_%20La%20Red%20del%20Milenio%20y%20la%20%27Esfera%20de%20Dyson-Swarm%27%20parcial.pdf
,06. [FUT] Línea de Tiempo del Futuro (2030+),[Sesión 28] FUT - 028 Año 5.000 Computación cuántica biológica y el gran archivo de la (PDF),Disponible en Sesión 28. Paso 6: Línea de Tiempo del Futuro y Sci-Fi (Tecnología amable y robótica del mañana). Acceso directo al recurso interactivo.,https://javiercursocorreo-gif.github.io/Curso-IA/CLASES/EXPORTACION_FICHAS_CLASSROOM_PDF/100.%20%5BSESSIONS%5D%20TERNAS_LISTAS_PARA_CLASSROOM/28_Sesion/6.%20FUT-028_A%C3%B1o%205.000_%20Computaci%C3%B3n%20cu%C3%A1ntica%20biol%C3%B3gica%20y%20el%20gran%20archivo%20de%20la.pdf
,06. [FUT] Línea de Tiempo del Futuro (2030+),[Sesión 29] FUT - 029 Año 10.000 La gran terraformación y reanimación de la atmósfera (PDF),Disponible en Sesión 29. Paso 6: Línea de Tiempo del Futuro y Sci-Fi (Tecnología amable y robótica del mañana). Acceso directo al recurso interactivo.,https://javiercursocorreo-gif.github.io/Curso-IA/CLASES/EXPORTACION_FICHAS_CLASSROOM_PDF/100.%20%5BSESSIONS%5D%20TERNAS_LISTAS_PARA_CLASSROOM/29_Sesion/6.%20FUT-029_A%C3%B1o%2010.000_%20La%20gran%20terraformaci%C3%B3n%20y%20reanimaci%C3%B3n%20de%20la%20atm%C3%B3sfera%20.pdf
,06. [FUT] Línea de Tiempo del Futuro (2030+),[Sesión 30] FUT - 030 Año 25.000 Navegación inter - galáctica por agujeros de gusano est (PDF),Disponible en Sesión 30. Paso 6: Línea de Tiempo del Futuro y Sci-Fi (Tecnología amable y robótica del mañana). Acceso directo al recurso interactivo.,https://javiercursocorreo-gif.github.io/Curso-IA/CLASES/EXPORTACION_FICHAS_CLASSROOM_PDF/100.%20%5BSESSIONS%5D%20TERNAS_LISTAS_PARA_CLASSROOM/30_Sesion/6.%20FUT-030_A%C3%B1o%2025.000_%20Navegaci%C3%B3n%20inter-gal%C3%A1ctica%20por%20agujeros%20de%20gusano%20est.pdf
,06. [FUT] Línea de Tiempo del Futuro (2030+),[Sesión 31] FUT - 031 Año 50.000 El Sol artificial portátil para descongelar y coloniz (PDF),Disponible en Sesión 31. Paso 6: Línea de Tiempo del Futuro y Sci-Fi (Tecnología amable y robótica del mañana). Acceso directo al recurso interactivo.,https://javiercursocorreo-gif.github.io/Curso-IA/CLASES/EXPORTACION_FICHAS_CLASSROOM_PDF/100.%20%5BSESSIONS%5D%20TERNAS_LISTAS_PARA_CLASSROOM/31_Sesion/6.%20FUT-031_A%C3%B1o%2050.000_%20El%20Sol%20artificial%20port%C3%A1til%20para%20descongelar%20y%20coloniz.pdf
,06. [FUT] Línea de Tiempo del Futuro (2030+),[Sesión 32] FUT - 032 Año 100.000 Humanidad estelar y diversificación genética adaptad (PDF),Disponible en Sesión 32. Paso 6: Línea de Tiempo del Futuro y Sci-Fi (Tecnología amable y robótica del mañana). Acceso directo al recurso interactivo.,https://javiercursocorreo-gif.github.io/Curso-IA/CLASES/EXPORTACION_FICHAS_CLASSROOM_PDF/100.%20%5BSESSIONS%5D%20TERNAS_LISTAS_PARA_CLASSROOM/32_Sesion/6.%20FUT-032_A%C3%B1o%20100.000_%20Humanidad%20estelar%20y%20diversificaci%C3%B3n%20gen%C3%A9tica%20adaptad.pdf
,06. [FUT] Línea de Tiempo del Futuro (2030+),[Sesión 33] FUT - 033 Año 250.000 La reforestación y conversión del planeta Tierra en (PDF),Disponible en Sesión 33. Paso 6: Línea de Tiempo del Futuro y Sci-Fi (Tecnología amable y robótica del mañana). Acceso directo al recurso interactivo.,https://javiercursocorreo-gif.github.io/Curso-IA/CLASES/EXPORTACION_FICHAS_CLASSROOM_PDF/100.%20%5BSESSIONS%5D%20TERNAS_LISTAS_PARA_CLASSROOM/33_Sesion/6.%20FUT-033_A%C3%B1o%20250.000_%20La%20reforestaci%C3%B3n%20y%20conversi%C3%B3n%20del%20planeta%20Tierra%20en%20.pdf
,06. [FUT] Línea de Tiempo del Futuro (2030+),[Sesión 34] FUT - 034 Año 500.000 Computación y ciudades eternas alrededor de agujeros (PDF),Disponible en Sesión 34. Paso 6: Línea de Tiempo del Futuro y Sci-Fi (Tecnología amable y robótica del mañana). Acceso directo al recurso interactivo.,https://javiercursocorreo-gif.github.io/Curso-IA/CLASES/EXPORTACION_FICHAS_CLASSROOM_PDF/100.%20%5BSESSIONS%5D%20TERNAS_LISTAS_PARA_CLASSROOM/34_Sesion/6.%20FUT-034_A%C3%B1o%20500.000_%20Computaci%C3%B3n%20y%20ciudades%20eternas%20alrededor%20de%20agujeros.pdf
,06. [FUT] Línea de Tiempo del Futuro (2030+),[Sesión 35] FUT - 035 Año 1.000.000 El Gran Futuro Cósmico La Humanidad como los Guar (PDF),Disponible en Sesión 35. Paso 6: Línea de Tiempo del Futuro y Sci-Fi (Tecnología amable y robótica del mañana). Acceso directo al recurso interactivo.,https://javiercursocorreo-gif.github.io/Curso-IA/CLASES/EXPORTACION_FICHAS_CLASSROOM_PDF/100.%20%5BSESSIONS%5D%20TERNAS_LISTAS_PARA_CLASSROOM/35_Sesion/6.%20FUT-035_A%C3%B1o%201.000.000_%20El%20Gran%20Futuro%20C%C3%B3smico_%20La%20Humanidad%20como%20los%20Guar.pdf
,06. [FUT] Línea de Tiempo del Futuro (2030+),[Sesión 36] FUT - 036 Año 10.000 (II) La Reforestación Completa y Selvas Tropicales en (PDF),Disponible en Sesión 36. Paso 6: Línea de Tiempo del Futuro y Sci-Fi (Tecnología amable y robótica del mañana). Acceso directo al recurso interactivo.,https://javiercursocorreo-gif.github.io/Curso-IA/CLASES/EXPORTACION_FICHAS_CLASSROOM_PDF/100.%20%5BSESSIONS%5D%20TERNAS_LISTAS_PARA_CLASSROOM/36_Sesion/6.%20FUT-036_A%C3%B1o%2010.000%20%28II%29_%20La%20Reforestaci%C3%B3n%20Completa%20y%20Selvas%20Tropicales%20en.pdf
,06. [FUT] Línea de Tiempo del Futuro (2030+),[Sesión 37] FUT - 037 Año 50.000 (II) Acueductos Cósmicos y Transporte de Hielo del Ci (PDF),Disponible en Sesión 37. Paso 6: Línea de Tiempo del Futuro y Sci-Fi (Tecnología amable y robótica del mañana). Acceso directo al recurso interactivo.,https://javiercursocorreo-gif.github.io/Curso-IA/CLASES/EXPORTACION_FICHAS_CLASSROOM_PDF/100.%20%5BSESSIONS%5D%20TERNAS_LISTAS_PARA_CLASSROOM/37_Sesion/6.%20FUT-037_A%C3%B1o%2050.000%20%28II%29_%20Acueductos%20C%C3%B3smicos%20y%20Transporte%20de%20Hielo%20del%20Ci.pdf
,06. [FUT] Línea de Tiempo del Futuro (2030+),[Sesión 38] FUT - 038 Año 150.000 Conexión Simpática y Biosferas Autoconscientes en Ex (PDF),Disponible en Sesión 38. Paso 6: Línea de Tiempo del Futuro y Sci-Fi (Tecnología amable y robótica del mañana). Acceso directo al recurso interactivo.,https://javiercursocorreo-gif.github.io/Curso-IA/CLASES/EXPORTACION_FICHAS_CLASSROOM_PDF/100.%20%5BSESSIONS%5D%20TERNAS_LISTAS_PARA_CLASSROOM/38_Sesion/6.%20FUT-038_A%C3%B1o%20150.000_%20Conexi%C3%B3n%20Simp%C3%A1tica%20y%20Biosferas%20Autoconscientes%20en%20Ex.pdf
,06. [FUT] Línea de Tiempo del Futuro (2030+),[Sesión 39] FUT - 039 Año 300.000 Arcas Estelares de Conservación Biológica e Historia (PDF),Disponible en Sesión 39. Paso 6: Línea de Tiempo del Futuro y Sci-Fi (Tecnología amable y robótica del mañana). Acceso directo al recurso interactivo.,https://javiercursocorreo-gif.github.io/Curso-IA/CLASES/EXPORTACION_FICHAS_CLASSROOM_PDF/100.%20%5BSESSIONS%5D%20TERNAS_LISTAS_PARA_CLASSROOM/39_Sesion/6.%20FUT-039_A%C3%B1o%20300.000_%20Arcas%20Estelares%20de%20Conservaci%C3%B3n%20Biol%C3%B3gica%20e%20Historia.pdf
,06. [FUT] Línea de Tiempo del Futuro (2030+),[Sesión 40] FUT - 040 Año 750.000 Arquitectura de Luz Cristalina y Esferas Celestiales (PDF),Disponible en Sesión 40. Paso 6: Línea de Tiempo del Futuro y Sci-Fi (Tecnología amable y robótica del mañana). Acceso directo al recurso interactivo.,https://javiercursocorreo-gif.github.io/Curso-IA/CLASES/EXPORTACION_FICHAS_CLASSROOM_PDF/100.%20%5BSESSIONS%5D%20TERNAS_LISTAS_PARA_CLASSROOM/40_Sesion/6.%20FUT-040_A%C3%B1o%20750.000_%20Arquitectura%20de%20Luz%20Cristalina%20y%20Esferas%20Celestiales.pdf
,06. [FUT] Línea de Tiempo del Futuro (2030+),[Sesión 41] FUT - 041 Año 900.000 El Gran Reencuentro de las Ramas Humanas en el Núcle (PDF),Disponible en Sesión 41. Paso 6: Línea de Tiempo del Futuro y Sci-Fi (Tecnología amable y robótica del mañana). Acceso directo al recurso interactivo.,https://javiercursocorreo-gif.github.io/Curso-IA/CLASES/EXPORTACION_FICHAS_CLASSROOM_PDF/100.%20%5BSESSIONS%5D%20TERNAS_LISTAS_PARA_CLASSROOM/41_Sesion/6.%20FUT-041_A%C3%B1o%20900.000_%20El%20Gran%20Reencuentro%20de%20las%20Ramas%20Humanas%20en%20el%20N%C3%BAcle.pdf
,07. [NAT] Naturaleza Fascinante y Biodiversidad,[Sesión 01] NAT - 001 El Caballo Salvaje y su Biomecánica de Galope (Infografía Científ (PDF),"Disponible en Sesión 01. Paso 7: Biodiversidad y Naturaleza Fascinante (Fauna, flora e infografías científicas). Acceso directo al recurso interactivo.",https://javiercursocorreo-gif.github.io/Curso-IA/CLASES/EXPORTACION_FICHAS_CLASSROOM_PDF/100.%20%5BSESSIONS%5D%20TERNAS_LISTAS_PARA_CLASSROOM/01_Sesion/7.%20NAT-001_El%20Caballo%20Salvaje%20y%20su%20Biomec%C3%A1nica%20de%20Galope%20%28Infograf%C3%ADa%20Cient%C3%ADf.pdf
,07. [NAT] Naturaleza Fascinante y Biodiversidad,[Sesión 02] NAT - 002 Biomecánica de Impacto del Carnero Cimarron (Infografía Científic (PDF),"Disponible en Sesión 02. Paso 7: Biodiversidad y Naturaleza Fascinante (Fauna, flora e infografías científicas). Acceso directo al recurso interactivo.",https://javiercursocorreo-gif.github.io/Curso-IA/CLASES/EXPORTACION_FICHAS_CLASSROOM_PDF/100.%20%5BSESSIONS%5D%20TERNAS_LISTAS_PARA_CLASSROOM/02_Sesion/7.%20NAT-002_Biomec%C3%A1nica%20de%20Impacto%20del%20Carnero%20Cimarron%20%28Infograf%C3%ADa%20Cient%C3%ADfic.pdf
,07. [NAT] Naturaleza Fascinante y Biodiversidad,[Sesión 04] NAT - 004 Anatomía del Rugido y Dominancia del León Africano (Infografía Ci (PDF),"Disponible en Sesión 04. Paso 7: Biodiversidad y Naturaleza Fascinante (Fauna, flora e infografías científicas). Acceso directo al recurso interactivo.",https://javiercursocorreo-gif.github.io/Curso-IA/CLASES/EXPORTACION_FICHAS_CLASSROOM_PDF/100.%20%5BSESSIONS%5D%20TERNAS_LISTAS_PARA_CLASSROOM/04_Sesion/7.%20NAT-004_Anatom%C3%ADa%20del%20Rugido%20y%20Dominancia%20del%20Le%C3%B3n%20Africano%20%28Infograf%C3%ADa%20Ci.pdf
,07. [NAT] Naturaleza Fascinante y Biodiversidad,[Sesión 05] NAT - 005 Biomecánica de Salto y Cornamenta del Ciervo Rojo (Infografía Cie (PDF),"Disponible en Sesión 05. Paso 7: Biodiversidad y Naturaleza Fascinante (Fauna, flora e infografías científicas). Acceso directo al recurso interactivo.",https://javiercursocorreo-gif.github.io/Curso-IA/CLASES/EXPORTACION_FICHAS_CLASSROOM_PDF/100.%20%5BSESSIONS%5D%20TERNAS_LISTAS_PARA_CLASSROOM/05_Sesion/7.%20NAT-005_Biomec%C3%A1nica%20de%20Salto%20y%20Cornamenta%20del%20Ciervo%20Rojo%20%28Infograf%C3%ADa%20Cie.pdf
,07. [NAT] Naturaleza Fascinante y Biodiversidad,[Sesión 06] NAT - 006 Biomecánica y Camuflaje Acuático del Tigre de Bengala (Infografía (PDF),"Disponible en Sesión 06. Paso 7: Biodiversidad y Naturaleza Fascinante (Fauna, flora e infografías científicas). Acceso directo al recurso interactivo.",https://javiercursocorreo-gif.github.io/Curso-IA/CLASES/EXPORTACION_FICHAS_CLASSROOM_PDF/100.%20%5BSESSIONS%5D%20TERNAS_LISTAS_PARA_CLASSROOM/06_Sesion/7.%20NAT-006_Biomec%C3%A1nica%20y%20Camuflaje%20Acu%C3%A1tico%20del%20Tigre%20de%20Bengala%20%28Infograf%C3%ADa.pdf
,07. [NAT] Naturaleza Fascinante y Biodiversidad,[Sesión 07] NAT - 007 Acústica del Aullido y Termorregulación del Lobo Ártico (Infograf (PDF),"Disponible en Sesión 07. Paso 7: Biodiversidad y Naturaleza Fascinante (Fauna, flora e infografías científicas). Acceso directo al recurso interactivo.",https://javiercursocorreo-gif.github.io/Curso-IA/CLASES/EXPORTACION_FICHAS_CLASSROOM_PDF/100.%20%5BSESSIONS%5D%20TERNAS_LISTAS_PARA_CLASSROOM/07_Sesion/7.%20NAT-007_Ac%C3%BAstica%20del%20Aullido%20y%20Termorregulaci%C3%B3n%20del%20Lobo%20%C3%81rtico%20%28Infograf.pdf
,07. [NAT] Naturaleza Fascinante y Biodiversidad,[Sesión 08] NAT - 008 Anatomía Maternal y Comportamiento Social del Gorila de Montaña ( (PDF),"Disponible en Sesión 08. Paso 7: Biodiversidad y Naturaleza Fascinante (Fauna, flora e infografías científicas). Acceso directo al recurso interactivo.",https://javiercursocorreo-gif.github.io/Curso-IA/CLASES/EXPORTACION_FICHAS_CLASSROOM_PDF/100.%20%5BSESSIONS%5D%20TERNAS_LISTAS_PARA_CLASSROOM/08_Sesion/7.%20NAT-008_Anatom%C3%ADa%20Maternal%20y%20Comportamiento%20Social%20del%20Gorila%20de%20Monta%C3%B1a%20%28.pdf
,07. [NAT] Naturaleza Fascinante y Biodiversidad,[Sesión 09] NAT - 009 Biomecánica de Pesca y Fisiología del Oso Pardo en Alaska (Infogr (PDF),"Disponible en Sesión 09. Paso 7: Biodiversidad y Naturaleza Fascinante (Fauna, flora e infografías científicas). Acceso directo al recurso interactivo.",https://javiercursocorreo-gif.github.io/Curso-IA/CLASES/EXPORTACION_FICHAS_CLASSROOM_PDF/100.%20%5BSESSIONS%5D%20TERNAS_LISTAS_PARA_CLASSROOM/09_Sesion/7.%20NAT-009_Biomec%C3%A1nica%20de%20Pesca%20y%20Fisiolog%C3%ADa%20del%20Oso%20Pardo%20en%20Alaska%20%28Infogr.pdf
,07. [NAT] Naturaleza Fascinante y Biodiversidad,[Sesión 10] NAT - 010 Anatomía e Hidrodinámica de la Ballena Jorobada (Infografía Cient (PDF),"Disponible en Sesión 10. Paso 7: Biodiversidad y Naturaleza Fascinante (Fauna, flora e infografías científicas). Acceso directo al recurso interactivo.",https://javiercursocorreo-gif.github.io/Curso-IA/CLASES/EXPORTACION_FICHAS_CLASSROOM_PDF/100.%20%5BSESSIONS%5D%20TERNAS_LISTAS_PARA_CLASSROOM/10_Sesion/7.%20NAT-010_Anatom%C3%ADa%20e%20Hidrodin%C3%A1mica%20de%20la%20Ballena%20Jorobada%20%28Infograf%C3%ADa%20Cient.pdf
,07. [NAT] Naturaleza Fascinante y Biodiversidad,[Sesión 11] NAT - 011 Óptica de Plumas e Historia Natural del Quetzal Resplandeciente ( (PDF),"Disponible en Sesión 11. Paso 7: Biodiversidad y Naturaleza Fascinante (Fauna, flora e infografías científicas). Acceso directo al recurso interactivo.",https://javiercursocorreo-gif.github.io/Curso-IA/CLASES/EXPORTACION_FICHAS_CLASSROOM_PDF/100.%20%5BSESSIONS%5D%20TERNAS_LISTAS_PARA_CLASSROOM/11_Sesion/7.%20NAT-011_%C3%93ptica%20de%20Plumas%20e%20Historia%20Natural%20del%20Quetzal%20Resplandeciente%20%28.pdf
,07. [NAT] Naturaleza Fascinante y Biodiversidad,[Sesión 12] NAT - 012 Anatomía del Nido e Impermeabilidad de la Cigüeña Blanca (Infogra (PDF),"Disponible en Sesión 12. Paso 7: Biodiversidad y Naturaleza Fascinante (Fauna, flora e infografías científicas). Acceso directo al recurso interactivo.",https://javiercursocorreo-gif.github.io/Curso-IA/CLASES/EXPORTACION_FICHAS_CLASSROOM_PDF/100.%20%5BSESSIONS%5D%20TERNAS_LISTAS_PARA_CLASSROOM/12_Sesion/7.%20NAT-012_Anatom%C3%ADa%20del%20Nido%20e%20Impermeabilidad%20de%20la%20Cig%C3%BCe%C3%B1a%20Blanca%20%28Infogra.pdf
,07. [NAT] Naturaleza Fascinante y Biodiversidad,[Sesión 13] NAT - 013 Hidrodinámica del Picado y Óptica del Martín Pescador (Infografía (PDF),"Disponible en Sesión 13. Paso 7: Biodiversidad y Naturaleza Fascinante (Fauna, flora e infografías científicas). Acceso directo al recurso interactivo.",https://javiercursocorreo-gif.github.io/Curso-IA/CLASES/EXPORTACION_FICHAS_CLASSROOM_PDF/100.%20%5BSESSIONS%5D%20TERNAS_LISTAS_PARA_CLASSROOM/13_Sesion/7.%20NAT-013_Hidrodin%C3%A1mica%20del%20Picado%20y%20%C3%93ptica%20del%20Mart%C3%ADn%20Pescador%20%28Infograf%C3%ADa.pdf
,07. [NAT] Naturaleza Fascinante y Biodiversidad,[Sesión 14] NAT - 014 Biomecánica de Garras y Visión Telescópica del Águila Real (Infog (PDF),"Disponible en Sesión 14. Paso 7: Biodiversidad y Naturaleza Fascinante (Fauna, flora e infografías científicas). Acceso directo al recurso interactivo.",https://javiercursocorreo-gif.github.io/Curso-IA/CLASES/EXPORTACION_FICHAS_CLASSROOM_PDF/100.%20%5BSESSIONS%5D%20TERNAS_LISTAS_PARA_CLASSROOM/14_Sesion/7.%20NAT-014_Biomec%C3%A1nica%20de%20Garras%20y%20Visi%C3%B3n%20Telesc%C3%B3pica%20del%20%C3%81guila%20Real%20%28Infog.pdf
,07. [NAT] Naturaleza Fascinante y Biodiversidad,[Sesión 15] NAT - 015 Fisiología del Nido y Regurgitación en Aves Cantoras (Infografía (PDF),"Disponible en Sesión 15. Paso 7: Biodiversidad y Naturaleza Fascinante (Fauna, flora e infografías científicas). Acceso directo al recurso interactivo.",https://javiercursocorreo-gif.github.io/Curso-IA/CLASES/EXPORTACION_FICHAS_CLASSROOM_PDF/100.%20%5BSESSIONS%5D%20TERNAS_LISTAS_PARA_CLASSROOM/15_Sesion/7.%20NAT-015_Fisiolog%C3%ADa%20del%20Nido%20y%20Regurgitaci%C3%B3n%20en%20Aves%20Cantoras%20%28Infograf%C3%ADa%20.pdf
,07. [NAT] Naturaleza Fascinante y Biodiversidad,[Sesión 16] NAT - 016 Aerodinámica y Metabolismo del Colibrí Esmeralda (Infografía Cien (PDF),"Disponible en Sesión 16. Paso 7: Biodiversidad y Naturaleza Fascinante (Fauna, flora e infografías científicas). Acceso directo al recurso interactivo.",https://javiercursocorreo-gif.github.io/Curso-IA/CLASES/EXPORTACION_FICHAS_CLASSROOM_PDF/100.%20%5BSESSIONS%5D%20TERNAS_LISTAS_PARA_CLASSROOM/16_Sesion/7.%20NAT-016_Aerodin%C3%A1mica%20y%20Metabolismo%20del%20Colibr%C3%AD%20Esmeralda%20%28Infograf%C3%ADa%20Cien.pdf
,07. [NAT] Naturaleza Fascinante y Biodiversidad,[Sesión 17] NAT - 017 Óptica Nocturna y Audición Silenciosa del Búho Nival (Infografía (PDF),"Disponible en Sesión 17. Paso 7: Biodiversidad y Naturaleza Fascinante (Fauna, flora e infografías científicas). Acceso directo al recurso interactivo.",https://javiercursocorreo-gif.github.io/Curso-IA/CLASES/EXPORTACION_FICHAS_CLASSROOM_PDF/100.%20%5BSESSIONS%5D%20TERNAS_LISTAS_PARA_CLASSROOM/17_Sesion/7.%20NAT-017_%C3%93ptica%20Nocturna%20y%20Audici%C3%B3n%20Silenciosa%20del%20B%C3%BAho%20Nival%20%28Infograf%C3%ADa%20.pdf
,07. [NAT] Naturaleza Fascinante y Biodiversidad,[Sesión 18] NAT - 018 Anatomía del Cortejo y Tráquea de la Grulla de Manchuria (Infogra (PDF),"Disponible en Sesión 18. Paso 7: Biodiversidad y Naturaleza Fascinante (Fauna, flora e infografías científicas). Acceso directo al recurso interactivo.",https://javiercursocorreo-gif.github.io/Curso-IA/CLASES/EXPORTACION_FICHAS_CLASSROOM_PDF/100.%20%5BSESSIONS%5D%20TERNAS_LISTAS_PARA_CLASSROOM/18_Sesion/7.%20NAT-018_Anatom%C3%ADa%20del%20Cortejo%20y%20Tr%C3%A1quea%20de%20la%20Grulla%20de%20Manchuria%20%28Infogra.pdf
,07. [NAT] Naturaleza Fascinante y Biodiversidad,[Sesión 19] NAT - 019 Biomecánica de Vuelo y Óptica del Guacamayo Escarlata (Infografía (PDF),"Disponible en Sesión 19. Paso 7: Biodiversidad y Naturaleza Fascinante (Fauna, flora e infografías científicas). Acceso directo al recurso interactivo.",https://javiercursocorreo-gif.github.io/Curso-IA/CLASES/EXPORTACION_FICHAS_CLASSROOM_PDF/100.%20%5BSESSIONS%5D%20TERNAS_LISTAS_PARA_CLASSROOM/19_Sesion/7.%20NAT-019_Biomec%C3%A1nica%20de%20Vuelo%20y%20%C3%93ptica%20del%20Guacamayo%20Escarlata%20%28Infograf%C3%ADa.pdf
,07. [NAT] Naturaleza Fascinante y Biodiversidad,[Sesión 20] NAT - 020 Aerodinámica Térmica y Fisiología del Cóndor de los Andes (Infogr (PDF),"Disponible en Sesión 20. Paso 7: Biodiversidad y Naturaleza Fascinante (Fauna, flora e infografías científicas). Acceso directo al recurso interactivo.",https://javiercursocorreo-gif.github.io/Curso-IA/CLASES/EXPORTACION_FICHAS_CLASSROOM_PDF/100.%20%5BSESSIONS%5D%20TERNAS_LISTAS_PARA_CLASSROOM/20_Sesion/7.%20NAT-020_Aerodin%C3%A1mica%20T%C3%A9rmica%20y%20Fisiolog%C3%ADa%20del%20C%C3%B3ndor%20de%20los%20Andes%20%28Infogr.pdf
,07. [NAT] Naturaleza Fascinante y Biodiversidad,[Sesión 21] NAT - 021 Física Óptica y Transparencia en la Orquídea de Cristal (Infograf (PDF),"Disponible en Sesión 21. Paso 7: Biodiversidad y Naturaleza Fascinante (Fauna, flora e infografías científicas). Acceso directo al recurso interactivo.",https://javiercursocorreo-gif.github.io/Curso-IA/CLASES/EXPORTACION_FICHAS_CLASSROOM_PDF/100.%20%5BSESSIONS%5D%20TERNAS_LISTAS_PARA_CLASSROOM/21_Sesion/7.%20NAT-021_F%C3%ADsica%20%C3%93ptica%20y%20Transparencia%20en%20la%20Orqu%C3%ADdea%20de%20Cristal%20%28Infograf.pdf
,07. [NAT] Naturaleza Fascinante y Biodiversidad,[Sesión 22] NAT - 022 Hidrofobia e Ingeniería Botánica de la Flor de Loto (Infografía C (PDF),"Disponible en Sesión 22. Paso 7: Biodiversidad y Naturaleza Fascinante (Fauna, flora e infografías científicas). Acceso directo al recurso interactivo.",https://javiercursocorreo-gif.github.io/Curso-IA/CLASES/EXPORTACION_FICHAS_CLASSROOM_PDF/100.%20%5BSESSIONS%5D%20TERNAS_LISTAS_PARA_CLASSROOM/22_Sesion/7.%20NAT-022_Hidrofobia%20e%20Ingenier%C3%ADa%20Bot%C3%A1nica%20de%20la%20Flor%20de%20Loto%20%28Infograf%C3%ADa%20C.pdf
,07. [NAT] Naturaleza Fascinante y Biodiversidad,[Sesión 23] NAT - 023 Geometría Sagrada de Fibonacci y Polinización del Girasol (Infogr (PDF),"Disponible en Sesión 23. Paso 7: Biodiversidad y Naturaleza Fascinante (Fauna, flora e infografías científicas). Acceso directo al recurso interactivo.",https://javiercursocorreo-gif.github.io/Curso-IA/CLASES/EXPORTACION_FICHAS_CLASSROOM_PDF/100.%20%5BSESSIONS%5D%20TERNAS_LISTAS_PARA_CLASSROOM/23_Sesion/7.%20NAT-023_Geometr%C3%ADa%20Sagrada%20de%20Fibonacci%20y%20Polinizaci%C3%B3n%20del%20Girasol%20%28Infogr.pdf
,07. [NAT] Naturaleza Fascinante y Biodiversidad,[Sesión 24] NAT - 024 Fisiología Floral y Dispersión Aerodinámica del Cerezo Sakura (In (PDF),"Disponible en Sesión 24. Paso 7: Biodiversidad y Naturaleza Fascinante (Fauna, flora e infografías científicas). Acceso directo al recurso interactivo.",https://javiercursocorreo-gif.github.io/Curso-IA/CLASES/EXPORTACION_FICHAS_CLASSROOM_PDF/100.%20%5BSESSIONS%5D%20TERNAS_LISTAS_PARA_CLASSROOM/24_Sesion/7.%20NAT-024_Fisiolog%C3%ADa%20Floral%20y%20Dispersi%C3%B3n%20Aerodin%C3%A1mica%20del%20Cerezo%20Sakura%20%28In.pdf
,07. [NAT] Naturaleza Fascinante y Biodiversidad,[Sesión 25] NAT - 025 Óptica de Escarcha y Bioquímica de Aroma en la Rosa de Damasco (I (PDF),"Disponible en Sesión 25. Paso 7: Biodiversidad y Naturaleza Fascinante (Fauna, flora e infografías científicas). Acceso directo al recurso interactivo.",https://javiercursocorreo-gif.github.io/Curso-IA/CLASES/EXPORTACION_FICHAS_CLASSROOM_PDF/100.%20%5BSESSIONS%5D%20TERNAS_LISTAS_PARA_CLASSROOM/25_Sesion/7.%20NAT-025_%C3%93ptica%20de%20Escarcha%20y%20Bioqu%C3%ADmica%20de%20Aroma%20en%20la%20Rosa%20de%20Damasco%20%28I.pdf
,07. [NAT] Naturaleza Fascinante y Biodiversidad,[Sesión 26] NAT - 026 Biomecánica del Espejismo e Inflorescencia de la Flor Ave del Par (PDF),"Disponible en Sesión 26. Paso 7: Biodiversidad y Naturaleza Fascinante (Fauna, flora e infografías científicas). Acceso directo al recurso interactivo.",https://javiercursocorreo-gif.github.io/Curso-IA/CLASES/EXPORTACION_FICHAS_CLASSROOM_PDF/100.%20%5BSESSIONS%5D%20TERNAS_LISTAS_PARA_CLASSROOM/26_Sesion/7.%20NAT-026_Biomec%C3%A1nica%20del%20Espejismo%20e%20Inflorescencia%20de%20la%20Flor%20Ave%20del%20Par.pdf
,07. [NAT] Naturaleza Fascinante y Biodiversidad,[Sesión 27] NAT - 027 Aerodinámica del Vilano y Biomecánica del Diente de León (Infogra (PDF),"Disponible en Sesión 27. Paso 7: Biodiversidad y Naturaleza Fascinante (Fauna, flora e infografías científicas). Acceso directo al recurso interactivo.",https://javiercursocorreo-gif.github.io/Curso-IA/CLASES/EXPORTACION_FICHAS_CLASSROOM_PDF/100.%20%5BSESSIONS%5D%20TERNAS_LISTAS_PARA_CLASSROOM/27_Sesion/7.%20NAT-027_Aerodin%C3%A1mica%20del%20Vilano%20y%20Biomec%C3%A1nica%20del%20Diente%20de%20Le%C3%B3n%20%28Infogra.pdf
,07. [NAT] Naturaleza Fascinante y Biodiversidad,[Sesión 28] NAT - 028 Reloj Circadiano y Coevolución de la Flor Reina de la Noche (Info (PDF),"Disponible en Sesión 28. Paso 7: Biodiversidad y Naturaleza Fascinante (Fauna, flora e infografías científicas). Acceso directo al recurso interactivo.",https://javiercursocorreo-gif.github.io/Curso-IA/CLASES/EXPORTACION_FICHAS_CLASSROOM_PDF/100.%20%5BSESSIONS%5D%20TERNAS_LISTAS_PARA_CLASSROOM/28_Sesion/7.%20NAT-028_Reloj%20Circadiano%20y%20Coevoluci%C3%B3n%20de%20la%20Flor%20Reina%20de%20la%20Noche%20%28Info.pdf
,07. [NAT] Naturaleza Fascinante y Biodiversidad,[Sesión 29] NAT - 029 Óptica y Fisiología Acuática del Nenúfar Azul Zafiro (Infografía (PDF),"Disponible en Sesión 29. Paso 7: Biodiversidad y Naturaleza Fascinante (Fauna, flora e infografías científicas). Acceso directo al recurso interactivo.",https://javiercursocorreo-gif.github.io/Curso-IA/CLASES/EXPORTACION_FICHAS_CLASSROOM_PDF/100.%20%5BSESSIONS%5D%20TERNAS_LISTAS_PARA_CLASSROOM/29_Sesion/7.%20NAT-029_%C3%93ptica%20y%20Fisiolog%C3%ADa%20Acu%C3%A1tica%20del%20Nen%C3%BAfar%20Azul%20Zafiro%20%28Infograf%C3%ADa%20.pdf
,07. [NAT] Naturaleza Fascinante y Biodiversidad,[Sesión 30] NAT - 030 Reloj Biológico y Coevolución en la Flor de la Pasión (Infografía (PDF),"Disponible en Sesión 30. Paso 7: Biodiversidad y Naturaleza Fascinante (Fauna, flora e infografías científicas). Acceso directo al recurso interactivo.",https://javiercursocorreo-gif.github.io/Curso-IA/CLASES/EXPORTACION_FICHAS_CLASSROOM_PDF/100.%20%5BSESSIONS%5D%20TERNAS_LISTAS_PARA_CLASSROOM/30_Sesion/7.%20NAT-030_Reloj%20Biol%C3%B3gico%20y%20Coevoluci%C3%B3n%20en%20la%20Flor%20de%20la%20Pasi%C3%B3n%20%28Infograf%C3%ADa.pdf
,07. [NAT] Naturaleza Fascinante y Biodiversidad,[Sesión 31] NAT - 031 La Mariposa Monarca y su Migración Solar Transcontinental (Infogr (PDF),"Disponible en Sesión 31. Paso 7: Biodiversidad y Naturaleza Fascinante (Fauna, flora e infografías científicas). Acceso directo al recurso interactivo.",https://javiercursocorreo-gif.github.io/Curso-IA/CLASES/EXPORTACION_FICHAS_CLASSROOM_PDF/100.%20%5BSESSIONS%5D%20TERNAS_LISTAS_PARA_CLASSROOM/31_Sesion/7.%20NAT-031_La%20Mariposa%20Monarca%20y%20su%20Migraci%C3%B3n%20Solar%20Transcontinental%20%28Infogr.pdf
,07. [NAT] Naturaleza Fascinante y Biodiversidad,[Sesión 32] NAT - 032 Balística Biológica y Óptica Ocular del Camaleón Pantera (Infogra (PDF),"Disponible en Sesión 32. Paso 7: Biodiversidad y Naturaleza Fascinante (Fauna, flora e infografías científicas). Acceso directo al recurso interactivo.",https://javiercursocorreo-gif.github.io/Curso-IA/CLASES/EXPORTACION_FICHAS_CLASSROOM_PDF/100.%20%5BSESSIONS%5D%20TERNAS_LISTAS_PARA_CLASSROOM/32_Sesion/7.%20NAT-032_Bal%C3%ADstica%20Biol%C3%B3gica%20y%20%C3%93ptica%20Ocular%20del%20Camale%C3%B3n%20Pantera%20%28Infogra.pdf
,07. [NAT] Naturaleza Fascinante y Biodiversidad,[Sesión 33] NAT - 033 Óptica de 30.000 Omatidios y Aerodinámica de la Libélula Esmerald (PDF),"Disponible en Sesión 33. Paso 7: Biodiversidad y Naturaleza Fascinante (Fauna, flora e infografías científicas). Acceso directo al recurso interactivo.",https://javiercursocorreo-gif.github.io/Curso-IA/CLASES/EXPORTACION_FICHAS_CLASSROOM_PDF/100.%20%5BSESSIONS%5D%20TERNAS_LISTAS_PARA_CLASSROOM/33_Sesion/7.%20NAT-033_%C3%93ptica%20de%2030.000%20Omatidios%20y%20Aerodin%C3%A1mica%20de%20la%20Lib%C3%A9lula%20Esmerald.pdf
,07. [NAT] Naturaleza Fascinante y Biodiversidad,[Sesión 34] NAT - 034 Fisiología Cutánea y Aposematismo Relámpago de la Rana de Ojos Ro (PDF),"Disponible en Sesión 34. Paso 7: Biodiversidad y Naturaleza Fascinante (Fauna, flora e infografías científicas). Acceso directo al recurso interactivo.",https://javiercursocorreo-gif.github.io/Curso-IA/CLASES/EXPORTACION_FICHAS_CLASSROOM_PDF/100.%20%5BSESSIONS%5D%20TERNAS_LISTAS_PARA_CLASSROOM/34_Sesion/7.%20NAT-034_Fisiolog%C3%ADa%20Cut%C3%A1nea%20y%20Aposematismo%20Rel%C3%A1mpago%20de%20la%20Rana%20de%20Ojos%20Ro.pdf
,07. [NAT] Naturaleza Fascinante y Biodiversidad,[Sesión 35] NAT - 035 Biomecánica de Salto y Cola Giroscópica de la Ardilla Roja (Infog (PDF),"Disponible en Sesión 35. Paso 7: Biodiversidad y Naturaleza Fascinante (Fauna, flora e infografías científicas). Acceso directo al recurso interactivo.",https://javiercursocorreo-gif.github.io/Curso-IA/CLASES/EXPORTACION_FICHAS_CLASSROOM_PDF/100.%20%5BSESSIONS%5D%20TERNAS_LISTAS_PARA_CLASSROOM/35_Sesion/7.%20NAT-035_Biomec%C3%A1nica%20de%20Salto%20y%20Cola%20Girosc%C3%B3pica%20de%20la%20Ardilla%20Roja%20%28Infog.pdf
,07. [NAT] Naturaleza Fascinante y Biodiversidad,[Sesión 36] NAT - 036 Biomecánica de Caza y Óptica de la Mantis Religiosa (Infografía C (PDF),"Disponible en Sesión 36. Paso 7: Biodiversidad y Naturaleza Fascinante (Fauna, flora e infografías científicas). Acceso directo al recurso interactivo.",https://javiercursocorreo-gif.github.io/Curso-IA/CLASES/EXPORTACION_FICHAS_CLASSROOM_PDF/100.%20%5BSESSIONS%5D%20TERNAS_LISTAS_PARA_CLASSROOM/36_Sesion/7.%20NAT-036_Biomec%C3%A1nica%20de%20Caza%20y%20%C3%93ptica%20de%20la%20Mantis%20Religiosa%20%28Infograf%C3%ADa%20C.pdf
,07. [NAT] Naturaleza Fascinante y Biodiversidad,[Sesión 37] NAT - 037 La Colmena de Abejas y la Conjetura Matemática del Panal Hexagona (PDF),"Disponible en Sesión 37. Paso 7: Biodiversidad y Naturaleza Fascinante (Fauna, flora e infografías científicas). Acceso directo al recurso interactivo.",https://javiercursocorreo-gif.github.io/Curso-IA/CLASES/EXPORTACION_FICHAS_CLASSROOM_PDF/100.%20%5BSESSIONS%5D%20TERNAS_LISTAS_PARA_CLASSROOM/37_Sesion/7.%20NAT-037_La%20Colmena%20de%20Abejas%20y%20la%20Conjetura%20Matem%C3%A1tica%20del%20Panal%20Hexagona.pdf
,07. [NAT] Naturaleza Fascinante y Biodiversidad,[Sesión 38] NAT - 038 Biomecánica Acorazada e Hidráulica del Escarabajo Hércules (Infog (PDF),"Disponible en Sesión 38. Paso 7: Biodiversidad y Naturaleza Fascinante (Fauna, flora e infografías científicas). Acceso directo al recurso interactivo.",https://javiercursocorreo-gif.github.io/Curso-IA/CLASES/EXPORTACION_FICHAS_CLASSROOM_PDF/100.%20%5BSESSIONS%5D%20TERNAS_LISTAS_PARA_CLASSROOM/38_Sesion/7.%20NAT-038_Biomec%C3%A1nica%20Acorazada%20e%20Hidr%C3%A1ulica%20del%20Escarabajo%20H%C3%A9rcules%20%28Infog.pdf
,07. [NAT] Naturaleza Fascinante y Biodiversidad,[Sesión 39] NAT - 039 Biomecánica de las Púas y Defensa Cutánea del Erizo (Infografía C (PDF),"Disponible en Sesión 39. Paso 7: Biodiversidad y Naturaleza Fascinante (Fauna, flora e infografías científicas). Acceso directo al recurso interactivo.",https://javiercursocorreo-gif.github.io/Curso-IA/CLASES/EXPORTACION_FICHAS_CLASSROOM_PDF/100.%20%5BSESSIONS%5D%20TERNAS_LISTAS_PARA_CLASSROOM/39_Sesion/7.%20NAT-039_Biomec%C3%A1nica%20de%20las%20P%C3%BAas%20y%20Defensa%20Cut%C3%A1nea%20del%20Erizo%20%28Infograf%C3%ADa%20C.pdf
,07. [NAT] Naturaleza Fascinante y Biodiversidad,[Sesión 40] NAT - 040 Ecolocalización y Biomecánica de Salto del Delfín Mular (Infograf (PDF),"Disponible en Sesión 40. Paso 7: Biodiversidad y Naturaleza Fascinante (Fauna, flora e infografías científicas). Acceso directo al recurso interactivo.",https://javiercursocorreo-gif.github.io/Curso-IA/CLASES/EXPORTACION_FICHAS_CLASSROOM_PDF/100.%20%5BSESSIONS%5D%20TERNAS_LISTAS_PARA_CLASSROOM/40_Sesion/7.%20NAT-040_Ecolocalizaci%C3%B3n%20y%20Biomec%C3%A1nica%20de%20Salto%20del%20Delf%C3%ADn%20Mular%20%28Infograf.pdf
,07. [NAT] Naturaleza Fascinante y Biodiversidad,[Sesión 41] NAT - 041 Física Óptica del Arcoíris Doble en la Gran Cascada del Cañón (In (PDF),"Disponible en Sesión 41. Paso 7: Biodiversidad y Naturaleza Fascinante (Fauna, flora e infografías científicas). Acceso directo al recurso interactivo.",https://javiercursocorreo-gif.github.io/Curso-IA/CLASES/EXPORTACION_FICHAS_CLASSROOM_PDF/100.%20%5BSESSIONS%5D%20TERNAS_LISTAS_PARA_CLASSROOM/41_Sesion/7.%20NAT-041_F%C3%ADsica%20%C3%93ptica%20del%20Arco%C3%ADris%20Doble%20en%20la%20Gran%20Cascada%20del%20Ca%C3%B1%C3%B3n%20%28In.pdf
,07. [NAT] Naturaleza Fascinante y Biodiversidad,[Sesión 42] NAT - 042 Hidrodinámica y Óptica del Tubo de Cristal en la Gran Ola (Infogr (PDF),"Disponible en Sesión 42. Paso 7: Biodiversidad y Naturaleza Fascinante (Fauna, flora e infografías científicas). Acceso directo al recurso interactivo.",https://javiercursocorreo-gif.github.io/Curso-IA/CLASES/EXPORTACION_FICHAS_CLASSROOM_PDF/100.%20%5BSESSIONS%5D%20TERNAS_LISTAS_PARA_CLASSROOM/42_Sesion/7.%20NAT-042_Hidrodin%C3%A1mica%20y%20%C3%93ptica%20del%20Tubo%20de%20Cristal%20en%20la%20Gran%20Ola%20%28Infogr.pdf
,07. [NAT] Naturaleza Fascinante y Biodiversidad,[Sesión 43] NAT - 043 Electromagnética y Física del Rayo en el Gran Cañón (Infografía C (PDF),"Disponible en Sesión 43. Paso 7: Biodiversidad y Naturaleza Fascinante (Fauna, flora e infografías científicas). Acceso directo al recurso interactivo.",https://javiercursocorreo-gif.github.io/Curso-IA/CLASES/EXPORTACION_FICHAS_CLASSROOM_PDF/100.%20%5BSESSIONS%5D%20TERNAS_LISTAS_PARA_CLASSROOM/43_Sesion/7.%20NAT-043_Electromagn%C3%A9tica%20y%20F%C3%ADsica%20del%20Rayo%20en%20el%20Gran%20Ca%C3%B1%C3%B3n%20%28Infograf%C3%ADa%20C.pdf
,07. [NAT] Naturaleza Fascinante y Biodiversidad,[Sesión 44] NAT - 044 Óptica del Hielo Zafiro y Termodinámica de los Icebergs (Infograf (PDF),"Disponible en Sesión 44. Paso 7: Biodiversidad y Naturaleza Fascinante (Fauna, flora e infografías científicas). Acceso directo al recurso interactivo.",https://javiercursocorreo-gif.github.io/Curso-IA/CLASES/EXPORTACION_FICHAS_CLASSROOM_PDF/100.%20%5BSESSIONS%5D%20TERNAS_LISTAS_PARA_CLASSROOM/44_Sesion/7.%20NAT-044_%C3%93ptica%20del%20Hielo%20Zafiro%20y%20Termodin%C3%A1mica%20de%20los%20Icebergs%20%28Infograf.pdf
,07. [NAT] Naturaleza Fascinante y Biodiversidad,[Sesión 45] NAT - 045 Bioquímica de los Colores de Otoño en el Bosque de Arces (Infogra (PDF),"Disponible en Sesión 45. Paso 7: Biodiversidad y Naturaleza Fascinante (Fauna, flora e infografías científicas). Acceso directo al recurso interactivo.",https://javiercursocorreo-gif.github.io/Curso-IA/CLASES/EXPORTACION_FICHAS_CLASSROOM_PDF/100.%20%5BSESSIONS%5D%20TERNAS_LISTAS_PARA_CLASSROOM/45_Sesion/7.%20NAT-045_Bioqu%C3%ADmica%20de%20los%20Colores%20de%20Oto%C3%B1o%20en%20el%20Bosque%20de%20Arces%20%28Infogra.pdf
,07. [NAT] Naturaleza Fascinante y Biodiversidad,[Sesión 46] NAT - 046 Termodinámica y Mineralogía de la Erupción Volcánica con Ríos de (PDF),"Disponible en Sesión 46. Paso 7: Biodiversidad y Naturaleza Fascinante (Fauna, flora e infografías científicas). Acceso directo al recurso interactivo.",https://javiercursocorreo-gif.github.io/Curso-IA/CLASES/EXPORTACION_FICHAS_CLASSROOM_PDF/100.%20%5BSESSIONS%5D%20TERNAS_LISTAS_PARA_CLASSROOM/46_Sesion/7.%20NAT-046_Termodin%C3%A1mica%20y%20Mineralog%C3%ADa%20de%20la%20Erupci%C3%B3n%20Volc%C3%A1nica%20con%20R%C3%ADos%20de%20.pdf
,07. [NAT] Naturaleza Fascinante y Biodiversidad,[Sesión 47] NAT - 047 Hidrología y Biomecánica del Árbol Baobab Sagrado (Infografía Cie (PDF),"Disponible en Sesión 47. Paso 7: Biodiversidad y Naturaleza Fascinante (Fauna, flora e infografías científicas). Acceso directo al recurso interactivo.",https://javiercursocorreo-gif.github.io/Curso-IA/CLASES/EXPORTACION_FICHAS_CLASSROOM_PDF/100.%20%5BSESSIONS%5D%20TERNAS_LISTAS_PARA_CLASSROOM/47_Sesion/7.%20NAT-047_Hidrolog%C3%ADa%20y%20Biomec%C3%A1nica%20del%20%C3%81rbol%20Baobab%20Sagrado%20%28Infograf%C3%ADa%20Cie.pdf
,07. [NAT] Naturaleza Fascinante y Biodiversidad,[Sesión 48] NAT - 048 Geotermia y Termófilos en el Géiser de Yellowstone y la Enzima Ta (PDF),"Disponible en Sesión 48. Paso 7: Biodiversidad y Naturaleza Fascinante (Fauna, flora e infografías científicas). Acceso directo al recurso interactivo.",https://javiercursocorreo-gif.github.io/Curso-IA/CLASES/EXPORTACION_FICHAS_CLASSROOM_PDF/100.%20%5BSESSIONS%5D%20TERNAS_LISTAS_PARA_CLASSROOM/48_Sesion/7.%20NAT-048_Geotermia%20y%20Term%C3%B3filos%20en%20el%20G%C3%A9iser%20de%20Yellowstone%20y%20la%20Enzima%20Ta.pdf
,07. [NAT] Naturaleza Fascinante y Biodiversidad,[Sesión 49] NAT - 049 Meteorología y Termodinámica del Mar de Nubes en Cumbres (Infogra (PDF),"Disponible en Sesión 49. Paso 7: Biodiversidad y Naturaleza Fascinante (Fauna, flora e infografías científicas). Acceso directo al recurso interactivo.",https://javiercursocorreo-gif.github.io/Curso-IA/CLASES/EXPORTACION_FICHAS_CLASSROOM_PDF/100.%20%5BSESSIONS%5D%20TERNAS_LISTAS_PARA_CLASSROOM/49_Sesion/7.%20NAT-049_Meteorolog%C3%ADa%20y%20Termodin%C3%A1mica%20del%20Mar%20de%20Nubes%20en%20Cumbres%20%28Infogra.pdf
,07. [NAT] Naturaleza Fascinante y Biodiversidad,[Sesión 50] NAT - 050 Óptica y Limnología del Reflejo Espejo en el Lago Alpino (Infogra (PDF),"Disponible en Sesión 50. Paso 7: Biodiversidad y Naturaleza Fascinante (Fauna, flora e infografías científicas). Acceso directo al recurso interactivo.",https://javiercursocorreo-gif.github.io/Curso-IA/CLASES/EXPORTACION_FICHAS_CLASSROOM_PDF/100.%20%5BSESSIONS%5D%20TERNAS_LISTAS_PARA_CLASSROOM/50_Sesion/7.%20NAT-050_%C3%93ptica%20y%20Limnolog%C3%ADa%20del%20Reflejo%20Espejo%20en%20el%20Lago%20Alpino%20%28Infogra.pdf
,07. [NAT] Naturaleza Fascinante y Biodiversidad,[Sesión 51] NAT - 051 Biología Evolutiva y el 'Falso Pulgar' del Oso Panda Gigante (Inf (PDF),"Disponible en Sesión 51. Paso 7: Biodiversidad y Naturaleza Fascinante (Fauna, flora e infografías científicas). Acceso directo al recurso interactivo.",https://javiercursocorreo-gif.github.io/Curso-IA/CLASES/EXPORTACION_FICHAS_CLASSROOM_PDF/100.%20%5BSESSIONS%5D%20TERNAS_LISTAS_PARA_CLASSROOM/51_Sesion/7.%20NAT-051_Biolog%C3%ADa%20Evolutiva%20y%20el%20%27Falso%20Pulgar%27%20del%20Oso%20Panda%20Gigante%20%28Inf.pdf
,07. [NAT] Naturaleza Fascinante y Biodiversidad,[Sesión 52] NAT - 052 Fisiología Térmica e Incubación del Pingüino Emperador (Infografí (PDF),"Disponible en Sesión 52. Paso 7: Biodiversidad y Naturaleza Fascinante (Fauna, flora e infografías científicas). Acceso directo al recurso interactivo.",https://javiercursocorreo-gif.github.io/Curso-IA/CLASES/EXPORTACION_FICHAS_CLASSROOM_PDF/100.%20%5BSESSIONS%5D%20TERNAS_LISTAS_PARA_CLASSROOM/52_Sesion/7.%20NAT-052_Fisiolog%C3%ADa%20T%C3%A9rmica%20e%20Incubaci%C3%B3n%20del%20Ping%C3%BCino%20Emperador%20%28Infograf%C3%AD.pdf
,07. [NAT] Naturaleza Fascinante y Biodiversidad,[Sesión 53] NAT - 053 Acústica de la Berrea y Anatomía Cervina del Ciervo Rojo (Infogra (PDF),"Disponible en Sesión 53. Paso 7: Biodiversidad y Naturaleza Fascinante (Fauna, flora e infografías científicas). Acceso directo al recurso interactivo.",https://javiercursocorreo-gif.github.io/Curso-IA/CLASES/EXPORTACION_FICHAS_CLASSROOM_PDF/100.%20%5BSESSIONS%5D%20TERNAS_LISTAS_PARA_CLASSROOM/53_Sesion/7.%20NAT-053_Ac%C3%BAstica%20de%20la%20Berrea%20y%20Anatom%C3%ADa%20Cervina%20del%20Ciervo%20Rojo%20%28Infogra.pdf
,07. [NAT] Naturaleza Fascinante y Biodiversidad,[Sesión 54] NAT - 054 Genética del Leucismo y Adaptación Polar del Tigre Siberiano (Inf (PDF),"Disponible en Sesión 54. Paso 7: Biodiversidad y Naturaleza Fascinante (Fauna, flora e infografías científicas). Acceso directo al recurso interactivo.",https://javiercursocorreo-gif.github.io/Curso-IA/CLASES/EXPORTACION_FICHAS_CLASSROOM_PDF/100.%20%5BSESSIONS%5D%20TERNAS_LISTAS_PARA_CLASSROOM/54_Sesion/7.%20NAT-054_Gen%C3%A9tica%20del%20Leucismo%20y%20Adaptaci%C3%B3n%20Polar%20del%20Tigre%20Siberiano%20%28Inf.pdf
,07. [NAT] Naturaleza Fascinante y Biodiversidad,[Sesión 55] NAT - 055 Metabolismo Lentísimo e Inversión Biomecánica del Perezoso (Infog (PDF),"Disponible en Sesión 55. Paso 7: Biodiversidad y Naturaleza Fascinante (Fauna, flora e infografías científicas). Acceso directo al recurso interactivo.",https://javiercursocorreo-gif.github.io/Curso-IA/CLASES/EXPORTACION_FICHAS_CLASSROOM_PDF/100.%20%5BSESSIONS%5D%20TERNAS_LISTAS_PARA_CLASSROOM/55_Sesion/7.%20NAT-055_Metabolismo%20Lent%C3%ADsimo%20e%20Inversi%C3%B3n%20Biomec%C3%A1nica%20del%20Perezoso%20%28Infog.pdf
,07. [NAT] Naturaleza Fascinante y Biodiversidad,[Sesión 56] NAT - 056 Fisiología Marsupial y Biomecánica del Canguro Rojo (Infografía C (PDF),"Disponible en Sesión 56. Paso 7: Biodiversidad y Naturaleza Fascinante (Fauna, flora e infografías científicas). Acceso directo al recurso interactivo.",https://javiercursocorreo-gif.github.io/Curso-IA/CLASES/EXPORTACION_FICHAS_CLASSROOM_PDF/100.%20%5BSESSIONS%5D%20TERNAS_LISTAS_PARA_CLASSROOM/56_Sesion/7.%20NAT-056_Fisiolog%C3%ADa%20Marsupial%20y%20Biomec%C3%A1nica%20del%20Canguro%20Rojo%20%28Infograf%C3%ADa%20C.pdf
,07. [NAT] Naturaleza Fascinante y Biodiversidad,[Sesión 57] NAT - 057 Navegación Magnética y Fisiología de Buceo de la Tortuga Marina V (PDF),"Disponible en Sesión 57. Paso 7: Biodiversidad y Naturaleza Fascinante (Fauna, flora e infografías científicas). Acceso directo al recurso interactivo.",https://javiercursocorreo-gif.github.io/Curso-IA/CLASES/EXPORTACION_FICHAS_CLASSROOM_PDF/100.%20%5BSESSIONS%5D%20TERNAS_LISTAS_PARA_CLASSROOM/57_Sesion/7.%20NAT-057_Navegaci%C3%B3n%20Magn%C3%A9tica%20y%20Fisiolog%C3%ADa%20de%20Buceo%20de%20la%20Tortuga%20Marina%20V.pdf
,07. [NAT] Naturaleza Fascinante y Biodiversidad,[Sesión 58] NAT - 058 Fisiología del Color y Pico Filtrador del Flamenco Rosa (Infograf (PDF),"Disponible en Sesión 58. Paso 7: Biodiversidad y Naturaleza Fascinante (Fauna, flora e infografías científicas). Acceso directo al recurso interactivo.",https://javiercursocorreo-gif.github.io/Curso-IA/CLASES/EXPORTACION_FICHAS_CLASSROOM_PDF/100.%20%5BSESSIONS%5D%20TERNAS_LISTAS_PARA_CLASSROOM/58_Sesion/7.%20NAT-058_Fisiolog%C3%ADa%20del%20Color%20y%20Pico%20Filtrador%20del%20Flamenco%20Rosa%20%28Infograf.pdf
,07. [NAT] Naturaleza Fascinante y Biodiversidad,[Sesión 59] NAT - 059 Biomecánica del Salto y Audición Polar del Zorro Rojo en Mousing (PDF),"Disponible en Sesión 59. Paso 7: Biodiversidad y Naturaleza Fascinante (Fauna, flora e infografías científicas). Acceso directo al recurso interactivo.",https://javiercursocorreo-gif.github.io/Curso-IA/CLASES/EXPORTACION_FICHAS_CLASSROOM_PDF/100.%20%5BSESSIONS%5D%20TERNAS_LISTAS_PARA_CLASSROOM/59_Sesion/7.%20NAT-059_Biomec%C3%A1nica%20del%20Salto%20y%20Audici%C3%B3n%20Polar%20del%20Zorro%20Rojo%20en%20Mousing%20.pdf
,07. [NAT] Naturaleza Fascinante y Biodiversidad,[Sesión 60] NAT - 060 El Árbol de la Vida y la Red de Simbiosis de la Biodiversidad (In (PDF),"Disponible en Sesión 60. Paso 7: Biodiversidad y Naturaleza Fascinante (Fauna, flora e infografías científicas). Acceso directo al recurso interactivo.",https://javiercursocorreo-gif.github.io/Curso-IA/CLASES/EXPORTACION_FICHAS_CLASSROOM_PDF/100.%20%5BSESSIONS%5D%20TERNAS_LISTAS_PARA_CLASSROOM/60_Sesion_Cierre/7.%20NAT-060_El%20%C3%81rbol%20de%20la%20Vida%20y%20la%20Red%20de%20Simbiosis%20de%20la%20Biodiversidad%20%28In.pdf
,08. [ARTE] Obras Maestras del Arte Universal,[Sesión 01] ARTE - 001 La Gioconda (Mona Lisa) de Leonardo da Vinci (1503) (PDF),Disponible en Sesión 01. Paso 8: Obras Maestras de la Historia del Arte (Los grandes genios de la pintura). Acceso directo al recurso interactivo.,https://javiercursocorreo-gif.github.io/Curso-IA/CLASES/EXPORTACION_FICHAS_CLASSROOM_PDF/100.%20%5BSESSIONS%5D%20TERNAS_LISTAS_PARA_CLASSROOM/01_Sesion/8.%20ARTE-001_La%20Gioconda%20%28Mona%20Lisa%29%20de%20Leonardo%20da%20Vinci%20%281503%29.pdf
,08. [ARTE] Obras Maestras del Arte Universal,[Sesión 02] ARTE - 002 La Última Cena de Leonardo da Vinci (1498) (PDF),Disponible en Sesión 02. Paso 8: Obras Maestras de la Historia del Arte (Los grandes genios de la pintura). Acceso directo al recurso interactivo.,https://javiercursocorreo-gif.github.io/Curso-IA/CLASES/EXPORTACION_FICHAS_CLASSROOM_PDF/100.%20%5BSESSIONS%5D%20TERNAS_LISTAS_PARA_CLASSROOM/02_Sesion/8.%20ARTE-002_La%20%C3%9Altima%20Cena%20de%20Leonardo%20da%20Vinci%20%281498%29.pdf
,08. [ARTE] Obras Maestras del Arte Universal,[Sesión 03] ARTE - 003 La Creación de Adán de Miguel Ángel Buonarroti (1512) (PDF),Disponible en Sesión 03. Paso 8: Obras Maestras de la Historia del Arte (Los grandes genios de la pintura). Acceso directo al recurso interactivo.,https://javiercursocorreo-gif.github.io/Curso-IA/CLASES/EXPORTACION_FICHAS_CLASSROOM_PDF/100.%20%5BSESSIONS%5D%20TERNAS_LISTAS_PARA_CLASSROOM/03_Sesion/8.%20ARTE-003_La%20Creaci%C3%B3n%20de%20Ad%C3%A1n%20de%20Miguel%20%C3%81ngel%20Buonarroti%20%281512%29.pdf
,08. [ARTE] Obras Maestras del Arte Universal,[Sesión 04] ARTE - 004 El Nacimiento de Venus de Sandro Botticelli (1485) (PDF),Disponible en Sesión 04. Paso 8: Obras Maestras de la Historia del Arte (Los grandes genios de la pintura). Acceso directo al recurso interactivo.,https://javiercursocorreo-gif.github.io/Curso-IA/CLASES/EXPORTACION_FICHAS_CLASSROOM_PDF/100.%20%5BSESSIONS%5D%20TERNAS_LISTAS_PARA_CLASSROOM/04_Sesion/8.%20ARTE-004_El%20Nacimiento%20de%20Venus%20de%20Sandro%20Botticelli%20%281485%29.pdf
,08. [ARTE] Obras Maestras del Arte Universal,[Sesión 05] ARTE - 005 La Primavera de Sandro Botticelli (1482) (PDF),Disponible en Sesión 05. Paso 8: Obras Maestras de la Historia del Arte (Los grandes genios de la pintura). Acceso directo al recurso interactivo.,https://javiercursocorreo-gif.github.io/Curso-IA/CLASES/EXPORTACION_FICHAS_CLASSROOM_PDF/100.%20%5BSESSIONS%5D%20TERNAS_LISTAS_PARA_CLASSROOM/05_Sesion/8.%20ARTE-005_La%20Primavera%20de%20Sandro%20Botticelli%20%281482%29.pdf
,08. [ARTE] Obras Maestras del Arte Universal,[Sesión 06] ARTE - 006 La Escuela de Atenas de Rafael Sanzio (1511) (PDF),Disponible en Sesión 06. Paso 8: Obras Maestras de la Historia del Arte (Los grandes genios de la pintura). Acceso directo al recurso interactivo.,https://javiercursocorreo-gif.github.io/Curso-IA/CLASES/EXPORTACION_FICHAS_CLASSROOM_PDF/100.%20%5BSESSIONS%5D%20TERNAS_LISTAS_PARA_CLASSROOM/06_Sesion/8.%20ARTE-006_La%20Escuela%20de%20Atenas%20de%20Rafael%20Sanzio%20%281511%29.pdf
,08. [ARTE] Obras Maestras del Arte Universal,[Sesión 07] ARTE - 007 El Hombre de Vitruvio de Leonardo da Vinci (1490) (PDF),Disponible en Sesión 07. Paso 8: Obras Maestras de la Historia del Arte (Los grandes genios de la pintura). Acceso directo al recurso interactivo.,https://javiercursocorreo-gif.github.io/Curso-IA/CLASES/EXPORTACION_FICHAS_CLASSROOM_PDF/100.%20%5BSESSIONS%5D%20TERNAS_LISTAS_PARA_CLASSROOM/07_Sesion/8.%20ARTE-007_El%20Hombre%20de%20Vitruvio%20de%20Leonardo%20da%20Vinci%20%281490%29.pdf
,08. [ARTE] Obras Maestras del Arte Universal,[Sesión 08] ARTE - 008 La Virgen del Prado de Rafael Sanzio (1506) (PDF),Disponible en Sesión 08. Paso 8: Obras Maestras de la Historia del Arte (Los grandes genios de la pintura). Acceso directo al recurso interactivo.,https://javiercursocorreo-gif.github.io/Curso-IA/CLASES/EXPORTACION_FICHAS_CLASSROOM_PDF/100.%20%5BSESSIONS%5D%20TERNAS_LISTAS_PARA_CLASSROOM/08_Sesion/8.%20ARTE-008_La%20Virgen%20del%20Prado%20de%20Rafael%20Sanzio%20%281506%29.pdf
,08. [ARTE] Obras Maestras del Arte Universal,[Sesión 09] ARTE - 009 Venus de Urbino de Tiziano (1538) (PDF),Disponible en Sesión 09. Paso 8: Obras Maestras de la Historia del Arte (Los grandes genios de la pintura). Acceso directo al recurso interactivo.,https://javiercursocorreo-gif.github.io/Curso-IA/CLASES/EXPORTACION_FICHAS_CLASSROOM_PDF/100.%20%5BSESSIONS%5D%20TERNAS_LISTAS_PARA_CLASSROOM/09_Sesion/8.%20ARTE-009_Venus%20de%20Urbino%20de%20Tiziano%20%281538%29.pdf
,08. [ARTE] Obras Maestras del Arte Universal,[Sesión 10] ARTE - 010 El Matrimonio Arnolfini de Jan van Eyck (1434) (PDF),Disponible en Sesión 10. Paso 8: Obras Maestras de la Historia del Arte (Los grandes genios de la pintura). Acceso directo al recurso interactivo.,https://javiercursocorreo-gif.github.io/Curso-IA/CLASES/EXPORTACION_FICHAS_CLASSROOM_PDF/100.%20%5BSESSIONS%5D%20TERNAS_LISTAS_PARA_CLASSROOM/10_Sesion/8.%20ARTE-010_El%20Matrimonio%20Arnolfini%20de%20Jan%20van%20Eyck%20%281434%29.pdf
,08. [ARTE] Obras Maestras del Arte Universal,[Sesión 11] ARTE - 011 Las Meninas (La Familia de Felipe IV) de Diego Velázquez (1656) (PDF),Disponible en Sesión 11. Paso 8: Obras Maestras de la Historia del Arte (Los grandes genios de la pintura). Acceso directo al recurso interactivo.,https://javiercursocorreo-gif.github.io/Curso-IA/CLASES/EXPORTACION_FICHAS_CLASSROOM_PDF/100.%20%5BSESSIONS%5D%20TERNAS_LISTAS_PARA_CLASSROOM/11_Sesion/8.%20ARTE-011_Las%20Meninas%20%28La%20Familia%20de%20Felipe%20IV%29%20de%20Diego%20Vel%C3%A1zquez%20%281656%29.pdf
,08. [ARTE] Obras Maestras del Arte Universal,[Sesión 12] ARTE - 012 La Joven de la Perla de Johannes Vermeer (1665) (PDF),Disponible en Sesión 12. Paso 8: Obras Maestras de la Historia del Arte (Los grandes genios de la pintura). Acceso directo al recurso interactivo.,https://javiercursocorreo-gif.github.io/Curso-IA/CLASES/EXPORTACION_FICHAS_CLASSROOM_PDF/100.%20%5BSESSIONS%5D%20TERNAS_LISTAS_PARA_CLASSROOM/12_Sesion/8.%20ARTE-012_La%20Joven%20de%20la%20Perla%20de%20Johannes%20Vermeer%20%281665%29.pdf
,08. [ARTE] Obras Maestras del Arte Universal,[Sesión 13] ARTE - 013 La Ronda de Noche de Rembrandt van Rijn (1642) (PDF),Disponible en Sesión 13. Paso 8: Obras Maestras de la Historia del Arte (Los grandes genios de la pintura). Acceso directo al recurso interactivo.,https://javiercursocorreo-gif.github.io/Curso-IA/CLASES/EXPORTACION_FICHAS_CLASSROOM_PDF/100.%20%5BSESSIONS%5D%20TERNAS_LISTAS_PARA_CLASSROOM/13_Sesion/8.%20ARTE-013_La%20Ronda%20de%20Noche%20de%20Rembrandt%20van%20Rijn%20%281642%29.pdf
,08. [ARTE] Obras Maestras del Arte Universal,[Sesión 14] ARTE - 014 La Lección de Anatomía del Dr. Nicolaes Tulp de Rembrandt (1632) (PDF),Disponible en Sesión 14. Paso 8: Obras Maestras de la Historia del Arte (Los grandes genios de la pintura). Acceso directo al recurso interactivo.,https://javiercursocorreo-gif.github.io/Curso-IA/CLASES/EXPORTACION_FICHAS_CLASSROOM_PDF/100.%20%5BSESSIONS%5D%20TERNAS_LISTAS_PARA_CLASSROOM/14_Sesion/8.%20ARTE-014_La%20Lecci%C3%B3n%20de%20Anatom%C3%ADa%20del%20Dr.%20Nicolaes%20Tulp%20de%20Rembrandt%20%281632%29.pdf
,08. [ARTE] Obras Maestras del Arte Universal,[Sesión 15] ARTE - 015 La Encajera de Johannes Vermeer (1670) (PDF),Disponible en Sesión 15. Paso 8: Obras Maestras de la Historia del Arte (Los grandes genios de la pintura). Acceso directo al recurso interactivo.,https://javiercursocorreo-gif.github.io/Curso-IA/CLASES/EXPORTACION_FICHAS_CLASSROOM_PDF/100.%20%5BSESSIONS%5D%20TERNAS_LISTAS_PARA_CLASSROOM/15_Sesion/8.%20ARTE-015_La%20Encajera%20de%20Johannes%20Vermeer%20%281670%29.pdf
,08. [ARTE] Obras Maestras del Arte Universal,[Sesión 16] ARTE - 016 El Triunfo de Baco (Los Borrachos) de Diego Velázquez (1629) (PDF),Disponible en Sesión 16. Paso 8: Obras Maestras de la Historia del Arte (Los grandes genios de la pintura). Acceso directo al recurso interactivo.,https://javiercursocorreo-gif.github.io/Curso-IA/CLASES/EXPORTACION_FICHAS_CLASSROOM_PDF/100.%20%5BSESSIONS%5D%20TERNAS_LISTAS_PARA_CLASSROOM/16_Sesion/8.%20ARTE-016_El%20Triunfo%20de%20Baco%20%28Los%20Borrachos%29%20de%20Diego%20Vel%C3%A1zquez%20%281629%29.pdf
,08. [ARTE] Obras Maestras del Arte Universal,[Sesión 17] ARTE - 017 Judit decapitando a Holofernes de Artemisia Gentileschi (1620) (PDF),Disponible en Sesión 17. Paso 8: Obras Maestras de la Historia del Arte (Los grandes genios de la pintura). Acceso directo al recurso interactivo.,https://javiercursocorreo-gif.github.io/Curso-IA/CLASES/EXPORTACION_FICHAS_CLASSROOM_PDF/100.%20%5BSESSIONS%5D%20TERNAS_LISTAS_PARA_CLASSROOM/17_Sesion/8.%20ARTE-017_Judit%20decapitando%20a%20Holofernes%20de%20Artemisia%20Gentileschi%20%281620%29.pdf
,08. [ARTE] Obras Maestras del Arte Universal,[Sesión 18] ARTE - 018 La Vocación de San Mateo de Caravaggio (1600) (PDF),Disponible en Sesión 18. Paso 8: Obras Maestras de la Historia del Arte (Los grandes genios de la pintura). Acceso directo al recurso interactivo.,https://javiercursocorreo-gif.github.io/Curso-IA/CLASES/EXPORTACION_FICHAS_CLASSROOM_PDF/100.%20%5BSESSIONS%5D%20TERNAS_LISTAS_PARA_CLASSROOM/18_Sesion/8.%20ARTE-018_La%20Vocaci%C3%B3n%20de%20San%20Mateo%20de%20Caravaggio%20%281600%29.pdf
,08. [ARTE] Obras Maestras del Arte Universal,[Sesión 19] ARTE - 019 El Caballero de la Mano en el Pecho de El Greco (1580) (PDF),Disponible en Sesión 19. Paso 8: Obras Maestras de la Historia del Arte (Los grandes genios de la pintura). Acceso directo al recurso interactivo.,https://javiercursocorreo-gif.github.io/Curso-IA/CLASES/EXPORTACION_FICHAS_CLASSROOM_PDF/100.%20%5BSESSIONS%5D%20TERNAS_LISTAS_PARA_CLASSROOM/19_Sesion/8.%20ARTE-019_El%20Caballero%20de%20la%20Mano%20en%20el%20Pecho%20de%20El%20Greco%20%281580%29.pdf
,08. [ARTE] Obras Maestras del Arte Universal,[Sesión 20] ARTE - 020 Vista de Toledo de El Greco (1600) (PDF),Disponible en Sesión 20. Paso 8: Obras Maestras de la Historia del Arte (Los grandes genios de la pintura). Acceso directo al recurso interactivo.,https://javiercursocorreo-gif.github.io/Curso-IA/CLASES/EXPORTACION_FICHAS_CLASSROOM_PDF/100.%20%5BSESSIONS%5D%20TERNAS_LISTAS_PARA_CLASSROOM/20_Sesion/8.%20ARTE-020_Vista%20de%20Toledo%20de%20El%20Greco%20%281600%29.pdf
,08. [ARTE] Obras Maestras del Arte Universal,[Sesión 21] ARTE - 021 El Tres de Mayo en Madrid (Los Fusilamientos) de Francisco de Goy (PDF),Disponible en Sesión 21. Paso 8: Obras Maestras de la Historia del Arte (Los grandes genios de la pintura). Acceso directo al recurso interactivo.,https://javiercursocorreo-gif.github.io/Curso-IA/CLASES/EXPORTACION_FICHAS_CLASSROOM_PDF/100.%20%5BSESSIONS%5D%20TERNAS_LISTAS_PARA_CLASSROOM/21_Sesion/8.%20ARTE-021_El%20Tres%20de%20Mayo%20en%20Madrid%20%28Los%20Fusilamientos%29%20de%20Francisco%20de%20Goy.pdf
,08. [ARTE] Obras Maestras del Arte Universal,[Sesión 22] ARTE - 022 Saturno devorando a su hijo de Francisco de Goya (1823) (PDF),Disponible en Sesión 22. Paso 8: Obras Maestras de la Historia del Arte (Los grandes genios de la pintura). Acceso directo al recurso interactivo.,https://javiercursocorreo-gif.github.io/Curso-IA/CLASES/EXPORTACION_FICHAS_CLASSROOM_PDF/100.%20%5BSESSIONS%5D%20TERNAS_LISTAS_PARA_CLASSROOM/22_Sesion/8.%20ARTE-022_Saturno%20devorando%20a%20su%20hijo%20de%20Francisco%20de%20Goya%20%281823%29.pdf
,08. [ARTE] Obras Maestras del Arte Universal,[Sesión 23] ARTE - 023 La Libertad guiando al pueblo de Eugène Delacroix (1830) (PDF),Disponible en Sesión 23. Paso 8: Obras Maestras de la Historia del Arte (Los grandes genios de la pintura). Acceso directo al recurso interactivo.,https://javiercursocorreo-gif.github.io/Curso-IA/CLASES/EXPORTACION_FICHAS_CLASSROOM_PDF/100.%20%5BSESSIONS%5D%20TERNAS_LISTAS_PARA_CLASSROOM/23_Sesion/8.%20ARTE-023_La%20Libertad%20guiando%20al%20pueblo%20de%20Eug%C3%A8ne%20Delacroix%20%281830%29.pdf
,08. [ARTE] Obras Maestras del Arte Universal,[Sesión 24] ARTE - 024 El Caminante sobre el Mar de Nubes de Caspar David Friedrich (181 (PDF),Disponible en Sesión 24. Paso 8: Obras Maestras de la Historia del Arte (Los grandes genios de la pintura). Acceso directo al recurso interactivo.,https://javiercursocorreo-gif.github.io/Curso-IA/CLASES/EXPORTACION_FICHAS_CLASSROOM_PDF/100.%20%5BSESSIONS%5D%20TERNAS_LISTAS_PARA_CLASSROOM/24_Sesion/8.%20ARTE-024_El%20Caminante%20sobre%20el%20Mar%20de%20Nubes%20de%20Caspar%20David%20Friedrich%20%28181.pdf
,08. [ARTE] Obras Maestras del Arte Universal,[Sesión 25] ARTE - 025 La Balsa de la Medusa de Théodore Géricault (1819) (PDF),Disponible en Sesión 25. Paso 8: Obras Maestras de la Historia del Arte (Los grandes genios de la pintura). Acceso directo al recurso interactivo.,https://javiercursocorreo-gif.github.io/Curso-IA/CLASES/EXPORTACION_FICHAS_CLASSROOM_PDF/100.%20%5BSESSIONS%5D%20TERNAS_LISTAS_PARA_CLASSROOM/25_Sesion/8.%20ARTE-025_La%20Balsa%20de%20la%20Medusa%20de%20Th%C3%A9odore%20G%C3%A9ricault%20%281819%29.pdf
,08. [ARTE] Obras Maestras del Arte Universal,[Sesión 26] ARTE - 026 Las Espigadoras de Jean - François Millet (1857) (PDF),Disponible en Sesión 26. Paso 8: Obras Maestras de la Historia del Arte (Los grandes genios de la pintura). Acceso directo al recurso interactivo.,https://javiercursocorreo-gif.github.io/Curso-IA/CLASES/EXPORTACION_FICHAS_CLASSROOM_PDF/100.%20%5BSESSIONS%5D%20TERNAS_LISTAS_PARA_CLASSROOM/26_Sesion/8.%20ARTE-026_Las%20Espigadoras%20de%20Jean-Fran%C3%A7ois%20Millet%20%281857%29.pdf
,08. [ARTE] Obras Maestras del Arte Universal,[Sesión 27] ARTE - 027 El Columpio de Jean - Honoré Fragonard (1767) (PDF),Disponible en Sesión 27. Paso 8: Obras Maestras de la Historia del Arte (Los grandes genios de la pintura). Acceso directo al recurso interactivo.,https://javiercursocorreo-gif.github.io/Curso-IA/CLASES/EXPORTACION_FICHAS_CLASSROOM_PDF/100.%20%5BSESSIONS%5D%20TERNAS_LISTAS_PARA_CLASSROOM/27_Sesion/8.%20ARTE-027_El%20Columpio%20de%20Jean-Honor%C3%A9%20Fragonard%20%281767%29.pdf
,08. [ARTE] Obras Maestras del Arte Universal,[Sesión 28] ARTE - 028 La Ofelia de John Everett Millais (1852) (PDF),Disponible en Sesión 28. Paso 8: Obras Maestras de la Historia del Arte (Los grandes genios de la pintura). Acceso directo al recurso interactivo.,https://javiercursocorreo-gif.github.io/Curso-IA/CLASES/EXPORTACION_FICHAS_CLASSROOM_PDF/100.%20%5BSESSIONS%5D%20TERNAS_LISTAS_PARA_CLASSROOM/28_Sesion/8.%20ARTE-028_La%20Ofelia%20de%20John%20Everett%20Millais%20%281852%29.pdf
,08. [ARTE] Obras Maestras del Arte Universal,[Sesión 29] ARTE - 029 El Taller del Pintor de Gustave Courbet (1855) (PDF),Disponible en Sesión 29. Paso 8: Obras Maestras de la Historia del Arte (Los grandes genios de la pintura). Acceso directo al recurso interactivo.,https://javiercursocorreo-gif.github.io/Curso-IA/CLASES/EXPORTACION_FICHAS_CLASSROOM_PDF/100.%20%5BSESSIONS%5D%20TERNAS_LISTAS_PARA_CLASSROOM/29_Sesion/8.%20ARTE-029_El%20Taller%20del%20Pintor%20de%20Gustave%20Courbet%20%281855%29.pdf
,08. [ARTE] Obras Maestras del Arte Universal,[Sesión 30] ARTE - 030 El Temerario remolcado a su último atraque de J.M.W. Turner (1839 (PDF),Disponible en Sesión 30. Paso 8: Obras Maestras de la Historia del Arte (Los grandes genios de la pintura). Acceso directo al recurso interactivo.,https://javiercursocorreo-gif.github.io/Curso-IA/CLASES/EXPORTACION_FICHAS_CLASSROOM_PDF/100.%20%5BSESSIONS%5D%20TERNAS_LISTAS_PARA_CLASSROOM/30_Sesion/8.%20ARTE-030_El%20Temerario%20remolcado%20a%20su%20%C3%BAltimo%20atraque%20de%20J.M.W.%20Turner%20%281839.pdf
,08. [ARTE] Obras Maestras del Arte Universal,"[Sesión 31] ARTE - 031 Impresión, Sol Naciente de Claude Monet (1872) (PDF)",Disponible en Sesión 31. Paso 8: Obras Maestras de la Historia del Arte (Los grandes genios de la pintura). Acceso directo al recurso interactivo.,https://javiercursocorreo-gif.github.io/Curso-IA/CLASES/EXPORTACION_FICHAS_CLASSROOM_PDF/100.%20%5BSESSIONS%5D%20TERNAS_LISTAS_PARA_CLASSROOM/31_Sesion/8.%20ARTE-031_Impresi%C3%B3n%2C%20Sol%20Naciente%20de%20Claude%20Monet%20%281872%29.pdf
,08. [ARTE] Obras Maestras del Arte Universal,[Sesión 32] ARTE - 032 Los Nenúfares (Nymphéas) de Claude Monet (1916) (PDF),Disponible en Sesión 32. Paso 8: Obras Maestras de la Historia del Arte (Los grandes genios de la pintura). Acceso directo al recurso interactivo.,https://javiercursocorreo-gif.github.io/Curso-IA/CLASES/EXPORTACION_FICHAS_CLASSROOM_PDF/100.%20%5BSESSIONS%5D%20TERNAS_LISTAS_PARA_CLASSROOM/32_Sesion/8.%20ARTE-032_Los%20Nen%C3%BAfares%20%28Nymph%C3%A9as%29%20de%20Claude%20Monet%20%281916%29.pdf
,08. [ARTE] Obras Maestras del Arte Universal,[Sesión 33] ARTE - 033 Mujer con Sombrilla (Madame Monet y su hijo) de Claude Monet (187 (PDF),Disponible en Sesión 33. Paso 8: Obras Maestras de la Historia del Arte (Los grandes genios de la pintura). Acceso directo al recurso interactivo.,https://javiercursocorreo-gif.github.io/Curso-IA/CLASES/EXPORTACION_FICHAS_CLASSROOM_PDF/100.%20%5BSESSIONS%5D%20TERNAS_LISTAS_PARA_CLASSROOM/33_Sesion/8.%20ARTE-033_Mujer%20con%20Sombrilla%20%28Madame%20Monet%20y%20su%20hijo%29%20de%20Claude%20Monet%20%28187.pdf
,08. [ARTE] Obras Maestras del Arte Universal,[Sesión 34] ARTE - 034 Baile en el Moulin de la Galette de Pierre - Auguste Renoir (1876) (PDF),Disponible en Sesión 34. Paso 8: Obras Maestras de la Historia del Arte (Los grandes genios de la pintura). Acceso directo al recurso interactivo.,https://javiercursocorreo-gif.github.io/Curso-IA/CLASES/EXPORTACION_FICHAS_CLASSROOM_PDF/100.%20%5BSESSIONS%5D%20TERNAS_LISTAS_PARA_CLASSROOM/34_Sesion/8.%20ARTE-034_Baile%20en%20el%20Moulin%20de%20la%20Galette%20de%20Pierre-Auguste%20Renoir%20%281876%29.pdf
,08. [ARTE] Obras Maestras del Arte Universal,[Sesión 35] ARTE - 035 El Almuerzo de los Remeros de Pierre - Auguste Renoir (1881) (PDF),Disponible en Sesión 35. Paso 8: Obras Maestras de la Historia del Arte (Los grandes genios de la pintura). Acceso directo al recurso interactivo.,https://javiercursocorreo-gif.github.io/Curso-IA/CLASES/EXPORTACION_FICHAS_CLASSROOM_PDF/100.%20%5BSESSIONS%5D%20TERNAS_LISTAS_PARA_CLASSROOM/35_Sesion/8.%20ARTE-035_El%20Almuerzo%20de%20los%20Remeros%20de%20Pierre-Auguste%20Renoir%20%281881%29.pdf
,08. [ARTE] Obras Maestras del Arte Universal,[Sesión 36] ARTE - 036 El Balcón de Édouard Manet (1869) (PDF),Disponible en Sesión 36. Paso 8: Obras Maestras de la Historia del Arte (Los grandes genios de la pintura). Acceso directo al recurso interactivo.,https://javiercursocorreo-gif.github.io/Curso-IA/CLASES/EXPORTACION_FICHAS_CLASSROOM_PDF/100.%20%5BSESSIONS%5D%20TERNAS_LISTAS_PARA_CLASSROOM/36_Sesion/8.%20ARTE-036_El%20Balc%C3%B3n%20de%20%C3%89douard%20Manet%20%281869%29.pdf
,08. [ARTE] Obras Maestras del Arte Universal,[Sesión 37] ARTE - 037 Olympia de Édouard Manet (1863) (PDF),Disponible en Sesión 37. Paso 8: Obras Maestras de la Historia del Arte (Los grandes genios de la pintura). Acceso directo al recurso interactivo.,https://javiercursocorreo-gif.github.io/Curso-IA/CLASES/EXPORTACION_FICHAS_CLASSROOM_PDF/100.%20%5BSESSIONS%5D%20TERNAS_LISTAS_PARA_CLASSROOM/37_Sesion/8.%20ARTE-037_Olympia%20de%20%C3%89douard%20Manet%20%281863%29.pdf
,08. [ARTE] Obras Maestras del Arte Universal,[Sesión 38] ARTE - 038 La Clase de Danza de Edgar Degas (1874) (PDF),Disponible en Sesión 38. Paso 8: Obras Maestras de la Historia del Arte (Los grandes genios de la pintura). Acceso directo al recurso interactivo.,https://javiercursocorreo-gif.github.io/Curso-IA/CLASES/EXPORTACION_FICHAS_CLASSROOM_PDF/100.%20%5BSESSIONS%5D%20TERNAS_LISTAS_PARA_CLASSROOM/38_Sesion/8.%20ARTE-038_La%20Clase%20de%20Danza%20de%20Edgar%20Degas%20%281874%29.pdf
,08. [ARTE] Obras Maestras del Arte Universal,"[Sesión 39] ARTE - 039 Calle de París, día lluvioso de Gustave Caillebotte (1877) (PDF)",Disponible en Sesión 39. Paso 8: Obras Maestras de la Historia del Arte (Los grandes genios de la pintura). Acceso directo al recurso interactivo.,https://javiercursocorreo-gif.github.io/Curso-IA/CLASES/EXPORTACION_FICHAS_CLASSROOM_PDF/100.%20%5BSESSIONS%5D%20TERNAS_LISTAS_PARA_CLASSROOM/39_Sesion/8.%20ARTE-039_Calle%20de%20Par%C3%ADs%2C%20d%C3%ADa%20lluvioso%20de%20Gustave%20Caillebotte%20%281877%29.pdf
,08. [ARTE] Obras Maestras del Arte Universal,[Sesión 40] ARTE - 040 Los Jugadores de Cartas de Paul Cézanne (1895) (PDF),Disponible en Sesión 40. Paso 8: Obras Maestras de la Historia del Arte (Los grandes genios de la pintura). Acceso directo al recurso interactivo.,https://javiercursocorreo-gif.github.io/Curso-IA/CLASES/EXPORTACION_FICHAS_CLASSROOM_PDF/100.%20%5BSESSIONS%5D%20TERNAS_LISTAS_PARA_CLASSROOM/40_Sesion/8.%20ARTE-040_Los%20Jugadores%20de%20Cartas%20de%20Paul%20C%C3%A9zanne%20%281895%29.pdf
,08. [ARTE] Obras Maestras del Arte Universal,[Sesión 41] ARTE - 041 La Noche Estrellada de Vincent van Gogh (1889) (PDF),Disponible en Sesión 41. Paso 8: Obras Maestras de la Historia del Arte (Los grandes genios de la pintura). Acceso directo al recurso interactivo.,https://javiercursocorreo-gif.github.io/Curso-IA/CLASES/EXPORTACION_FICHAS_CLASSROOM_PDF/100.%20%5BSESSIONS%5D%20TERNAS_LISTAS_PARA_CLASSROOM/41_Sesion/8.%20ARTE-041_La%20Noche%20Estrellada%20de%20Vincent%20van%20Gogh%20%281889%29.pdf
,08. [ARTE] Obras Maestras del Arte Universal,[Sesión 42] ARTE - 042 Los Girasoles de Vincent van Gogh (1888) (PDF),Disponible en Sesión 42. Paso 8: Obras Maestras de la Historia del Arte (Los grandes genios de la pintura). Acceso directo al recurso interactivo.,https://javiercursocorreo-gif.github.io/Curso-IA/CLASES/EXPORTACION_FICHAS_CLASSROOM_PDF/100.%20%5BSESSIONS%5D%20TERNAS_LISTAS_PARA_CLASSROOM/42_Sesion/8.%20ARTE-042_Los%20Girasoles%20de%20Vincent%20van%20Gogh%20%281888%29.pdf
,08. [ARTE] Obras Maestras del Arte Universal,[Sesión 43] ARTE - 043 El Dormitorio en Arles de Vincent van Gogh (1888) (PDF),Disponible en Sesión 43. Paso 8: Obras Maestras de la Historia del Arte (Los grandes genios de la pintura). Acceso directo al recurso interactivo.,https://javiercursocorreo-gif.github.io/Curso-IA/CLASES/EXPORTACION_FICHAS_CLASSROOM_PDF/100.%20%5BSESSIONS%5D%20TERNAS_LISTAS_PARA_CLASSROOM/43_Sesion/8.%20ARTE-043_El%20Dormitorio%20en%20Arles%20de%20Vincent%20van%20Gogh%20%281888%29.pdf
,08. [ARTE] Obras Maestras del Arte Universal,[Sesión 44] ARTE - 044 Terraza de café por la noche de Vincent van Gogh (1888) (PDF),Disponible en Sesión 44. Paso 8: Obras Maestras de la Historia del Arte (Los grandes genios de la pintura). Acceso directo al recurso interactivo.,https://javiercursocorreo-gif.github.io/Curso-IA/CLASES/EXPORTACION_FICHAS_CLASSROOM_PDF/100.%20%5BSESSIONS%5D%20TERNAS_LISTAS_PARA_CLASSROOM/44_Sesion/8.%20ARTE-044_Terraza%20de%20caf%C3%A9%20por%20la%20noche%20de%20Vincent%20van%20Gogh%20%281888%29.pdf
,08. [ARTE] Obras Maestras del Arte Universal,[Sesión 45] ARTE - 045 Una Tarde de Domingo en la Isla de la Grande Jatte de Georges Seu (PDF),Disponible en Sesión 45. Paso 8: Obras Maestras de la Historia del Arte (Los grandes genios de la pintura). Acceso directo al recurso interactivo.,https://javiercursocorreo-gif.github.io/Curso-IA/CLASES/EXPORTACION_FICHAS_CLASSROOM_PDF/100.%20%5BSESSIONS%5D%20TERNAS_LISTAS_PARA_CLASSROOM/45_Sesion/8.%20ARTE-045_Una%20Tarde%20de%20Domingo%20en%20la%20Isla%20de%20la%20Grande%20Jatte%20de%20Georges%20Seu.pdf
,08. [ARTE] Obras Maestras del Arte Universal,[Sesión 46] ARTE - 046 El Grito de Edvard Munch (1893) (PDF),Disponible en Sesión 46. Paso 8: Obras Maestras de la Historia del Arte (Los grandes genios de la pintura). Acceso directo al recurso interactivo.,https://javiercursocorreo-gif.github.io/Curso-IA/CLASES/EXPORTACION_FICHAS_CLASSROOM_PDF/100.%20%5BSESSIONS%5D%20TERNAS_LISTAS_PARA_CLASSROOM/46_Sesion/8.%20ARTE-046_El%20Grito%20de%20Edvard%20Munch%20%281893%29.pdf
,08. [ARTE] Obras Maestras del Arte Universal,[Sesión 47] ARTE - 047 El Beso de Gustav Klimt (1908) (PDF),Disponible en Sesión 47. Paso 8: Obras Maestras de la Historia del Arte (Los grandes genios de la pintura). Acceso directo al recurso interactivo.,https://javiercursocorreo-gif.github.io/Curso-IA/CLASES/EXPORTACION_FICHAS_CLASSROOM_PDF/100.%20%5BSESSIONS%5D%20TERNAS_LISTAS_PARA_CLASSROOM/47_Sesion/8.%20ARTE-047_El%20Beso%20de%20Gustav%20Klimt%20%281908%29.pdf
,08. [ARTE] Obras Maestras del Arte Universal,[Sesión 48] ARTE - 048 Retrato de Adele Bloch - Bauer I (La Dama de Oro) de Gustav Klimt ( (PDF),Disponible en Sesión 48. Paso 8: Obras Maestras de la Historia del Arte (Los grandes genios de la pintura). Acceso directo al recurso interactivo.,https://javiercursocorreo-gif.github.io/Curso-IA/CLASES/EXPORTACION_FICHAS_CLASSROOM_PDF/100.%20%5BSESSIONS%5D%20TERNAS_LISTAS_PARA_CLASSROOM/48_Sesion/8.%20ARTE-048_Retrato%20de%20Adele%20Bloch-Bauer%20I%20%28La%20Dama%20de%20Oro%29%20de%20Gustav%20Klimt%20%28.pdf
,08. [ARTE] Obras Maestras del Arte Universal,[Sesión 49] ARTE - 049 La Gitana Dormida de Henri Rousseau (1897) (PDF),Disponible en Sesión 49. Paso 8: Obras Maestras de la Historia del Arte (Los grandes genios de la pintura). Acceso directo al recurso interactivo.,https://javiercursocorreo-gif.github.io/Curso-IA/CLASES/EXPORTACION_FICHAS_CLASSROOM_PDF/100.%20%5BSESSIONS%5D%20TERNAS_LISTAS_PARA_CLASSROOM/49_Sesion/8.%20ARTE-049_La%20Gitana%20Dormida%20de%20Henri%20Rousseau%20%281897%29.pdf
,08. [ARTE] Obras Maestras del Arte Universal,"[Sesión 50] ARTE - 050 El Jardín de las Delicias de El Bosco (Hieronymus Bosch, 1505) (PDF)",Disponible en Sesión 50. Paso 8: Obras Maestras de la Historia del Arte (Los grandes genios de la pintura). Acceso directo al recurso interactivo.,https://javiercursocorreo-gif.github.io/Curso-IA/CLASES/EXPORTACION_FICHAS_CLASSROOM_PDF/100.%20%5BSESSIONS%5D%20TERNAS_LISTAS_PARA_CLASSROOM/50_Sesion/8.%20ARTE-050_El%20Jard%C3%ADn%20de%20las%20Delicias%20de%20El%20Bosco%20%28Hieronymus%20Bosch%2C%201505%29.pdf
,08. [ARTE] Obras Maestras del Arte Universal,[Sesión 51] ARTE - 051 El Guernica de Pablo Picasso (1937) (PDF),Disponible en Sesión 51. Paso 8: Obras Maestras de la Historia del Arte (Los grandes genios de la pintura). Acceso directo al recurso interactivo.,https://javiercursocorreo-gif.github.io/Curso-IA/CLASES/EXPORTACION_FICHAS_CLASSROOM_PDF/100.%20%5BSESSIONS%5D%20TERNAS_LISTAS_PARA_CLASSROOM/51_Sesion/8.%20ARTE-051_El%20Guernica%20de%20Pablo%20Picasso%20%281937%29.pdf
,08. [ARTE] Obras Maestras del Arte Universal,[Sesión 52] ARTE - 052 La Persistencia de la Memoria (Los Relojes Blandos) de Salvador D (PDF),Disponible en Sesión 52. Paso 8: Obras Maestras de la Historia del Arte (Los grandes genios de la pintura). Acceso directo al recurso interactivo.,https://javiercursocorreo-gif.github.io/Curso-IA/CLASES/EXPORTACION_FICHAS_CLASSROOM_PDF/100.%20%5BSESSIONS%5D%20TERNAS_LISTAS_PARA_CLASSROOM/52_Sesion/8.%20ARTE-052_La%20Persistencia%20de%20la%20Memoria%20%28Los%20Relojes%20Blandos%29%20de%20Salvador%20D.pdf
,08. [ARTE] Obras Maestras del Arte Universal,[Sesión 53] ARTE - 053 Cristo de San Juan de la Cruz de Salvador Dalí (1951) (PDF),Disponible en Sesión 53. Paso 8: Obras Maestras de la Historia del Arte (Los grandes genios de la pintura). Acceso directo al recurso interactivo.,https://javiercursocorreo-gif.github.io/Curso-IA/CLASES/EXPORTACION_FICHAS_CLASSROOM_PDF/100.%20%5BSESSIONS%5D%20TERNAS_LISTAS_PARA_CLASSROOM/53_Sesion/8.%20ARTE-053_Cristo%20de%20San%20Juan%20de%20la%20Cruz%20de%20Salvador%20Dal%C3%AD%20%281951%29.pdf
,08. [ARTE] Obras Maestras del Arte Universal,[Sesión 54] ARTE - 054 El Hijo del Hombre (El bombín y la manzana) de René Magritte (196 (PDF),Disponible en Sesión 54. Paso 8: Obras Maestras de la Historia del Arte (Los grandes genios de la pintura). Acceso directo al recurso interactivo.,https://javiercursocorreo-gif.github.io/Curso-IA/CLASES/EXPORTACION_FICHAS_CLASSROOM_PDF/100.%20%5BSESSIONS%5D%20TERNAS_LISTAS_PARA_CLASSROOM/54_Sesion/8.%20ARTE-054_El%20Hijo%20del%20Hombre%20%28El%20bomb%C3%ADn%20y%20la%20manzana%29%20de%20Ren%C3%A9%20Magritte%20%28196.pdf
,08. [ARTE] Obras Maestras del Arte Universal,[Sesión 56] ARTE - 056 Noctámbulos (Nighthawks) de Edward Hopper (1942) (PDF),Disponible en Sesión 56. Paso 8: Obras Maestras de la Historia del Arte (Los grandes genios de la pintura). Acceso directo al recurso interactivo.,https://javiercursocorreo-gif.github.io/Curso-IA/CLASES/EXPORTACION_FICHAS_CLASSROOM_PDF/100.%20%5BSESSIONS%5D%20TERNAS_LISTAS_PARA_CLASSROOM/56_Sesion/8.%20ARTE-056_Noct%C3%A1mbulos%20%28Nighthawks%29%20de%20Edward%20Hopper%20%281942%29.pdf
,08. [ARTE] Obras Maestras del Arte Universal,[Sesión 57] ARTE - 057 Gótico Estadounidense (American Gothic) de Grant Wood (1930) (PDF),Disponible en Sesión 57. Paso 8: Obras Maestras de la Historia del Arte (Los grandes genios de la pintura). Acceso directo al recurso interactivo.,https://javiercursocorreo-gif.github.io/Curso-IA/CLASES/EXPORTACION_FICHAS_CLASSROOM_PDF/100.%20%5BSESSIONS%5D%20TERNAS_LISTAS_PARA_CLASSROOM/57_Sesion/8.%20ARTE-057_G%C3%B3tico%20Estadounidense%20%28American%20Gothic%29%20de%20Grant%20Wood%20%281930%29.pdf
,08. [ARTE] Obras Maestras del Arte Universal,[Sesión 58] ARTE - 058 La Gran Ola de Kanagawa de Katsushika Hokusai (1831) (PDF),Disponible en Sesión 58. Paso 8: Obras Maestras de la Historia del Arte (Los grandes genios de la pintura). Acceso directo al recurso interactivo.,https://javiercursocorreo-gif.github.io/Curso-IA/CLASES/EXPORTACION_FICHAS_CLASSROOM_PDF/100.%20%5BSESSIONS%5D%20TERNAS_LISTAS_PARA_CLASSROOM/58_Sesion/8.%20ARTE-058_La%20Gran%20Ola%20de%20Kanagawa%20de%20Katsushika%20Hokusai%20%281831%29.pdf
,08. [ARTE] Obras Maestras del Arte Universal,[Sesión 59] ARTE - 059 Las Dos Fridas de Frida Kahlo (1939) (PDF),Disponible en Sesión 59. Paso 8: Obras Maestras de la Historia del Arte (Los grandes genios de la pintura). Acceso directo al recurso interactivo.,https://javiercursocorreo-gif.github.io/Curso-IA/CLASES/EXPORTACION_FICHAS_CLASSROOM_PDF/100.%20%5BSESSIONS%5D%20TERNAS_LISTAS_PARA_CLASSROOM/59_Sesion/8.%20ARTE-059_Las%20Dos%20Fridas%20de%20Frida%20Kahlo%20%281939%29.pdf
,08. [ARTE] Obras Maestras del Arte Universal,[Sesión 60] ARTE - 060 El Cargador de Flores de Diego Rivera (1935) (PDF),Disponible en Sesión 60. Paso 8: Obras Maestras de la Historia del Arte (Los grandes genios de la pintura). Acceso directo al recurso interactivo.,https://javiercursocorreo-gif.github.io/Curso-IA/CLASES/EXPORTACION_FICHAS_CLASSROOM_PDF/100.%20%5BSESSIONS%5D%20TERNAS_LISTAS_PARA_CLASSROOM/60_Sesion_Cierre/8.%20ARTE-060_El%20Cargador%20de%20Flores%20de%20Diego%20Rivera%20%281935%29.pdf
,09. [NIV] Escalafones y Niveles (Cultura 101),[Sesión 01] NIV - 001 Los 7 Niveles de Riqueza y Libertad Financiera (PDF),Disponible en Sesión 01. Paso 9: Escalafones y Niveles (Cultura 101: clasificaciones del mundo). Acceso directo al recurso interactivo.,https://javiercursocorreo-gif.github.io/Curso-IA/CLASES/EXPORTACION_FICHAS_CLASSROOM_PDF/100.%20%5BSESSIONS%5D%20TERNAS_LISTAS_PARA_CLASSROOM/01_Sesion/9.%20NIV-001_Los%207%20Niveles%20de%20Riqueza%20y%20Libertad%20Financiera.pdf
,09. [NIV] Escalafones y Niveles (Cultura 101),[Sesión 02] NIV - 002 Los 6 Niveles de las Pirámides y Fraudes Financieros Históricos (PDF),Disponible en Sesión 02. Paso 9: Escalafones y Niveles (Cultura 101: clasificaciones del mundo). Acceso directo al recurso interactivo.,https://javiercursocorreo-gif.github.io/Curso-IA/CLASES/EXPORTACION_FICHAS_CLASSROOM_PDF/100.%20%5BSESSIONS%5D%20TERNAS_LISTAS_PARA_CLASSROOM/02_Sesion/9.%20NIV-002_Los%206%20Niveles%20de%20las%20Pir%C3%A1mides%20y%20Fraudes%20Financieros%20Hist%C3%B3ricos.pdf
,09. [NIV] Escalafones y Niveles (Cultura 101),[Sesión 03] NIV - 003 Los 5 Niveles del Poder Geopolítico y Hegemonía Mundial (PDF),Disponible en Sesión 03. Paso 9: Escalafones y Niveles (Cultura 101: clasificaciones del mundo). Acceso directo al recurso interactivo.,https://javiercursocorreo-gif.github.io/Curso-IA/CLASES/EXPORTACION_FICHAS_CLASSROOM_PDF/100.%20%5BSESSIONS%5D%20TERNAS_LISTAS_PARA_CLASSROOM/03_Sesion/9.%20NIV-003_Los%205%20Niveles%20del%20Poder%20Geopol%C3%ADtico%20y%20Hegemon%C3%ADa%20Mundial.pdf
,09. [NIV] Escalafones y Niveles (Cultura 101),[Sesión 04] NIV - 004 Los 6 Niveles de Aporte de Valor en una Empresa (PDF),Disponible en Sesión 04. Paso 9: Escalafones y Niveles (Cultura 101: clasificaciones del mundo). Acceso directo al recurso interactivo.,https://javiercursocorreo-gif.github.io/Curso-IA/CLASES/EXPORTACION_FICHAS_CLASSROOM_PDF/100.%20%5BSESSIONS%5D%20TERNAS_LISTAS_PARA_CLASSROOM/04_Sesion/9.%20NIV-004_Los%206%20Niveles%20de%20Aporte%20de%20Valor%20en%20una%20Empresa.pdf
,09. [NIV] Escalafones y Niveles (Cultura 101),[Sesión 05] NIV - 005 Los 5 Niveles de la Evolución del Dinero (PDF),Disponible en Sesión 05. Paso 9: Escalafones y Niveles (Cultura 101: clasificaciones del mundo). Acceso directo al recurso interactivo.,https://javiercursocorreo-gif.github.io/Curso-IA/CLASES/EXPORTACION_FICHAS_CLASSROOM_PDF/100.%20%5BSESSIONS%5D%20TERNAS_LISTAS_PARA_CLASSROOM/05_Sesion/9.%20NIV-005_Los%205%20Niveles%20de%20la%20Evoluci%C3%B3n%20del%20Dinero.pdf
,09. [NIV] Escalafones y Niveles (Cultura 101),[Sesión 06] NIV - 006 Los 6 Niveles del Poder Adquisitivo y Coste de Vida Global (PDF),Disponible en Sesión 06. Paso 9: Escalafones y Niveles (Cultura 101: clasificaciones del mundo). Acceso directo al recurso interactivo.,https://javiercursocorreo-gif.github.io/Curso-IA/CLASES/EXPORTACION_FICHAS_CLASSROOM_PDF/100.%20%5BSESSIONS%5D%20TERNAS_LISTAS_PARA_CLASSROOM/06_Sesion/9.%20NIV-006_Los%206%20Niveles%20del%20Poder%20Adquisitivo%20y%20Coste%20de%20Vida%20Global.pdf
,09. [NIV] Escalafones y Niveles (Cultura 101),[Sesión 07] NIV - 007 Los 5 Niveles de Automatización del Trabajo Humano (PDF),Disponible en Sesión 07. Paso 9: Escalafones y Niveles (Cultura 101: clasificaciones del mundo). Acceso directo al recurso interactivo.,https://javiercursocorreo-gif.github.io/Curso-IA/CLASES/EXPORTACION_FICHAS_CLASSROOM_PDF/100.%20%5BSESSIONS%5D%20TERNAS_LISTAS_PARA_CLASSROOM/07_Sesion/9.%20NIV-007_Los%205%20Niveles%20de%20Automatizaci%C3%B3n%20del%20Trabajo%20Humano.pdf
,09. [NIV] Escalafones y Niveles (Cultura 101),[Sesión 08] NIV - 008 Los 6 Niveles de Persuasión e Influencia de Masas (PDF),Disponible en Sesión 08. Paso 9: Escalafones y Niveles (Cultura 101: clasificaciones del mundo). Acceso directo al recurso interactivo.,https://javiercursocorreo-gif.github.io/Curso-IA/CLASES/EXPORTACION_FICHAS_CLASSROOM_PDF/100.%20%5BSESSIONS%5D%20TERNAS_LISTAS_PARA_CLASSROOM/08_Sesion/9.%20NIV-008_Los%206%20Niveles%20de%20Persuasi%C3%B3n%20e%20Influencia%20de%20Masas.pdf
,09. [NIV] Escalafones y Niveles (Cultura 101),[Sesión 09] NIV - 009 Los 5 Niveles de Seguridad Ciudadana y Prevención Urbana (PDF),Disponible en Sesión 09. Paso 9: Escalafones y Niveles (Cultura 101: clasificaciones del mundo). Acceso directo al recurso interactivo.,https://javiercursocorreo-gif.github.io/Curso-IA/CLASES/EXPORTACION_FICHAS_CLASSROOM_PDF/100.%20%5BSESSIONS%5D%20TERNAS_LISTAS_PARA_CLASSROOM/09_Sesion/9.%20NIV-009_Los%205%20Niveles%20de%20Seguridad%20Ciudadana%20y%20Prevenci%C3%B3n%20Urbana.pdf
,09. [NIV] Escalafones y Niveles (Cultura 101),[Sesión 10] NIV - 010 Los 6 Niveles de Alfabetización Financiera Personal (PDF),Disponible en Sesión 10. Paso 9: Escalafones y Niveles (Cultura 101: clasificaciones del mundo). Acceso directo al recurso interactivo.,https://javiercursocorreo-gif.github.io/Curso-IA/CLASES/EXPORTACION_FICHAS_CLASSROOM_PDF/100.%20%5BSESSIONS%5D%20TERNAS_LISTAS_PARA_CLASSROOM/10_Sesion/9.%20NIV-010_Los%206%20Niveles%20de%20Alfabetizaci%C3%B3n%20Financiera%20Personal.pdf
,09. [NIV] Escalafones y Niveles (Cultura 101),[Sesión 11] NIV - 011 Los 7 Niveles de Inteligencia Cognitiva y Conciencia (PDF),Disponible en Sesión 11. Paso 9: Escalafones y Niveles (Cultura 101: clasificaciones del mundo). Acceso directo al recurso interactivo.,https://javiercursocorreo-gif.github.io/Curso-IA/CLASES/EXPORTACION_FICHAS_CLASSROOM_PDF/100.%20%5BSESSIONS%5D%20TERNAS_LISTAS_PARA_CLASSROOM/11_Sesion/9.%20NIV-011_Los%207%20Niveles%20de%20Inteligencia%20Cognitiva%20y%20Conciencia.pdf
,09. [NIV] Escalafones y Niveles (Cultura 101),[Sesión 12] NIV - 012 Los 6 Niveles de Conciencia y Alerta Neurológica (PDF),Disponible en Sesión 12. Paso 9: Escalafones y Niveles (Cultura 101: clasificaciones del mundo). Acceso directo al recurso interactivo.,https://javiercursocorreo-gif.github.io/Curso-IA/CLASES/EXPORTACION_FICHAS_CLASSROOM_PDF/100.%20%5BSESSIONS%5D%20TERNAS_LISTAS_PARA_CLASSROOM/12_Sesion/9.%20NIV-012_Los%206%20Niveles%20de%20Conciencia%20y%20Alerta%20Neurol%C3%B3gica.pdf
,09. [NIV] Escalafones y Niveles (Cultura 101),[Sesión 13] NIV - 013 Los 5 Niveles de la Memoria y Retención Biológica (PDF),Disponible en Sesión 13. Paso 9: Escalafones y Niveles (Cultura 101: clasificaciones del mundo). Acceso directo al recurso interactivo.,https://javiercursocorreo-gif.github.io/Curso-IA/CLASES/EXPORTACION_FICHAS_CLASSROOM_PDF/100.%20%5BSESSIONS%5D%20TERNAS_LISTAS_PARA_CLASSROOM/13_Sesion/9.%20NIV-013_Los%205%20Niveles%20de%20la%20Memoria%20y%20Retenci%C3%B3n%20Biol%C3%B3gica.pdf
,09. [NIV] Escalafones y Niveles (Cultura 101),[Sesión 14] NIV - 014 Los 6 Niveles de Toma de Decisiones y Sesgos Cognitivos (PDF),Disponible en Sesión 14. Paso 9: Escalafones y Niveles (Cultura 101: clasificaciones del mundo). Acceso directo al recurso interactivo.,https://javiercursocorreo-gif.github.io/Curso-IA/CLASES/EXPORTACION_FICHAS_CLASSROOM_PDF/100.%20%5BSESSIONS%5D%20TERNAS_LISTAS_PARA_CLASSROOM/14_Sesion/9.%20NIV-014_Los%206%20Niveles%20de%20Toma%20de%20Decisiones%20y%20Sesgos%20Cognitivos.pdf
,09. [NIV] Escalafones y Niveles (Cultura 101),[Sesión 15] NIV - 015 Los 5 Niveles de Resiliencia y Salud Mental (PDF),Disponible en Sesión 15. Paso 9: Escalafones y Niveles (Cultura 101: clasificaciones del mundo). Acceso directo al recurso interactivo.,https://javiercursocorreo-gif.github.io/Curso-IA/CLASES/EXPORTACION_FICHAS_CLASSROOM_PDF/100.%20%5BSESSIONS%5D%20TERNAS_LISTAS_PARA_CLASSROOM/15_Sesion/9.%20NIV-015_Los%205%20Niveles%20de%20Resiliencia%20y%20Salud%20Mental.pdf
,09. [NIV] Escalafones y Niveles (Cultura 101),[Sesión 16] NIV - 016 Los 6 Niveles de Adicción y Dependencia Neuroquímica (PDF),Disponible en Sesión 16. Paso 9: Escalafones y Niveles (Cultura 101: clasificaciones del mundo). Acceso directo al recurso interactivo.,https://javiercursocorreo-gif.github.io/Curso-IA/CLASES/EXPORTACION_FICHAS_CLASSROOM_PDF/100.%20%5BSESSIONS%5D%20TERNAS_LISTAS_PARA_CLASSROOM/16_Sesion/9.%20NIV-016_Los%206%20Niveles%20de%20Adicci%C3%B3n%20y%20Dependencia%20Neuroqu%C3%ADmica.pdf
,09. [NIV] Escalafones y Niveles (Cultura 101),[Sesión 17] NIV - 017 Los 5 Niveles de Empatía e Inteligencia Emocional (PDF),Disponible en Sesión 17. Paso 9: Escalafones y Niveles (Cultura 101: clasificaciones del mundo). Acceso directo al recurso interactivo.,https://javiercursocorreo-gif.github.io/Curso-IA/CLASES/EXPORTACION_FICHAS_CLASSROOM_PDF/100.%20%5BSESSIONS%5D%20TERNAS_LISTAS_PARA_CLASSROOM/17_Sesion/9.%20NIV-017_Los%205%20Niveles%20de%20Empat%C3%ADa%20e%20Inteligencia%20Emocional.pdf
,09. [NIV] Escalafones y Niveles (Cultura 101),[Sesión 18] NIV - 018 Los 6 Niveles de Disciplina y Formación de Hábitos (PDF),Disponible en Sesión 18. Paso 9: Escalafones y Niveles (Cultura 101: clasificaciones del mundo). Acceso directo al recurso interactivo.,https://javiercursocorreo-gif.github.io/Curso-IA/CLASES/EXPORTACION_FICHAS_CLASSROOM_PDF/100.%20%5BSESSIONS%5D%20TERNAS_LISTAS_PARA_CLASSROOM/18_Sesion/9.%20NIV-018_Los%206%20Niveles%20de%20Disciplina%20y%20Formaci%C3%B3n%20de%20H%C3%A1bitos.pdf
,09. [NIV] Escalafones y Niveles (Cultura 101),[Sesión 19] NIV - 019 Los 5 Niveles de la Comunicación y Lenguaje Biológico (PDF),Disponible en Sesión 19. Paso 9: Escalafones y Niveles (Cultura 101: clasificaciones del mundo). Acceso directo al recurso interactivo.,https://javiercursocorreo-gif.github.io/Curso-IA/CLASES/EXPORTACION_FICHAS_CLASSROOM_PDF/100.%20%5BSESSIONS%5D%20TERNAS_LISTAS_PARA_CLASSROOM/19_Sesion/9.%20NIV-019_Los%205%20Niveles%20de%20la%20Comunicaci%C3%B3n%20y%20Lenguaje%20Biol%C3%B3gico.pdf
,09. [NIV] Escalafones y Niveles (Cultura 101),[Sesión 20] NIV - 020 Los 6 Niveles de Creatividad e Innovación Humana (PDF),Disponible en Sesión 20. Paso 9: Escalafones y Niveles (Cultura 101: clasificaciones del mundo). Acceso directo al recurso interactivo.,https://javiercursocorreo-gif.github.io/Curso-IA/CLASES/EXPORTACION_FICHAS_CLASSROOM_PDF/100.%20%5BSESSIONS%5D%20TERNAS_LISTAS_PARA_CLASSROOM/20_Sesion/9.%20NIV-020_Los%206%20Niveles%20de%20Creatividad%20e%20Innovaci%C3%B3n%20Humana.pdf
,09. [NIV] Escalafones y Niveles (Cultura 101),[Sesión 21] NIV - 021 La Escala del Universo (De lo Subatómico a lo Macroscópico) (PDF),Disponible en Sesión 21. Paso 9: Escalafones y Niveles (Cultura 101: clasificaciones del mundo). Acceso directo al recurso interactivo.,https://javiercursocorreo-gif.github.io/Curso-IA/CLASES/EXPORTACION_FICHAS_CLASSROOM_PDF/100.%20%5BSESSIONS%5D%20TERNAS_LISTAS_PARA_CLASSROOM/21_Sesion/9.%20NIV-021_La%20Escala%20del%20Universo%20%28De%20lo%20Subat%C3%B3mico%20a%20lo%20Macrosc%C3%B3pico%29.pdf
,09. [NIV] Escalafones y Niveles (Cultura 101),[Sesión 22] NIV - 022 La Escala de Kardashev (Los 5 Niveles de Civilización Energética) (PDF),Disponible en Sesión 22. Paso 9: Escalafones y Niveles (Cultura 101: clasificaciones del mundo). Acceso directo al recurso interactivo.,https://javiercursocorreo-gif.github.io/Curso-IA/CLASES/EXPORTACION_FICHAS_CLASSROOM_PDF/100.%20%5BSESSIONS%5D%20TERNAS_LISTAS_PARA_CLASSROOM/22_Sesion/9.%20NIV-022_La%20Escala%20de%20Kardashev%20%28Los%205%20Niveles%20de%20Civilizaci%C3%B3n%20Energ%C3%A9tica%29.pdf
,09. [NIV] Escalafones y Niveles (Cultura 101),[Sesión 23] NIV - 023 Los 7 Niveles de Temperatura en el Cosmos (PDF),Disponible en Sesión 23. Paso 9: Escalafones y Niveles (Cultura 101: clasificaciones del mundo). Acceso directo al recurso interactivo.,https://javiercursocorreo-gif.github.io/Curso-IA/CLASES/EXPORTACION_FICHAS_CLASSROOM_PDF/100.%20%5BSESSIONS%5D%20TERNAS_LISTAS_PARA_CLASSROOM/23_Sesion/9.%20NIV-023_Los%207%20Niveles%20de%20Temperatura%20en%20el%20Cosmos.pdf
,09. [NIV] Escalafones y Niveles (Cultura 101),[Sesión 24] NIV - 024 Los 6 Niveles de la Gravedad en el Espacio - Tiempo (PDF),Disponible en Sesión 24. Paso 9: Escalafones y Niveles (Cultura 101: clasificaciones del mundo). Acceso directo al recurso interactivo.,https://javiercursocorreo-gif.github.io/Curso-IA/CLASES/EXPORTACION_FICHAS_CLASSROOM_PDF/100.%20%5BSESSIONS%5D%20TERNAS_LISTAS_PARA_CLASSROOM/24_Sesion/9.%20NIV-024_Los%206%20Niveles%20de%20la%20Gravedad%20en%20el%20Espacio-Tiempo.pdf
,09. [NIV] Escalafones y Niveles (Cultura 101),[Sesión 25] NIV - 025 Los 5 Niveles de Velocidad y Cinética en el Universo (PDF),Disponible en Sesión 25. Paso 9: Escalafones y Niveles (Cultura 101: clasificaciones del mundo). Acceso directo al recurso interactivo.,https://javiercursocorreo-gif.github.io/Curso-IA/CLASES/EXPORTACION_FICHAS_CLASSROOM_PDF/100.%20%5BSESSIONS%5D%20TERNAS_LISTAS_PARA_CLASSROOM/25_Sesion/9.%20NIV-025_Los%205%20Niveles%20de%20Velocidad%20y%20Cin%C3%A9tica%20en%20el%20Universo.pdf
,09. [NIV] Escalafones y Niveles (Cultura 101),[Sesión 26] NIV - 026 Los 6 Niveles del Espectro Electromagnético y Frecuencia (PDF),Disponible en Sesión 26. Paso 9: Escalafones y Niveles (Cultura 101: clasificaciones del mundo). Acceso directo al recurso interactivo.,https://javiercursocorreo-gif.github.io/Curso-IA/CLASES/EXPORTACION_FICHAS_CLASSROOM_PDF/100.%20%5BSESSIONS%5D%20TERNAS_LISTAS_PARA_CLASSROOM/26_Sesion/9.%20NIV-026_Los%206%20Niveles%20del%20Espectro%20Electromagn%C3%A9tico%20y%20Frecuencia.pdf
,09. [NIV] Escalafones y Niveles (Cultura 101),"[Sesión 27] NIV - 027 Los 5 Niveles del Tiempo Biológico, Geológico y Cósmico (PDF)",Disponible en Sesión 27. Paso 9: Escalafones y Niveles (Cultura 101: clasificaciones del mundo). Acceso directo al recurso interactivo.,https://javiercursocorreo-gif.github.io/Curso-IA/CLASES/EXPORTACION_FICHAS_CLASSROOM_PDF/100.%20%5BSESSIONS%5D%20TERNAS_LISTAS_PARA_CLASSROOM/27_Sesion/9.%20NIV-027_Los%205%20Niveles%20del%20Tiempo%20Biol%C3%B3gico%2C%20Geol%C3%B3gico%20y%20C%C3%B3smico.pdf
,09. [NIV] Escalafones y Niveles (Cultura 101),[Sesión 28] NIV - 028 Los 6 Niveles de Presión Físico - Química (PDF),Disponible en Sesión 28. Paso 9: Escalafones y Niveles (Cultura 101: clasificaciones del mundo). Acceso directo al recurso interactivo.,https://javiercursocorreo-gif.github.io/Curso-IA/CLASES/EXPORTACION_FICHAS_CLASSROOM_PDF/100.%20%5BSESSIONS%5D%20TERNAS_LISTAS_PARA_CLASSROOM/28_Sesion/9.%20NIV-028_Los%206%20Niveles%20de%20Presi%C3%B3n%20F%C3%ADsico-Qu%C3%ADmica.pdf
,09. [NIV] Escalafones y Niveles (Cultura 101),[Sesión 29] NIV - 029 Los 5 Niveles de los Estados Físicos de la Materia (PDF),Disponible en Sesión 29. Paso 9: Escalafones y Niveles (Cultura 101: clasificaciones del mundo). Acceso directo al recurso interactivo.,https://javiercursocorreo-gif.github.io/Curso-IA/CLASES/EXPORTACION_FICHAS_CLASSROOM_PDF/100.%20%5BSESSIONS%5D%20TERNAS_LISTAS_PARA_CLASSROOM/29_Sesion/9.%20NIV-029_Los%205%20Niveles%20de%20los%20Estados%20F%C3%ADsicos%20de%20la%20Materia.pdf
,09. [NIV] Escalafones y Niveles (Cultura 101),[Sesión 30] NIV - 030 Los 6 Niveles de Radioactividad e Impacto Ionizante (PDF),Disponible en Sesión 30. Paso 9: Escalafones y Niveles (Cultura 101: clasificaciones del mundo). Acceso directo al recurso interactivo.,https://javiercursocorreo-gif.github.io/Curso-IA/CLASES/EXPORTACION_FICHAS_CLASSROOM_PDF/100.%20%5BSESSIONS%5D%20TERNAS_LISTAS_PARA_CLASSROOM/30_Sesion/9.%20NIV-030_Los%206%20Niveles%20de%20Radioactividad%20e%20Impacto%20Ionizante.pdf
,09. [NIV] Escalafones y Niveles (Cultura 101),[Sesión 31] NIV - 031 Los 6 Estratos de Profundidad del Océano y Adaptación (PDF),Disponible en Sesión 31. Paso 9: Escalafones y Niveles (Cultura 101: clasificaciones del mundo). Acceso directo al recurso interactivo.,https://javiercursocorreo-gif.github.io/Curso-IA/CLASES/EXPORTACION_FICHAS_CLASSROOM_PDF/100.%20%5BSESSIONS%5D%20TERNAS_LISTAS_PARA_CLASSROOM/31_Sesion/9.%20NIV-031_Los%206%20Estratos%20de%20Profundidad%20del%20Oc%C3%A9ano%20y%20Adaptaci%C3%B3n.pdf
,09. [NIV] Escalafones y Niveles (Cultura 101),[Sesión 32] NIV - 032 Los 5 Niveles de Organización Ecológica (Trofo - Dinámica) (PDF),Disponible en Sesión 32. Paso 9: Escalafones y Niveles (Cultura 101: clasificaciones del mundo). Acceso directo al recurso interactivo.,https://javiercursocorreo-gif.github.io/Curso-IA/CLASES/EXPORTACION_FICHAS_CLASSROOM_PDF/100.%20%5BSESSIONS%5D%20TERNAS_LISTAS_PARA_CLASSROOM/32_Sesion/9.%20NIV-032_Los%205%20Niveles%20de%20Organizaci%C3%B3n%20Ecol%C3%B3gica%20%28Trofo-Din%C3%A1mica%29.pdf
,09. [NIV] Escalafones y Niveles (Cultura 101),[Sesión 33] NIV - 033 Los 6 Niveles de Organización Biológica Celular (PDF),Disponible en Sesión 33. Paso 9: Escalafones y Niveles (Cultura 101: clasificaciones del mundo). Acceso directo al recurso interactivo.,https://javiercursocorreo-gif.github.io/Curso-IA/CLASES/EXPORTACION_FICHAS_CLASSROOM_PDF/100.%20%5BSESSIONS%5D%20TERNAS_LISTAS_PARA_CLASSROOM/33_Sesion/9.%20NIV-033_Los%206%20Niveles%20de%20Organizaci%C3%B3n%20Biol%C3%B3gica%20Celular.pdf
,09. [NIV] Escalafones y Niveles (Cultura 101),[Sesión 34] NIV - 034 Los 5 Niveles de Longevidad Biológica y Envejecimiento (PDF),Disponible en Sesión 34. Paso 9: Escalafones y Niveles (Cultura 101: clasificaciones del mundo). Acceso directo al recurso interactivo.,https://javiercursocorreo-gif.github.io/Curso-IA/CLASES/EXPORTACION_FICHAS_CLASSROOM_PDF/100.%20%5BSESSIONS%5D%20TERNAS_LISTAS_PARA_CLASSROOM/34_Sesion/9.%20NIV-034_Los%205%20Niveles%20de%20Longevidad%20Biol%C3%B3gica%20y%20Envejecimiento.pdf
,09. [NIV] Escalafones y Niveles (Cultura 101),[Sesión 35] NIV - 035 Los 6 Estratos de Altura en el Bosque Tropical (PDF),Disponible en Sesión 35. Paso 9: Escalafones y Niveles (Cultura 101: clasificaciones del mundo). Acceso directo al recurso interactivo.,https://javiercursocorreo-gif.github.io/Curso-IA/CLASES/EXPORTACION_FICHAS_CLASSROOM_PDF/100.%20%5BSESSIONS%5D%20TERNAS_LISTAS_PARA_CLASSROOM/35_Sesion/9.%20NIV-035_Los%206%20Estratos%20de%20Altura%20en%20el%20Bosque%20Tropical.pdf
,09. [NIV] Escalafones y Niveles (Cultura 101),[Sesión 36] NIV - 036 Los 5 Niveles de Toxicidad y Veneno Biológico (PDF),Disponible en Sesión 36. Paso 9: Escalafones y Niveles (Cultura 101: clasificaciones del mundo). Acceso directo al recurso interactivo.,https://javiercursocorreo-gif.github.io/Curso-IA/CLASES/EXPORTACION_FICHAS_CLASSROOM_PDF/100.%20%5BSESSIONS%5D%20TERNAS_LISTAS_PARA_CLASSROOM/36_Sesion/9.%20NIV-036_Los%205%20Niveles%20de%20Toxicidad%20y%20Veneno%20Biol%C3%B3gico.pdf
,09. [NIV] Escalafones y Niveles (Cultura 101),[Sesión 37] NIV - 037 Los 6 Niveles de Adaptación Térmica Biológica (PDF),Disponible en Sesión 37. Paso 9: Escalafones y Niveles (Cultura 101: clasificaciones del mundo). Acceso directo al recurso interactivo.,https://javiercursocorreo-gif.github.io/Curso-IA/CLASES/EXPORTACION_FICHAS_CLASSROOM_PDF/100.%20%5BSESSIONS%5D%20TERNAS_LISTAS_PARA_CLASSROOM/37_Sesion/9.%20NIV-037_Los%206%20Niveles%20de%20Adaptaci%C3%B3n%20T%C3%A9rmica%20Biol%C3%B3gica.pdf
,09. [NIV] Escalafones y Niveles (Cultura 101),[Sesión 38] NIV - 038 Los 5 Niveles de Fuerza y Capacidad de Carga Animal (PDF),Disponible en Sesión 38. Paso 9: Escalafones y Niveles (Cultura 101: clasificaciones del mundo). Acceso directo al recurso interactivo.,https://javiercursocorreo-gif.github.io/Curso-IA/CLASES/EXPORTACION_FICHAS_CLASSROOM_PDF/100.%20%5BSESSIONS%5D%20TERNAS_LISTAS_PARA_CLASSROOM/38_Sesion/9.%20NIV-038_Los%205%20Niveles%20de%20Fuerza%20y%20Capacidad%20de%20Carga%20Animal.pdf
,09. [NIV] Escalafones y Niveles (Cultura 101),[Sesión 39] NIV - 039 Los 6 Niveles de Camuflaje y Cripsis en la Naturaleza (PDF),Disponible en Sesión 39. Paso 9: Escalafones y Niveles (Cultura 101: clasificaciones del mundo). Acceso directo al recurso interactivo.,https://javiercursocorreo-gif.github.io/Curso-IA/CLASES/EXPORTACION_FICHAS_CLASSROOM_PDF/100.%20%5BSESSIONS%5D%20TERNAS_LISTAS_PARA_CLASSROOM/39_Sesion/9.%20NIV-039_Los%206%20Niveles%20de%20Camuflaje%20y%20Cripsis%20en%20la%20Naturaleza.pdf
,09. [NIV] Escalafones y Niveles (Cultura 101),[Sesión 40] NIV - 040 Los 5 Niveles de Regeneración Celular en el Reino Animal (PDF),Disponible en Sesión 40. Paso 9: Escalafones y Niveles (Cultura 101: clasificaciones del mundo). Acceso directo al recurso interactivo.,https://javiercursocorreo-gif.github.io/Curso-IA/CLASES/EXPORTACION_FICHAS_CLASSROOM_PDF/100.%20%5BSESSIONS%5D%20TERNAS_LISTAS_PARA_CLASSROOM/40_Sesion/9.%20NIV-040_Los%205%20Niveles%20de%20Regeneraci%C3%B3n%20Celular%20en%20el%20Reino%20Animal.pdf
,09. [NIV] Escalafones y Niveles (Cultura 101),[Sesión 41] NIV - 041 Los 6 Niveles de Conectividad y Velocidad Digital (PDF),Disponible en Sesión 41. Paso 9: Escalafones y Niveles (Cultura 101: clasificaciones del mundo). Acceso directo al recurso interactivo.,https://javiercursocorreo-gif.github.io/Curso-IA/CLASES/EXPORTACION_FICHAS_CLASSROOM_PDF/100.%20%5BSESSIONS%5D%20TERNAS_LISTAS_PARA_CLASSROOM/41_Sesion/9.%20NIV-041_Los%206%20Niveles%20de%20Conectividad%20y%20Velocidad%20Digital.pdf
,09. [NIV] Escalafones y Niveles (Cultura 101),[Sesión 42] NIV - 042 Los 5 Niveles de Ciberseguridad y Blindaje Informático (PDF),Disponible en Sesión 42. Paso 9: Escalafones y Niveles (Cultura 101: clasificaciones del mundo). Acceso directo al recurso interactivo.,https://javiercursocorreo-gif.github.io/Curso-IA/CLASES/EXPORTACION_FICHAS_CLASSROOM_PDF/100.%20%5BSESSIONS%5D%20TERNAS_LISTAS_PARA_CLASSROOM/42_Sesion/9.%20NIV-042_Los%205%20Niveles%20de%20Ciberseguridad%20y%20Blindaje%20Inform%C3%A1tico.pdf
,09. [NIV] Escalafones y Niveles (Cultura 101),[Sesión 43] NIV - 043 Los 6 Niveles de Resolución Visual e Imagen Digital (PDF),Disponible en Sesión 43. Paso 9: Escalafones y Niveles (Cultura 101: clasificaciones del mundo). Acceso directo al recurso interactivo.,https://javiercursocorreo-gif.github.io/Curso-IA/CLASES/EXPORTACION_FICHAS_CLASSROOM_PDF/100.%20%5BSESSIONS%5D%20TERNAS_LISTAS_PARA_CLASSROOM/43_Sesion/9.%20NIV-043_Los%206%20Niveles%20de%20Resoluci%C3%B3n%20Visual%20e%20Imagen%20Digital.pdf
,09. [NIV] Escalafones y Niveles (Cultura 101),[Sesión 44] NIV - 044 Los 5 Niveles del Almacenamiento de Información Humana (PDF),Disponible en Sesión 44. Paso 9: Escalafones y Niveles (Cultura 101: clasificaciones del mundo). Acceso directo al recurso interactivo.,https://javiercursocorreo-gif.github.io/Curso-IA/CLASES/EXPORTACION_FICHAS_CLASSROOM_PDF/100.%20%5BSESSIONS%5D%20TERNAS_LISTAS_PARA_CLASSROOM/44_Sesion/9.%20NIV-044_Los%205%20Niveles%20del%20Almacenamiento%20de%20Informaci%C3%B3n%20Humana.pdf
,09. [NIV] Escalafones y Niveles (Cultura 101),[Sesión 45] NIV - 045 Los 6 Niveles de Miniaturización del Transistor y Ley de Moore (PDF),Disponible en Sesión 45. Paso 9: Escalafones y Niveles (Cultura 101: clasificaciones del mundo). Acceso directo al recurso interactivo.,https://javiercursocorreo-gif.github.io/Curso-IA/CLASES/EXPORTACION_FICHAS_CLASSROOM_PDF/100.%20%5BSESSIONS%5D%20TERNAS_LISTAS_PARA_CLASSROOM/45_Sesion/9.%20NIV-045_Los%206%20Niveles%20de%20Miniaturizaci%C3%B3n%20del%20Transistor%20y%20Ley%20de%20Moore.pdf
,09. [NIV] Escalafones y Niveles (Cultura 101),[Sesión 46] NIV - 046 Los 5 Niveles de la Robótica y Autonomía Mecánica (PDF),Disponible en Sesión 46. Paso 9: Escalafones y Niveles (Cultura 101: clasificaciones del mundo). Acceso directo al recurso interactivo.,https://javiercursocorreo-gif.github.io/Curso-IA/CLASES/EXPORTACION_FICHAS_CLASSROOM_PDF/100.%20%5BSESSIONS%5D%20TERNAS_LISTAS_PARA_CLASSROOM/46_Sesion/9.%20NIV-046_Los%205%20Niveles%20de%20la%20Rob%C3%B3tica%20y%20Autonom%C3%ADa%20Mec%C3%A1nica.pdf
,09. [NIV] Escalafones y Niveles (Cultura 101),[Sesión 47] NIV - 047 Los 6 Niveles de Inmersión Virtual y Realidad Extendida (XR) (PDF),Disponible en Sesión 47. Paso 9: Escalafones y Niveles (Cultura 101: clasificaciones del mundo). Acceso directo al recurso interactivo.,https://javiercursocorreo-gif.github.io/Curso-IA/CLASES/EXPORTACION_FICHAS_CLASSROOM_PDF/100.%20%5BSESSIONS%5D%20TERNAS_LISTAS_PARA_CLASSROOM/47_Sesion/9.%20NIV-047_Los%206%20Niveles%20de%20Inmersi%C3%B3n%20Virtual%20y%20Realidad%20Extendida%20%28XR%29.pdf
,09. [NIV] Escalafones y Niveles (Cultura 101),[Sesión 48] NIV - 048 Los 5 Niveles de Eficiencia Termodinámica y Energética en Motores (PDF),Disponible en Sesión 48. Paso 9: Escalafones y Niveles (Cultura 101: clasificaciones del mundo). Acceso directo al recurso interactivo.,https://javiercursocorreo-gif.github.io/Curso-IA/CLASES/EXPORTACION_FICHAS_CLASSROOM_PDF/100.%20%5BSESSIONS%5D%20TERNAS_LISTAS_PARA_CLASSROOM/48_Sesion/9.%20NIV-048_Los%205%20Niveles%20de%20Eficiencia%20Termodin%C3%A1mica%20y%20Energ%C3%A9tica%20en%20Motores.pdf
,09. [NIV] Escalafones y Niveles (Cultura 101),[Sesión 49] NIV - 049 Los 6 Niveles de Capacidad y Supercómputo Mundial (PDF),Disponible en Sesión 49. Paso 9: Escalafones y Niveles (Cultura 101: clasificaciones del mundo). Acceso directo al recurso interactivo.,https://javiercursocorreo-gif.github.io/Curso-IA/CLASES/EXPORTACION_FICHAS_CLASSROOM_PDF/100.%20%5BSESSIONS%5D%20TERNAS_LISTAS_PARA_CLASSROOM/49_Sesion/9.%20NIV-049_Los%206%20Niveles%20de%20Capacidad%20y%20Superc%C3%B3mputo%20Mundial.pdf
,09. [NIV] Escalafones y Niveles (Cultura 101),[Sesión 50] NIV - 050 Los 5 Niveles de Evolución de las Redes e Internet (Web 1.0 a Web (PDF),Disponible en Sesión 50. Paso 9: Escalafones y Niveles (Cultura 101: clasificaciones del mundo). Acceso directo al recurso interactivo.,https://javiercursocorreo-gif.github.io/Curso-IA/CLASES/EXPORTACION_FICHAS_CLASSROOM_PDF/100.%20%5BSESSIONS%5D%20TERNAS_LISTAS_PARA_CLASSROOM/50_Sesion/9.%20NIV-050_Los%205%20Niveles%20de%20Evoluci%C3%B3n%20de%20las%20Redes%20e%20Internet%20%28Web%201.0%20a%20Web.pdf
,09. [NIV] Escalafones y Niveles (Cultura 101),[Sesión 51] NIV - 051 Los 6 Niveles de Altura en la Arquitectura Humana (PDF),Disponible en Sesión 51. Paso 9: Escalafones y Niveles (Cultura 101: clasificaciones del mundo). Acceso directo al recurso interactivo.,https://javiercursocorreo-gif.github.io/Curso-IA/CLASES/EXPORTACION_FICHAS_CLASSROOM_PDF/100.%20%5BSESSIONS%5D%20TERNAS_LISTAS_PARA_CLASSROOM/51_Sesion/9.%20NIV-051_Los%206%20Niveles%20de%20Altura%20en%20la%20Arquitectura%20Humana.pdf
,09. [NIV] Escalafones y Niveles (Cultura 101),[Sesión 52] NIV - 052 Los 5 Niveles de Urbanismo y Ciudad en la Historia (PDF),Disponible en Sesión 52. Paso 9: Escalafones y Niveles (Cultura 101: clasificaciones del mundo). Acceso directo al recurso interactivo.,https://javiercursocorreo-gif.github.io/Curso-IA/CLASES/EXPORTACION_FICHAS_CLASSROOM_PDF/100.%20%5BSESSIONS%5D%20TERNAS_LISTAS_PARA_CLASSROOM/52_Sesion/9.%20NIV-052_Los%205%20Niveles%20de%20Urbanismo%20y%20Ciudad%20en%20la%20Historia.pdf
,09. [NIV] Escalafones y Niveles (Cultura 101),[Sesión 53] NIV - 053 Los 6 Niveles del Transporte Terrestre y Velocidad (PDF),Disponible en Sesión 53. Paso 9: Escalafones y Niveles (Cultura 101: clasificaciones del mundo). Acceso directo al recurso interactivo.,https://javiercursocorreo-gif.github.io/Curso-IA/CLASES/EXPORTACION_FICHAS_CLASSROOM_PDF/100.%20%5BSESSIONS%5D%20TERNAS_LISTAS_PARA_CLASSROOM/53_Sesion/9.%20NIV-053_Los%206%20Niveles%20del%20Transporte%20Terrestre%20y%20Velocidad.pdf
,09. [NIV] Escalafones y Niveles (Cultura 101),[Sesión 54] NIV - 054 Los 5 Niveles de Gestión y Suministro del Agua Potable (PDF),Disponible en Sesión 54. Paso 9: Escalafones y Niveles (Cultura 101: clasificaciones del mundo). Acceso directo al recurso interactivo.,https://javiercursocorreo-gif.github.io/Curso-IA/CLASES/EXPORTACION_FICHAS_CLASSROOM_PDF/100.%20%5BSESSIONS%5D%20TERNAS_LISTAS_PARA_CLASSROOM/54_Sesion/9.%20NIV-054_Los%205%20Niveles%20de%20Gesti%C3%B3n%20y%20Suministro%20del%20Agua%20Potable.pdf
,09. [NIV] Escalafones y Niveles (Cultura 101),[Sesión 55] NIV - 055 Los 6 Niveles de la Medicina y Cirugía a lo Largo de los Siglos (PDF),Disponible en Sesión 55. Paso 9: Escalafones y Niveles (Cultura 101: clasificaciones del mundo). Acceso directo al recurso interactivo.,https://javiercursocorreo-gif.github.io/Curso-IA/CLASES/EXPORTACION_FICHAS_CLASSROOM_PDF/100.%20%5BSESSIONS%5D%20TERNAS_LISTAS_PARA_CLASSROOM/55_Sesion/9.%20NIV-055_Los%206%20Niveles%20de%20la%20Medicina%20y%20Cirug%C3%ADa%20a%20lo%20Largo%20de%20los%20Siglos.pdf
,09. [NIV] Escalafones y Niveles (Cultura 101),[Sesión 56] NIV - 056 Los 5 Niveles de Producción y Agricultura Humana (PDF),Disponible en Sesión 56. Paso 9: Escalafones y Niveles (Cultura 101: clasificaciones del mundo). Acceso directo al recurso interactivo.,https://javiercursocorreo-gif.github.io/Curso-IA/CLASES/EXPORTACION_FICHAS_CLASSROOM_PDF/100.%20%5BSESSIONS%5D%20TERNAS_LISTAS_PARA_CLASSROOM/56_Sesion/9.%20NIV-056_Los%205%20Niveles%20de%20Producci%C3%B3n%20y%20Agricultura%20Humana.pdf
,09. [NIV] Escalafones y Niveles (Cultura 101),[Sesión 57] NIV - 057 Los 6 Niveles de Resistencia y Materiales Estructurales (PDF),Disponible en Sesión 57. Paso 9: Escalafones y Niveles (Cultura 101: clasificaciones del mundo). Acceso directo al recurso interactivo.,https://javiercursocorreo-gif.github.io/Curso-IA/CLASES/EXPORTACION_FICHAS_CLASSROOM_PDF/100.%20%5BSESSIONS%5D%20TERNAS_LISTAS_PARA_CLASSROOM/57_Sesion/9.%20NIV-057_Los%206%20Niveles%20de%20Resistencia%20y%20Materiales%20Estructurales.pdf
,09. [NIV] Escalafones y Niveles (Cultura 101),[Sesión 58] NIV - 058 Los 5 Niveles de Exploración Espacial Humana (PDF),Disponible en Sesión 58. Paso 9: Escalafones y Niveles (Cultura 101: clasificaciones del mundo). Acceso directo al recurso interactivo.,https://javiercursocorreo-gif.github.io/Curso-IA/CLASES/EXPORTACION_FICHAS_CLASSROOM_PDF/100.%20%5BSESSIONS%5D%20TERNAS_LISTAS_PARA_CLASSROOM/58_Sesion/9.%20NIV-058_Los%205%20Niveles%20de%20Exploraci%C3%B3n%20Espacial%20Humana.pdf
,09. [NIV] Escalafones y Niveles (Cultura 101),[Sesión 59] NIV - 059 Los 6 Niveles de Conservación de Alimentos en la Humanidad (PDF),Disponible en Sesión 59. Paso 9: Escalafones y Niveles (Cultura 101: clasificaciones del mundo). Acceso directo al recurso interactivo.,https://javiercursocorreo-gif.github.io/Curso-IA/CLASES/EXPORTACION_FICHAS_CLASSROOM_PDF/100.%20%5BSESSIONS%5D%20TERNAS_LISTAS_PARA_CLASSROOM/59_Sesion/9.%20NIV-059_Los%206%20Niveles%20de%20Conservaci%C3%B3n%20de%20Alimentos%20en%20la%20Humanidad.pdf
,09. [NIV] Escalafones y Niveles (Cultura 101),[Sesión 60] NIV - 060 Los 5 Niveles de Evolución del Libro y el Conocimiento Escrito (PDF),Disponible en Sesión 60. Paso 9: Escalafones y Niveles (Cultura 101: clasificaciones del mundo). Acceso directo al recurso interactivo.,https://javiercursocorreo-gif.github.io/Curso-IA/CLASES/EXPORTACION_FICHAS_CLASSROOM_PDF/100.%20%5BSESSIONS%5D%20TERNAS_LISTAS_PARA_CLASSROOM/60_Sesion_Cierre/9.%20NIV-060_Los%205%20Niveles%20de%20Evoluci%C3%B3n%20del%20Libro%20y%20el%20Conocimiento%20Escrito.pdf
,10. [TRUC] Trucos y Soluciones Cotidianas,[Sesión 01] TRUC - 001 Limpieza Ecológica y Manchas Manchas de vino tinto en camisa bla (PDF),"Disponible en Sesión 01. Paso 10: Trucos y Soluciones Cotidianas (Hogar, cocina y vida práctica con IA). Acceso directo al recurso interactivo.",https://javiercursocorreo-gif.github.io/Curso-IA/CLASES/EXPORTACION_FICHAS_CLASSROOM_PDF/100.%20%5BSESSIONS%5D%20TERNAS_LISTAS_PARA_CLASSROOM/01_Sesion/10.%20TRUC-001_Limpieza%20Ecol%C3%B3gica%20y%20Manchas_%20Manchas%20de%20vino%20tinto%20en%20camisa%20bla.pdf
,10. [TRUC] Trucos y Soluciones Cotidianas,[Sesión 02] TRUC - 002 Bricolaje y Reparaciones Rápidas Tornillo pasado de rosca (PDF),"Disponible en Sesión 02. Paso 10: Trucos y Soluciones Cotidianas (Hogar, cocina y vida práctica con IA). Acceso directo al recurso interactivo.",https://javiercursocorreo-gif.github.io/Curso-IA/CLASES/EXPORTACION_FICHAS_CLASSROOM_PDF/100.%20%5BSESSIONS%5D%20TERNAS_LISTAS_PARA_CLASSROOM/02_Sesion/10.%20TRUC-002_Bricolaje%20y%20Reparaciones%20R%C3%A1pidas_%20Tornillo%20pasado%20de%20rosca.pdf
,10. [TRUC] Trucos y Soluciones Cotidianas,[Sesión 03] TRUC - 003 Cocina Evitar que el cilantro se poche (PDF),"Disponible en Sesión 03. Paso 10: Trucos y Soluciones Cotidianas (Hogar, cocina y vida práctica con IA). Acceso directo al recurso interactivo.",https://javiercursocorreo-gif.github.io/Curso-IA/CLASES/EXPORTACION_FICHAS_CLASSROOM_PDF/100.%20%5BSESSIONS%5D%20TERNAS_LISTAS_PARA_CLASSROOM/03_Sesion/10.%20TRUC-003_Cocina_%20Evitar%20que%20el%20cilantro%20se%20poche.pdf
,10. [TRUC] Trucos y Soluciones Cotidianas,[Sesión 04] TRUC - 004 Tecnología Organizar maraña de cables (PDF),"Disponible en Sesión 04. Paso 10: Trucos y Soluciones Cotidianas (Hogar, cocina y vida práctica con IA). Acceso directo al recurso interactivo.",https://javiercursocorreo-gif.github.io/Curso-IA/CLASES/EXPORTACION_FICHAS_CLASSROOM_PDF/100.%20%5BSESSIONS%5D%20TERNAS_LISTAS_PARA_CLASSROOM/04_Sesion/10.%20TRUC-004_Tecnolog%C3%ADa_%20Organizar%20mara%C3%B1a%20de%20cables.pdf
,10. [TRUC] Trucos y Soluciones Cotidianas,[Sesión 05] TRUC - 005 Ropa Camisa arrugada sin plancha (PDF),"Disponible en Sesión 05. Paso 10: Trucos y Soluciones Cotidianas (Hogar, cocina y vida práctica con IA). Acceso directo al recurso interactivo.",https://javiercursocorreo-gif.github.io/Curso-IA/CLASES/EXPORTACION_FICHAS_CLASSROOM_PDF/100.%20%5BSESSIONS%5D%20TERNAS_LISTAS_PARA_CLASSROOM/05_Sesion/10.%20TRUC-005_Ropa_%20Camisa%20arrugada%20sin%20plancha.pdf
,10. [TRUC] Trucos y Soluciones Cotidianas,[Sesión 06] TRUC - 006 Organización Hacer la maleta y ahorrar espacio (PDF),"Disponible en Sesión 06. Paso 10: Trucos y Soluciones Cotidianas (Hogar, cocina y vida práctica con IA). Acceso directo al recurso interactivo.",https://javiercursocorreo-gif.github.io/Curso-IA/CLASES/EXPORTACION_FICHAS_CLASSROOM_PDF/100.%20%5BSESSIONS%5D%20TERNAS_LISTAS_PARA_CLASSROOM/06_Sesion/10.%20TRUC-006_Organizaci%C3%B3n_%20Hacer%20la%20maleta%20y%20ahorrar%20espacio.pdf
,10. [TRUC] Trucos y Soluciones Cotidianas,[Sesión 07] TRUC - 007 Limpieza Ecológica y Manchas Pegatinas y chicles pegados (PDF),"Disponible en Sesión 07. Paso 10: Trucos y Soluciones Cotidianas (Hogar, cocina y vida práctica con IA). Acceso directo al recurso interactivo.",https://javiercursocorreo-gif.github.io/Curso-IA/CLASES/EXPORTACION_FICHAS_CLASSROOM_PDF/100.%20%5BSESSIONS%5D%20TERNAS_LISTAS_PARA_CLASSROOM/07_Sesion/10.%20TRUC-007_Limpieza%20Ecol%C3%B3gica%20y%20Manchas_%20Pegatinas%20y%20chicles%20pegados.pdf
,10. [TRUC] Trucos y Soluciones Cotidianas,[Sesión 08] TRUC - 008 Bricolaje y Reparaciones Rápidas Cremallera atascada (PDF),"Disponible en Sesión 08. Paso 10: Trucos y Soluciones Cotidianas (Hogar, cocina y vida práctica con IA). Acceso directo al recurso interactivo.",https://javiercursocorreo-gif.github.io/Curso-IA/CLASES/EXPORTACION_FICHAS_CLASSROOM_PDF/100.%20%5BSESSIONS%5D%20TERNAS_LISTAS_PARA_CLASSROOM/08_Sesion/10.%20TRUC-008_Bricolaje%20y%20Reparaciones%20R%C3%A1pidas_%20Cremallera%20atascada.pdf
,10. [TRUC] Trucos y Soluciones Cotidianas,[Sesión 09] TRUC - 009 Cocina Rescatar lechuga mustia (PDF),"Disponible en Sesión 09. Paso 10: Trucos y Soluciones Cotidianas (Hogar, cocina y vida práctica con IA). Acceso directo al recurso interactivo.",https://javiercursocorreo-gif.github.io/Curso-IA/CLASES/EXPORTACION_FICHAS_CLASSROOM_PDF/100.%20%5BSESSIONS%5D%20TERNAS_LISTAS_PARA_CLASSROOM/09_Sesion/10.%20TRUC-009_Cocina_%20Rescatar%20lechuga%20mustia.pdf
,10. [TRUC] Trucos y Soluciones Cotidianas,[Sesión 10] TRUC - 010 Tecnología Limpiar puerto de carga del móvil (PDF),"Disponible en Sesión 10. Paso 10: Trucos y Soluciones Cotidianas (Hogar, cocina y vida práctica con IA). Acceso directo al recurso interactivo.",https://javiercursocorreo-gif.github.io/Curso-IA/CLASES/EXPORTACION_FICHAS_CLASSROOM_PDF/100.%20%5BSESSIONS%5D%20TERNAS_LISTAS_PARA_CLASSROOM/10_Sesion/10.%20TRUC-010_Tecnolog%C3%ADa_%20Limpiar%20puerto%20de%20carga%20del%20m%C3%B3vil.pdf
,10. [TRUC] Trucos y Soluciones Cotidianas,[Sesión 11] TRUC - 011 Ropa Bajo descosido del pantalón (PDF),"Disponible en Sesión 11. Paso 10: Trucos y Soluciones Cotidianas (Hogar, cocina y vida práctica con IA). Acceso directo al recurso interactivo.",https://javiercursocorreo-gif.github.io/Curso-IA/CLASES/EXPORTACION_FICHAS_CLASSROOM_PDF/100.%20%5BSESSIONS%5D%20TERNAS_LISTAS_PARA_CLASSROOM/11_Sesion/10.%20TRUC-011_Ropa_%20Bajo%20descosido%20del%20pantal%C3%B3n.pdf
,10. [TRUC] Trucos y Soluciones Cotidianas,[Sesión 12] TRUC - 012 Organización Ocultar dinero en el hotel (PDF),"Disponible en Sesión 12. Paso 10: Trucos y Soluciones Cotidianas (Hogar, cocina y vida práctica con IA). Acceso directo al recurso interactivo.",https://javiercursocorreo-gif.github.io/Curso-IA/CLASES/EXPORTACION_FICHAS_CLASSROOM_PDF/100.%20%5BSESSIONS%5D%20TERNAS_LISTAS_PARA_CLASSROOM/12_Sesion/10.%20TRUC-012_Organizaci%C3%B3n_%20Ocultar%20dinero%20en%20el%20hotel.pdf
,10. [TRUC] Trucos y Soluciones Cotidianas,[Sesión 13] TRUC - 013 Limpieza Ecológica y Manchas Zapatillas blancas manchadas (PDF),"Disponible en Sesión 13. Paso 10: Trucos y Soluciones Cotidianas (Hogar, cocina y vida práctica con IA). Acceso directo al recurso interactivo.",https://javiercursocorreo-gif.github.io/Curso-IA/CLASES/EXPORTACION_FICHAS_CLASSROOM_PDF/100.%20%5BSESSIONS%5D%20TERNAS_LISTAS_PARA_CLASSROOM/13_Sesion/10.%20TRUC-013_Limpieza%20Ecol%C3%B3gica%20y%20Manchas_%20Zapatillas%20blancas%20manchadas.pdf
,10. [TRUC] Trucos y Soluciones Cotidianas,[Sesión 14] TRUC - 014 Bricolaje y Reparaciones Rápidas Bisagra de puerta que chirría (PDF),"Disponible en Sesión 14. Paso 10: Trucos y Soluciones Cotidianas (Hogar, cocina y vida práctica con IA). Acceso directo al recurso interactivo.",https://javiercursocorreo-gif.github.io/Curso-IA/CLASES/EXPORTACION_FICHAS_CLASSROOM_PDF/100.%20%5BSESSIONS%5D%20TERNAS_LISTAS_PARA_CLASSROOM/14_Sesion/10.%20TRUC-014_Bricolaje%20y%20Reparaciones%20R%C3%A1pidas_%20Bisagra%20de%20puerta%20que%20chirr%C3%ADa.pdf
,10. [TRUC] Trucos y Soluciones Cotidianas,[Sesión 15] TRUC - 015 Cocina Evitar que los plátanos se pongan negros (PDF),"Disponible en Sesión 15. Paso 10: Trucos y Soluciones Cotidianas (Hogar, cocina y vida práctica con IA). Acceso directo al recurso interactivo.",https://javiercursocorreo-gif.github.io/Curso-IA/CLASES/EXPORTACION_FICHAS_CLASSROOM_PDF/100.%20%5BSESSIONS%5D%20TERNAS_LISTAS_PARA_CLASSROOM/15_Sesion/10.%20TRUC-015_Cocina_%20Evitar%20que%20los%20pl%C3%A1tanos%20se%20pongan%20negros.pdf
,10. [TRUC] Trucos y Soluciones Cotidianas,[Sesión 16] TRUC - 016 Tecnología Amplificar volumen del móvil gratis (PDF),"Disponible en Sesión 16. Paso 10: Trucos y Soluciones Cotidianas (Hogar, cocina y vida práctica con IA). Acceso directo al recurso interactivo.",https://javiercursocorreo-gif.github.io/Curso-IA/CLASES/EXPORTACION_FICHAS_CLASSROOM_PDF/100.%20%5BSESSIONS%5D%20TERNAS_LISTAS_PARA_CLASSROOM/16_Sesion/10.%20TRUC-016_Tecnolog%C3%ADa_%20Amplificar%20volumen%20del%20m%C3%B3vil%20gratis.pdf
,10. [TRUC] Trucos y Soluciones Cotidianas,[Sesión 17] TRUC - 017 Ropa Mancha de maquillaje en el cuello (PDF),"Disponible en Sesión 17. Paso 10: Trucos y Soluciones Cotidianas (Hogar, cocina y vida práctica con IA). Acceso directo al recurso interactivo.",https://javiercursocorreo-gif.github.io/Curso-IA/CLASES/EXPORTACION_FICHAS_CLASSROOM_PDF/100.%20%5BSESSIONS%5D%20TERNAS_LISTAS_PARA_CLASSROOM/17_Sesion/10.%20TRUC-017_Ropa_%20Mancha%20de%20maquillaje%20en%20el%20cuello.pdf
,10. [TRUC] Trucos y Soluciones Cotidianas,[Sesión 18] TRUC - 018 Organización Hacer un pack de pastillas para viaje (PDF),"Disponible en Sesión 18. Paso 10: Trucos y Soluciones Cotidianas (Hogar, cocina y vida práctica con IA). Acceso directo al recurso interactivo.",https://javiercursocorreo-gif.github.io/Curso-IA/CLASES/EXPORTACION_FICHAS_CLASSROOM_PDF/100.%20%5BSESSIONS%5D%20TERNAS_LISTAS_PARA_CLASSROOM/18_Sesion/10.%20TRUC-018_Organizaci%C3%B3n_%20Hacer%20un%20pack%20de%20pastillas%20para%20viaje.pdf
,10. [TRUC] Trucos y Soluciones Cotidianas,[Sesión 19] TRUC - 019 Limpieza Ecológica y Manchas Desatascar el fregadero (PDF),"Disponible en Sesión 19. Paso 10: Trucos y Soluciones Cotidianas (Hogar, cocina y vida práctica con IA). Acceso directo al recurso interactivo.",https://javiercursocorreo-gif.github.io/Curso-IA/CLASES/EXPORTACION_FICHAS_CLASSROOM_PDF/100.%20%5BSESSIONS%5D%20TERNAS_LISTAS_PARA_CLASSROOM/19_Sesion/10.%20TRUC-019_Limpieza%20Ecol%C3%B3gica%20y%20Manchas_%20Desatascar%20el%20fregadero.pdf
,10. [TRUC] Trucos y Soluciones Cotidianas,[Sesión 20] TRUC - 020 Bricolaje y Reparaciones Rápidas Agujero en la pared por clavo (PDF),"Disponible en Sesión 20. Paso 10: Trucos y Soluciones Cotidianas (Hogar, cocina y vida práctica con IA). Acceso directo al recurso interactivo.",https://javiercursocorreo-gif.github.io/Curso-IA/CLASES/EXPORTACION_FICHAS_CLASSROOM_PDF/100.%20%5BSESSIONS%5D%20TERNAS_LISTAS_PARA_CLASSROOM/20_Sesion/10.%20TRUC-020_Bricolaje%20y%20Reparaciones%20R%C3%A1pidas_%20Agujero%20en%20la%20pared%20por%20clavo.pdf
,10. [TRUC] Trucos y Soluciones Cotidianas,[Sesión 21] TRUC - 021 Cocina Pelar ajos en 10 segundos (PDF),"Disponible en Sesión 21. Paso 10: Trucos y Soluciones Cotidianas (Hogar, cocina y vida práctica con IA). Acceso directo al recurso interactivo.",https://javiercursocorreo-gif.github.io/Curso-IA/CLASES/EXPORTACION_FICHAS_CLASSROOM_PDF/100.%20%5BSESSIONS%5D%20TERNAS_LISTAS_PARA_CLASSROOM/21_Sesion/10.%20TRUC-021_Cocina_%20Pelar%20ajos%20en%2010%20segundos.pdf
,10. [TRUC] Trucos y Soluciones Cotidianas,[Sesión 22] TRUC - 022 Tecnología Teclado del ordenador sucio (PDF),"Disponible en Sesión 22. Paso 10: Trucos y Soluciones Cotidianas (Hogar, cocina y vida práctica con IA). Acceso directo al recurso interactivo.",https://javiercursocorreo-gif.github.io/Curso-IA/CLASES/EXPORTACION_FICHAS_CLASSROOM_PDF/100.%20%5BSESSIONS%5D%20TERNAS_LISTAS_PARA_CLASSROOM/22_Sesion/10.%20TRUC-022_Tecnolog%C3%ADa_%20Teclado%20del%20ordenador%20sucio.pdf
,10. [TRUC] Trucos y Soluciones Cotidianas,[Sesión 23] TRUC - 023 Ropa Ropa con pelos de mascota (PDF),"Disponible en Sesión 23. Paso 10: Trucos y Soluciones Cotidianas (Hogar, cocina y vida práctica con IA). Acceso directo al recurso interactivo.",https://javiercursocorreo-gif.github.io/Curso-IA/CLASES/EXPORTACION_FICHAS_CLASSROOM_PDF/100.%20%5BSESSIONS%5D%20TERNAS_LISTAS_PARA_CLASSROOM/23_Sesion/10.%20TRUC-023_Ropa_%20Ropa%20con%20pelos%20de%20mascota.pdf
,10. [TRUC] Trucos y Soluciones Cotidianas,[Sesión 24] TRUC - 024 Organización Organizar las sábanas en el armario (PDF),"Disponible en Sesión 24. Paso 10: Trucos y Soluciones Cotidianas (Hogar, cocina y vida práctica con IA). Acceso directo al recurso interactivo.",https://javiercursocorreo-gif.github.io/Curso-IA/CLASES/EXPORTACION_FICHAS_CLASSROOM_PDF/100.%20%5BSESSIONS%5D%20TERNAS_LISTAS_PARA_CLASSROOM/24_Sesion/10.%20TRUC-024_Organizaci%C3%B3n_%20Organizar%20las%20s%C3%A1banas%20en%20el%20armario.pdf
,10. [TRUC] Trucos y Soluciones Cotidianas,[Sesión 25] TRUC - 025 Limpieza Ecológica y Manchas Grasa incrustada en la sartén (PDF),"Disponible en Sesión 25. Paso 10: Trucos y Soluciones Cotidianas (Hogar, cocina y vida práctica con IA). Acceso directo al recurso interactivo.",https://javiercursocorreo-gif.github.io/Curso-IA/CLASES/EXPORTACION_FICHAS_CLASSROOM_PDF/100.%20%5BSESSIONS%5D%20TERNAS_LISTAS_PARA_CLASSROOM/25_Sesion/10.%20TRUC-025_Limpieza%20Ecol%C3%B3gica%20y%20Manchas_%20Grasa%20incrustada%20en%20la%20sart%C3%A9n.pdf
,10. [TRUC] Trucos y Soluciones Cotidianas,[Sesión 26] TRUC - 026 Bricolaje y Reparaciones Rápidas Alfombra que resbala (PDF),"Disponible en Sesión 26. Paso 10: Trucos y Soluciones Cotidianas (Hogar, cocina y vida práctica con IA). Acceso directo al recurso interactivo.",https://javiercursocorreo-gif.github.io/Curso-IA/CLASES/EXPORTACION_FICHAS_CLASSROOM_PDF/100.%20%5BSESSIONS%5D%20TERNAS_LISTAS_PARA_CLASSROOM/26_Sesion/10.%20TRUC-026_Bricolaje%20y%20Reparaciones%20R%C3%A1pidas_%20Alfombra%20que%20resbala.pdf
,10. [TRUC] Trucos y Soluciones Cotidianas,[Sesión 27] TRUC - 027 Cocina Saber si un huevo está fresco (PDF),"Disponible en Sesión 27. Paso 10: Trucos y Soluciones Cotidianas (Hogar, cocina y vida práctica con IA). Acceso directo al recurso interactivo.",https://javiercursocorreo-gif.github.io/Curso-IA/CLASES/EXPORTACION_FICHAS_CLASSROOM_PDF/100.%20%5BSESSIONS%5D%20TERNAS_LISTAS_PARA_CLASSROOM/27_Sesion/10.%20TRUC-027_Cocina_%20Saber%20si%20un%20huevo%20est%C3%A1%20fresco.pdf
,10. [TRUC] Trucos y Soluciones Cotidianas,[Sesión 28] TRUC - 028 Tecnología Pantalla del móvil grasienta (PDF),"Disponible en Sesión 28. Paso 10: Trucos y Soluciones Cotidianas (Hogar, cocina y vida práctica con IA). Acceso directo al recurso interactivo.",https://javiercursocorreo-gif.github.io/Curso-IA/CLASES/EXPORTACION_FICHAS_CLASSROOM_PDF/100.%20%5BSESSIONS%5D%20TERNAS_LISTAS_PARA_CLASSROOM/28_Sesion/10.%20TRUC-028_Tecnolog%C3%ADa_%20Pantalla%20del%20m%C3%B3vil%20grasienta.pdf
,10. [TRUC] Trucos y Soluciones Cotidianas,[Sesión 29] TRUC - 029 Ropa Jersey con bolitas (PDF),"Disponible en Sesión 29. Paso 10: Trucos y Soluciones Cotidianas (Hogar, cocina y vida práctica con IA). Acceso directo al recurso interactivo.",https://javiercursocorreo-gif.github.io/Curso-IA/CLASES/EXPORTACION_FICHAS_CLASSROOM_PDF/100.%20%5BSESSIONS%5D%20TERNAS_LISTAS_PARA_CLASSROOM/29_Sesion/10.%20TRUC-029_Ropa_%20Jersey%20con%20bolitas.pdf
,10. [TRUC] Trucos y Soluciones Cotidianas,[Sesión 30] TRUC - 030 Organización Olor a cerrado en la maleta (PDF),"Disponible en Sesión 30. Paso 10: Trucos y Soluciones Cotidianas (Hogar, cocina y vida práctica con IA). Acceso directo al recurso interactivo.",https://javiercursocorreo-gif.github.io/Curso-IA/CLASES/EXPORTACION_FICHAS_CLASSROOM_PDF/100.%20%5BSESSIONS%5D%20TERNAS_LISTAS_PARA_CLASSROOM/30_Sesion/10.%20TRUC-030_Organizaci%C3%B3n_%20Olor%20a%20cerrado%20en%20la%20maleta.pdf
,10. [TRUC] Trucos y Soluciones Cotidianas,[Sesión 31] TRUC - 031 Limpieza Ecológica y Manchas Limpiar cristales sin rastros (PDF),"Disponible en Sesión 31. Paso 10: Trucos y Soluciones Cotidianas (Hogar, cocina y vida práctica con IA). Acceso directo al recurso interactivo.",https://javiercursocorreo-gif.github.io/Curso-IA/CLASES/EXPORTACION_FICHAS_CLASSROOM_PDF/100.%20%5BSESSIONS%5D%20TERNAS_LISTAS_PARA_CLASSROOM/31_Sesion/10.%20TRUC-031_Limpieza%20Ecol%C3%B3gica%20y%20Manchas_%20Limpiar%20cristales%20sin%20rastros.pdf
,10. [TRUC] Trucos y Soluciones Cotidianas,[Sesión 32] TRUC - 032 Bricolaje y Reparaciones Rápidas Clavar un clavo sin martillarse (PDF),"Disponible en Sesión 32. Paso 10: Trucos y Soluciones Cotidianas (Hogar, cocina y vida práctica con IA). Acceso directo al recurso interactivo.",https://javiercursocorreo-gif.github.io/Curso-IA/CLASES/EXPORTACION_FICHAS_CLASSROOM_PDF/100.%20%5BSESSIONS%5D%20TERNAS_LISTAS_PARA_CLASSROOM/32_Sesion/10.%20TRUC-032_Bricolaje%20y%20Reparaciones%20R%C3%A1pidas_%20Clavar%20un%20clavo%20sin%20martillarse.pdf
,10. [TRUC] Trucos y Soluciones Cotidianas,[Sesión 33] TRUC - 033 Cocina Cortar cebolla sin llorar (PDF),"Disponible en Sesión 33. Paso 10: Trucos y Soluciones Cotidianas (Hogar, cocina y vida práctica con IA). Acceso directo al recurso interactivo.",https://javiercursocorreo-gif.github.io/Curso-IA/CLASES/EXPORTACION_FICHAS_CLASSROOM_PDF/100.%20%5BSESSIONS%5D%20TERNAS_LISTAS_PARA_CLASSROOM/33_Sesion/10.%20TRUC-033_Cocina_%20Cortar%20cebolla%20sin%20llorar.pdf
,10. [TRUC] Trucos y Soluciones Cotidianas,[Sesión 34] TRUC - 034 Tecnología Cargar el móvil más rápido (PDF),"Disponible en Sesión 34. Paso 10: Trucos y Soluciones Cotidianas (Hogar, cocina y vida práctica con IA). Acceso directo al recurso interactivo.",https://javiercursocorreo-gif.github.io/Curso-IA/CLASES/EXPORTACION_FICHAS_CLASSROOM_PDF/100.%20%5BSESSIONS%5D%20TERNAS_LISTAS_PARA_CLASSROOM/34_Sesion/10.%20TRUC-034_Tecnolog%C3%ADa_%20Cargar%20el%20m%C3%B3vil%20m%C3%A1s%20r%C3%A1pido.pdf
,10. [TRUC] Trucos y Soluciones Cotidianas,[Sesión 35] TRUC - 035 Ropa Cordón perdido dentro de la sudadera (PDF),"Disponible en Sesión 35. Paso 10: Trucos y Soluciones Cotidianas (Hogar, cocina y vida práctica con IA). Acceso directo al recurso interactivo.",https://javiercursocorreo-gif.github.io/Curso-IA/CLASES/EXPORTACION_FICHAS_CLASSROOM_PDF/100.%20%5BSESSIONS%5D%20TERNAS_LISTAS_PARA_CLASSROOM/35_Sesion/10.%20TRUC-035_Ropa_%20Cord%C3%B3n%20perdido%20dentro%20de%20la%20sudadera.pdf
,10. [TRUC] Trucos y Soluciones Cotidianas,[Sesión 36] TRUC - 036 Organización Evitar derrames de champú en el neceser (PDF),"Disponible en Sesión 36. Paso 10: Trucos y Soluciones Cotidianas (Hogar, cocina y vida práctica con IA). Acceso directo al recurso interactivo.",https://javiercursocorreo-gif.github.io/Curso-IA/CLASES/EXPORTACION_FICHAS_CLASSROOM_PDF/100.%20%5BSESSIONS%5D%20TERNAS_LISTAS_PARA_CLASSROOM/36_Sesion/10.%20TRUC-036_Organizaci%C3%B3n_%20Evitar%20derrames%20de%20champ%C3%BA%20en%20el%20neceser.pdf
,10. [TRUC] Trucos y Soluciones Cotidianas,[Sesión 37] TRUC - 037 Limpieza Ecológica y Manchas Quitar mal olor de los zapatos (PDF),"Disponible en Sesión 37. Paso 10: Trucos y Soluciones Cotidianas (Hogar, cocina y vida práctica con IA). Acceso directo al recurso interactivo.",https://javiercursocorreo-gif.github.io/Curso-IA/CLASES/EXPORTACION_FICHAS_CLASSROOM_PDF/100.%20%5BSESSIONS%5D%20TERNAS_LISTAS_PARA_CLASSROOM/37_Sesion/10.%20TRUC-037_Limpieza%20Ecol%C3%B3gica%20y%20Manchas_%20Quitar%20mal%20olor%20de%20los%20zapatos.pdf
,10. [TRUC] Trucos y Soluciones Cotidianas,[Sesión 38] TRUC - 038 Bricolaje y Reparaciones Rápidas Encontrar un anillo en la alfom (PDF),"Disponible en Sesión 38. Paso 10: Trucos y Soluciones Cotidianas (Hogar, cocina y vida práctica con IA). Acceso directo al recurso interactivo.",https://javiercursocorreo-gif.github.io/Curso-IA/CLASES/EXPORTACION_FICHAS_CLASSROOM_PDF/100.%20%5BSESSIONS%5D%20TERNAS_LISTAS_PARA_CLASSROOM/38_Sesion/10.%20TRUC-038_Bricolaje%20y%20Reparaciones%20R%C3%A1pidas_%20Encontrar%20un%20anillo%20en%20la%20alfom.pdf
,10. [TRUC] Trucos y Soluciones Cotidianas,[Sesión 39] TRUC - 039 Cocina Ablandar mantequilla de la nevera rápido (PDF),"Disponible en Sesión 39. Paso 10: Trucos y Soluciones Cotidianas (Hogar, cocina y vida práctica con IA). Acceso directo al recurso interactivo.",https://javiercursocorreo-gif.github.io/Curso-IA/CLASES/EXPORTACION_FICHAS_CLASSROOM_PDF/100.%20%5BSESSIONS%5D%20TERNAS_LISTAS_PARA_CLASSROOM/39_Sesion/10.%20TRUC-039_Cocina_%20Ablandar%20mantequilla%20de%20la%20nevera%20r%C3%A1pido.pdf
,10. [TRUC] Trucos y Soluciones Cotidianas,[Sesión 40] TRUC - 040 Tecnología Evitar rotura de cargadores al guardarlos (PDF),"Disponible en Sesión 40. Paso 10: Trucos y Soluciones Cotidianas (Hogar, cocina y vida práctica con IA). Acceso directo al recurso interactivo.",https://javiercursocorreo-gif.github.io/Curso-IA/CLASES/EXPORTACION_FICHAS_CLASSROOM_PDF/100.%20%5BSESSIONS%5D%20TERNAS_LISTAS_PARA_CLASSROOM/40_Sesion/10.%20TRUC-040_Tecnolog%C3%ADa_%20Evitar%20rotura%20de%20cargadores%20al%20guardarlos.pdf
,10. [TRUC] Trucos y Soluciones Cotidianas,[Sesión 41] TRUC - 041 Ropa Anillo atascado en el dedo (PDF),"Disponible en Sesión 41. Paso 10: Trucos y Soluciones Cotidianas (Hogar, cocina y vida práctica con IA). Acceso directo al recurso interactivo.",https://javiercursocorreo-gif.github.io/Curso-IA/CLASES/EXPORTACION_FICHAS_CLASSROOM_PDF/100.%20%5BSESSIONS%5D%20TERNAS_LISTAS_PARA_CLASSROOM/41_Sesion/10.%20TRUC-041_Ropa_%20Anillo%20atascado%20en%20el%20dedo.pdf
,10. [TRUC] Trucos y Soluciones Cotidianas,[Sesión 42] TRUC - 042 Organización Guardar pendientes sin perderlos (PDF),"Disponible en Sesión 42. Paso 10: Trucos y Soluciones Cotidianas (Hogar, cocina y vida práctica con IA). Acceso directo al recurso interactivo.",https://javiercursocorreo-gif.github.io/Curso-IA/CLASES/EXPORTACION_FICHAS_CLASSROOM_PDF/100.%20%5BSESSIONS%5D%20TERNAS_LISTAS_PARA_CLASSROOM/42_Sesion/10.%20TRUC-042_Organizaci%C3%B3n_%20Guardar%20pendientes%20sin%20perderlos.pdf
,10. [TRUC] Trucos y Soluciones Cotidianas,[Sesión 43] TRUC - 043 Limpieza Ecológica y Manchas Óxido en herramientas (PDF),"Disponible en Sesión 43. Paso 10: Trucos y Soluciones Cotidianas (Hogar, cocina y vida práctica con IA). Acceso directo al recurso interactivo.",https://javiercursocorreo-gif.github.io/Curso-IA/CLASES/EXPORTACION_FICHAS_CLASSROOM_PDF/100.%20%5BSESSIONS%5D%20TERNAS_LISTAS_PARA_CLASSROOM/43_Sesion/10.%20TRUC-043_Limpieza%20Ecol%C3%B3gica%20y%20Manchas_%20%C3%93xido%20en%20herramientas.pdf
,10. [TRUC] Trucos y Soluciones Cotidianas,[Sesión 44] TRUC - 044 Bricolaje y Reparaciones Rápidas Abrir tarro de cristal muy duro (PDF),"Disponible en Sesión 44. Paso 10: Trucos y Soluciones Cotidianas (Hogar, cocina y vida práctica con IA). Acceso directo al recurso interactivo.",https://javiercursocorreo-gif.github.io/Curso-IA/CLASES/EXPORTACION_FICHAS_CLASSROOM_PDF/100.%20%5BSESSIONS%5D%20TERNAS_LISTAS_PARA_CLASSROOM/44_Sesion/10.%20TRUC-044_Bricolaje%20y%20Reparaciones%20R%C3%A1pidas_%20Abrir%20tarro%20de%20cristal%20muy%20duro.pdf
,10. [TRUC] Trucos y Soluciones Cotidianas,[Sesión 45] TRUC - 045 Cocina Conservar medio aguacate sin que se oxide (PDF),"Disponible en Sesión 45. Paso 10: Trucos y Soluciones Cotidianas (Hogar, cocina y vida práctica con IA). Acceso directo al recurso interactivo.",https://javiercursocorreo-gif.github.io/Curso-IA/CLASES/EXPORTACION_FICHAS_CLASSROOM_PDF/100.%20%5BSESSIONS%5D%20TERNAS_LISTAS_PARA_CLASSROOM/45_Sesion/10.%20TRUC-045_Cocina_%20Conservar%20medio%20aguacate%20sin%20que%20se%20oxide.pdf
,10. [TRUC] Trucos y Soluciones Cotidianas,[Sesión 46] TRUC - 046 Tecnología Organizar los cables de viaje (PDF),"Disponible en Sesión 46. Paso 10: Trucos y Soluciones Cotidianas (Hogar, cocina y vida práctica con IA). Acceso directo al recurso interactivo.",https://javiercursocorreo-gif.github.io/Curso-IA/CLASES/EXPORTACION_FICHAS_CLASSROOM_PDF/100.%20%5BSESSIONS%5D%20TERNAS_LISTAS_PARA_CLASSROOM/46_Sesion/10.%20TRUC-046_Tecnolog%C3%ADa_%20Organizar%20los%20cables%20de%20viaje.pdf
,10. [TRUC] Trucos y Soluciones Cotidianas,[Sesión 47] TRUC - 047 Ropa Devolver el blanco a los calcetines (PDF),"Disponible en Sesión 47. Paso 10: Trucos y Soluciones Cotidianas (Hogar, cocina y vida práctica con IA). Acceso directo al recurso interactivo.",https://javiercursocorreo-gif.github.io/Curso-IA/CLASES/EXPORTACION_FICHAS_CLASSROOM_PDF/100.%20%5BSESSIONS%5D%20TERNAS_LISTAS_PARA_CLASSROOM/47_Sesion/10.%20TRUC-047_Ropa_%20Devolver%20el%20blanco%20a%20los%20calcetines.pdf
,10. [TRUC] Trucos y Soluciones Cotidianas,[Sesión 48] TRUC - 048 Organización Doblar una camiseta en 2 segundos (PDF),"Disponible en Sesión 48. Paso 10: Trucos y Soluciones Cotidianas (Hogar, cocina y vida práctica con IA). Acceso directo al recurso interactivo.",https://javiercursocorreo-gif.github.io/Curso-IA/CLASES/EXPORTACION_FICHAS_CLASSROOM_PDF/100.%20%5BSESSIONS%5D%20TERNAS_LISTAS_PARA_CLASSROOM/48_Sesion/10.%20TRUC-048_Organizaci%C3%B3n_%20Doblar%20una%20camiseta%20en%202%20segundos.pdf
,10. [TRUC] Trucos y Soluciones Cotidianas,[Sesión 49] TRUC - 049 Limpieza Ecológica y Manchas Juntas de azulejos ennegrecidas (PDF),"Disponible en Sesión 49. Paso 10: Trucos y Soluciones Cotidianas (Hogar, cocina y vida práctica con IA). Acceso directo al recurso interactivo.",https://javiercursocorreo-gif.github.io/Curso-IA/CLASES/EXPORTACION_FICHAS_CLASSROOM_PDF/100.%20%5BSESSIONS%5D%20TERNAS_LISTAS_PARA_CLASSROOM/49_Sesion/10.%20TRUC-049_Limpieza%20Ecol%C3%B3gica%20y%20Manchas_%20Juntas%20de%20azulejos%20ennegrecidas.pdf
,10. [TRUC] Trucos y Soluciones Cotidianas,[Sesión 50] TRUC - 050 Bricolaje y Reparaciones Rápidas Arreglar un cable de cargador p (PDF),"Disponible en Sesión 50. Paso 10: Trucos y Soluciones Cotidianas (Hogar, cocina y vida práctica con IA). Acceso directo al recurso interactivo.",https://javiercursocorreo-gif.github.io/Curso-IA/CLASES/EXPORTACION_FICHAS_CLASSROOM_PDF/100.%20%5BSESSIONS%5D%20TERNAS_LISTAS_PARA_CLASSROOM/50_Sesion/10.%20TRUC-050_Bricolaje%20y%20Reparaciones%20R%C3%A1pidas_%20Arreglar%20un%20cable%20de%20cargador%20p.pdf
,10. [TRUC] Trucos y Soluciones Cotidianas,[Sesión 51] TRUC - 051 Cocina Rescatar sopa muy salada (PDF),"Disponible en Sesión 51. Paso 10: Trucos y Soluciones Cotidianas (Hogar, cocina y vida práctica con IA). Acceso directo al recurso interactivo.",https://javiercursocorreo-gif.github.io/Curso-IA/CLASES/EXPORTACION_FICHAS_CLASSROOM_PDF/100.%20%5BSESSIONS%5D%20TERNAS_LISTAS_PARA_CLASSROOM/51_Sesion/10.%20TRUC-051_Cocina_%20Rescatar%20sopa%20muy%20salada.pdf
,10. [TRUC] Trucos y Soluciones Cotidianas,[Sesión 52] TRUC - 052 Tecnología Soporte para el móvil improvisado (PDF),"Disponible en Sesión 52. Paso 10: Trucos y Soluciones Cotidianas (Hogar, cocina y vida práctica con IA). Acceso directo al recurso interactivo.",https://javiercursocorreo-gif.github.io/Curso-IA/CLASES/EXPORTACION_FICHAS_CLASSROOM_PDF/100.%20%5BSESSIONS%5D%20TERNAS_LISTAS_PARA_CLASSROOM/52_Sesion/10.%20TRUC-052_Tecnolog%C3%ADa_%20Soporte%20para%20el%20m%C3%B3vil%20improvisado.pdf
,10. [TRUC] Trucos y Soluciones Cotidianas,[Sesión 53] TRUC - 053 Ropa Ensanchar zapatos que aprietan (PDF),"Disponible en Sesión 53. Paso 10: Trucos y Soluciones Cotidianas (Hogar, cocina y vida práctica con IA). Acceso directo al recurso interactivo.",https://javiercursocorreo-gif.github.io/Curso-IA/CLASES/EXPORTACION_FICHAS_CLASSROOM_PDF/100.%20%5BSESSIONS%5D%20TERNAS_LISTAS_PARA_CLASSROOM/53_Sesion/10.%20TRUC-053_Ropa_%20Ensanchar%20zapatos%20que%20aprietan.pdf
,10. [TRUC] Trucos y Soluciones Cotidianas,[Sesión 54] TRUC - 054 Organización Proteger el cepillo de dientes en viaje (PDF),"Disponible en Sesión 54. Paso 10: Trucos y Soluciones Cotidianas (Hogar, cocina y vida práctica con IA). Acceso directo al recurso interactivo.",https://javiercursocorreo-gif.github.io/Curso-IA/CLASES/EXPORTACION_FICHAS_CLASSROOM_PDF/100.%20%5BSESSIONS%5D%20TERNAS_LISTAS_PARA_CLASSROOM/54_Sesion/10.%20TRUC-054_Organizaci%C3%B3n_%20Proteger%20el%20cepillo%20de%20dientes%20en%20viaje.pdf
,10. [TRUC] Trucos y Soluciones Cotidianas,[Sesión 55] TRUC - 055 Limpieza Ecológica y Manchas Limpiar el microondas sin frotar (PDF),"Disponible en Sesión 55. Paso 10: Trucos y Soluciones Cotidianas (Hogar, cocina y vida práctica con IA). Acceso directo al recurso interactivo.",https://javiercursocorreo-gif.github.io/Curso-IA/CLASES/EXPORTACION_FICHAS_CLASSROOM_PDF/100.%20%5BSESSIONS%5D%20TERNAS_LISTAS_PARA_CLASSROOM/55_Sesion/10.%20TRUC-055_Limpieza%20Ecol%C3%B3gica%20y%20Manchas_%20Limpiar%20el%20microondas%20sin%20frotar.pdf
,10. [TRUC] Trucos y Soluciones Cotidianas,[Sesión 56] TRUC - 056 Bricolaje y Reparaciones Rápidas Madera de la mesa arañada (PDF),"Disponible en Sesión 56. Paso 10: Trucos y Soluciones Cotidianas (Hogar, cocina y vida práctica con IA). Acceso directo al recurso interactivo.",https://javiercursocorreo-gif.github.io/Curso-IA/CLASES/EXPORTACION_FICHAS_CLASSROOM_PDF/100.%20%5BSESSIONS%5D%20TERNAS_LISTAS_PARA_CLASSROOM/56_Sesion/10.%20TRUC-056_Bricolaje%20y%20Reparaciones%20R%C3%A1pidas_%20Madera%20de%20la%20mesa%20ara%C3%B1ada.pdf
,10. [TRUC] Trucos y Soluciones Cotidianas,[Sesión 57] TRUC - 057 Cocina Sacar todo el zumo a un limón duro (PDF),"Disponible en Sesión 57. Paso 10: Trucos y Soluciones Cotidianas (Hogar, cocina y vida práctica con IA). Acceso directo al recurso interactivo.",https://javiercursocorreo-gif.github.io/Curso-IA/CLASES/EXPORTACION_FICHAS_CLASSROOM_PDF/100.%20%5BSESSIONS%5D%20TERNAS_LISTAS_PARA_CLASSROOM/57_Sesion/10.%20TRUC-057_Cocina_%20Sacar%20todo%20el%20zumo%20a%20un%20lim%C3%B3n%20duro.pdf
,10. [TRUC] Trucos y Soluciones Cotidianas,[Sesión 58] TRUC - 058 Tecnología Mejorar señal WiFi casera (PDF),"Disponible en Sesión 58. Paso 10: Trucos y Soluciones Cotidianas (Hogar, cocina y vida práctica con IA). Acceso directo al recurso interactivo.",https://javiercursocorreo-gif.github.io/Curso-IA/CLASES/EXPORTACION_FICHAS_CLASSROOM_PDF/100.%20%5BSESSIONS%5D%20TERNAS_LISTAS_PARA_CLASSROOM/58_Sesion/10.%20TRUC-058_Tecnolog%C3%ADa_%20Mejorar%20se%C3%B1al%20WiFi%20casera.pdf
,10. [TRUC] Trucos y Soluciones Cotidianas,[Sesión 59] TRUC - 059 Ropa Colgante de cadena enredada (PDF),"Disponible en Sesión 59. Paso 10: Trucos y Soluciones Cotidianas (Hogar, cocina y vida práctica con IA). Acceso directo al recurso interactivo.",https://javiercursocorreo-gif.github.io/Curso-IA/CLASES/EXPORTACION_FICHAS_CLASSROOM_PDF/100.%20%5BSESSIONS%5D%20TERNAS_LISTAS_PARA_CLASSROOM/59_Sesion/10.%20TRUC-059_Ropa_%20Colgante%20de%20cadena%20enredada.pdf
,10. [TRUC] Trucos y Soluciones Cotidianas,[Sesión 60] TRUC - 060 Organización Hacer una bolsa de hielo de emergencia (PDF),"Disponible en Sesión 60. Paso 10: Trucos y Soluciones Cotidianas (Hogar, cocina y vida práctica con IA). Acceso directo al recurso interactivo.",https://javiercursocorreo-gif.github.io/Curso-IA/CLASES/EXPORTACION_FICHAS_CLASSROOM_PDF/100.%20%5BSESSIONS%5D%20TERNAS_LISTAS_PARA_CLASSROOM/60_Sesion_Cierre/10.%20TRUC-060_Organizaci%C3%B3n_%20Hacer%20una%20bolsa%20de%20hielo%20de%20emergencia.pdf
,11. [CUENT] Cuentos Ilustrados para Nietos,[Sesión 01] CUENT - 001 Paso 0 Introduccion Proyecto (PDF),Disponible en Sesión 01. Paso 11: Cuentos Ilustrados para Nietos (Historias personalizadas con valores). Acceso directo al recurso interactivo.,https://javiercursocorreo-gif.github.io/Curso-IA/CLASES/EXPORTACION_FICHAS_CLASSROOM_PDF/100.%20%5BSESSIONS%5D%20TERNAS_LISTAS_PARA_CLASSROOM/01_Sesion/11.CUENT-001_Paso_0_Introduccion_Proyecto.pdf
,11. [CUENT] Cuentos Ilustrados para Nietos,[Sesión 01] CUENT - 001 Paso 1 Perros El perro bombero que salvó a los gatitos (PDF),Disponible en Sesión 01. Paso 11: Cuentos Ilustrados para Nietos (Historias personalizadas con valores). Acceso directo al recurso interactivo.,https://javiercursocorreo-gif.github.io/Curso-IA/CLASES/EXPORTACION_FICHAS_CLASSROOM_PDF/100.%20%5BSESSIONS%5D%20TERNAS_LISTAS_PARA_CLASSROOM/01_Sesion/11.CUENT-001_Paso_1_Perros_%20El%20perro%20bombero%20que%20salv%C3%B3%20a%20los%20gatitos.pdf
,11. [CUENT] Cuentos Ilustrados para Nietos,[Sesión 01] CUENT - 001 Paso 2 Perros El perro bombero que salvó a los gatitos (PDF),Disponible en Sesión 01. Paso 11: Cuentos Ilustrados para Nietos (Historias personalizadas con valores). Acceso directo al recurso interactivo.,https://javiercursocorreo-gif.github.io/Curso-IA/CLASES/EXPORTACION_FICHAS_CLASSROOM_PDF/100.%20%5BSESSIONS%5D%20TERNAS_LISTAS_PARA_CLASSROOM/01_Sesion/11.CUENT-001_Paso_2_Perros_%20El%20perro%20bombero%20que%20salv%C3%B3%20a%20los%20gatitos.pdf
,11. [CUENT] Cuentos Ilustrados para Nietos,[Sesión 01] CUENT - 001 Paso 3 Perros El perro bombero que salvó a los gatitos (PDF),Disponible en Sesión 01. Paso 11: Cuentos Ilustrados para Nietos (Historias personalizadas con valores). Acceso directo al recurso interactivo.,https://javiercursocorreo-gif.github.io/Curso-IA/CLASES/EXPORTACION_FICHAS_CLASSROOM_PDF/100.%20%5BSESSIONS%5D%20TERNAS_LISTAS_PARA_CLASSROOM/01_Sesion/11.CUENT-001_Paso_3_Perros_%20El%20perro%20bombero%20que%20salv%C3%B3%20a%20los%20gatitos.pdf
,11. [CUENT] Cuentos Ilustrados para Nietos,[Sesión 02] CUENT - 002 Paso 0 Introduccion Proyecto (PDF),Disponible en Sesión 02. Paso 11: Cuentos Ilustrados para Nietos (Historias personalizadas con valores). Acceso directo al recurso interactivo.,https://javiercursocorreo-gif.github.io/Curso-IA/CLASES/EXPORTACION_FICHAS_CLASSROOM_PDF/100.%20%5BSESSIONS%5D%20TERNAS_LISTAS_PARA_CLASSROOM/02_Sesion/11.CUENT-002_Paso_0_Introduccion_Proyecto.pdf
,11. [CUENT] Cuentos Ilustrados para Nietos,[Sesión 02] CUENT - 002 Paso 1 Leyendas Tradicionales El zapatero y los duendes mágicos (PDF),Disponible en Sesión 02. Paso 11: Cuentos Ilustrados para Nietos (Historias personalizadas con valores). Acceso directo al recurso interactivo.,https://javiercursocorreo-gif.github.io/Curso-IA/CLASES/EXPORTACION_FICHAS_CLASSROOM_PDF/100.%20%5BSESSIONS%5D%20TERNAS_LISTAS_PARA_CLASSROOM/02_Sesion/11.CUENT-002_Paso_1_Leyendas%20Tradicionales_%20El%20zapatero%20y%20los%20duendes%20m%C3%A1gicos.pdf
,11. [CUENT] Cuentos Ilustrados para Nietos,[Sesión 02] CUENT - 002 Paso 2 Leyendas Tradicionales El zapatero y los duendes mágicos (PDF),Disponible en Sesión 02. Paso 11: Cuentos Ilustrados para Nietos (Historias personalizadas con valores). Acceso directo al recurso interactivo.,https://javiercursocorreo-gif.github.io/Curso-IA/CLASES/EXPORTACION_FICHAS_CLASSROOM_PDF/100.%20%5BSESSIONS%5D%20TERNAS_LISTAS_PARA_CLASSROOM/02_Sesion/11.CUENT-002_Paso_2_Leyendas%20Tradicionales_%20El%20zapatero%20y%20los%20duendes%20m%C3%A1gicos.pdf
,11. [CUENT] Cuentos Ilustrados para Nietos,[Sesión 02] CUENT - 002 Paso 3 Leyendas Tradicionales El zapatero y los duendes mágicos (PDF),Disponible en Sesión 02. Paso 11: Cuentos Ilustrados para Nietos (Historias personalizadas con valores). Acceso directo al recurso interactivo.,https://javiercursocorreo-gif.github.io/Curso-IA/CLASES/EXPORTACION_FICHAS_CLASSROOM_PDF/100.%20%5BSESSIONS%5D%20TERNAS_LISTAS_PARA_CLASSROOM/02_Sesion/11.CUENT-002_Paso_3_Leyendas%20Tradicionales_%20El%20zapatero%20y%20los%20duendes%20m%C3%A1gicos.pdf
,11. [CUENT] Cuentos Ilustrados para Nietos,[Sesión 03] CUENT - 003 Paso 0 Introduccion Proyecto (PDF),Disponible en Sesión 03. Paso 11: Cuentos Ilustrados para Nietos (Historias personalizadas con valores). Acceso directo al recurso interactivo.,https://javiercursocorreo-gif.github.io/Curso-IA/CLASES/EXPORTACION_FICHAS_CLASSROOM_PDF/100.%20%5BSESSIONS%5D%20TERNAS_LISTAS_PARA_CLASSROOM/03_Sesion/11.CUENT-003_Paso_0_Introduccion_Proyecto.pdf
,11. [CUENT] Cuentos Ilustrados para Nietos,[Sesión 03] CUENT - 003 Paso 1 Aventuras Históricas Reales Cristóbal Colón y el nuevo mundo (PDF),Disponible en Sesión 03. Paso 11: Cuentos Ilustrados para Nietos (Historias personalizadas con valores). Acceso directo al recurso interactivo.,https://javiercursocorreo-gif.github.io/Curso-IA/CLASES/EXPORTACION_FICHAS_CLASSROOM_PDF/100.%20%5BSESSIONS%5D%20TERNAS_LISTAS_PARA_CLASSROOM/03_Sesion/11.CUENT-003_Paso_1_Aventuras%20Hist%C3%B3ricas%20Reales_%20Crist%C3%B3bal%20Col%C3%B3n%20y%20el%20nuevo%20mundo.pdf
,11. [CUENT] Cuentos Ilustrados para Nietos,[Sesión 03] CUENT - 003 Paso 2 Aventuras Históricas Reales Cristóbal Colón y el nuevo mundo (PDF),Disponible en Sesión 03. Paso 11: Cuentos Ilustrados para Nietos (Historias personalizadas con valores). Acceso directo al recurso interactivo.,https://javiercursocorreo-gif.github.io/Curso-IA/CLASES/EXPORTACION_FICHAS_CLASSROOM_PDF/100.%20%5BSESSIONS%5D%20TERNAS_LISTAS_PARA_CLASSROOM/03_Sesion/11.CUENT-003_Paso_2_Aventuras%20Hist%C3%B3ricas%20Reales_%20Crist%C3%B3bal%20Col%C3%B3n%20y%20el%20nuevo%20mundo.pdf
,11. [CUENT] Cuentos Ilustrados para Nietos,[Sesión 03] CUENT - 003 Paso 3 Aventuras Históricas Reales Cristóbal Colón y el nuevo mundo (PDF),Disponible en Sesión 03. Paso 11: Cuentos Ilustrados para Nietos (Historias personalizadas con valores). Acceso directo al recurso interactivo.,https://javiercursocorreo-gif.github.io/Curso-IA/CLASES/EXPORTACION_FICHAS_CLASSROOM_PDF/100.%20%5BSESSIONS%5D%20TERNAS_LISTAS_PARA_CLASSROOM/03_Sesion/11.CUENT-003_Paso_3_Aventuras%20Hist%C3%B3ricas%20Reales_%20Crist%C3%B3bal%20Col%C3%B3n%20y%20el%20nuevo%20mundo.pdf
,11. [CUENT] Cuentos Ilustrados para Nietos,[Sesión 04] CUENT - 004 Paso 0 Introduccion Proyecto (PDF),Disponible en Sesión 04. Paso 11: Cuentos Ilustrados para Nietos (Historias personalizadas con valores). Acceso directo al recurso interactivo.,https://javiercursocorreo-gif.github.io/Curso-IA/CLASES/EXPORTACION_FICHAS_CLASSROOM_PDF/100.%20%5BSESSIONS%5D%20TERNAS_LISTAS_PARA_CLASSROOM/04_Sesion/11.CUENT-004_Paso_0_Introduccion_Proyecto.pdf
,11. [CUENT] Cuentos Ilustrados para Nietos,[Sesión 04] CUENT - 004 Paso 1 Exploradores del Espacio El robot oxidado que quería abrazar (PDF),Disponible en Sesión 04. Paso 11: Cuentos Ilustrados para Nietos (Historias personalizadas con valores). Acceso directo al recurso interactivo.,https://javiercursocorreo-gif.github.io/Curso-IA/CLASES/EXPORTACION_FICHAS_CLASSROOM_PDF/100.%20%5BSESSIONS%5D%20TERNAS_LISTAS_PARA_CLASSROOM/04_Sesion/11.CUENT-004_Paso_1_Exploradores%20del%20Espacio_%20El%20robot%20oxidado%20que%20quer%C3%ADa%20abrazar.pdf
,11. [CUENT] Cuentos Ilustrados para Nietos,[Sesión 04] CUENT - 004 Paso 2 Exploradores del Espacio El robot oxidado que quería abrazar (PDF),Disponible en Sesión 04. Paso 11: Cuentos Ilustrados para Nietos (Historias personalizadas con valores). Acceso directo al recurso interactivo.,https://javiercursocorreo-gif.github.io/Curso-IA/CLASES/EXPORTACION_FICHAS_CLASSROOM_PDF/100.%20%5BSESSIONS%5D%20TERNAS_LISTAS_PARA_CLASSROOM/04_Sesion/11.CUENT-004_Paso_2_Exploradores%20del%20Espacio_%20El%20robot%20oxidado%20que%20quer%C3%ADa%20abrazar.pdf
,11. [CUENT] Cuentos Ilustrados para Nietos,[Sesión 04] CUENT - 004 Paso 3 Exploradores del Espacio El robot oxidado que quería abrazar (PDF),Disponible en Sesión 04. Paso 11: Cuentos Ilustrados para Nietos (Historias personalizadas con valores). Acceso directo al recurso interactivo.,https://javiercursocorreo-gif.github.io/Curso-IA/CLASES/EXPORTACION_FICHAS_CLASSROOM_PDF/100.%20%5BSESSIONS%5D%20TERNAS_LISTAS_PARA_CLASSROOM/04_Sesion/11.CUENT-004_Paso_3_Exploradores%20del%20Espacio_%20El%20robot%20oxidado%20que%20quer%C3%ADa%20abrazar.pdf
,11. [CUENT] Cuentos Ilustrados para Nietos,[Sesión 05] CUENT - 005 Paso 0 Introduccion Proyecto (PDF),Disponible en Sesión 05. Paso 11: Cuentos Ilustrados para Nietos (Historias personalizadas con valores). Acceso directo al recurso interactivo.,https://javiercursocorreo-gif.github.io/Curso-IA/CLASES/EXPORTACION_FICHAS_CLASSROOM_PDF/100.%20%5BSESSIONS%5D%20TERNAS_LISTAS_PARA_CLASSROOM/05_Sesion/11.CUENT-005_Paso_0_Introduccion_Proyecto.pdf
,11. [CUENT] Cuentos Ilustrados para Nietos,[Sesión 05] CUENT - 005 Paso 1 Cuentos Personalizados El abuelo y el nieto encuentran un tesoro (PDF),Disponible en Sesión 05. Paso 11: Cuentos Ilustrados para Nietos (Historias personalizadas con valores). Acceso directo al recurso interactivo.,https://javiercursocorreo-gif.github.io/Curso-IA/CLASES/EXPORTACION_FICHAS_CLASSROOM_PDF/100.%20%5BSESSIONS%5D%20TERNAS_LISTAS_PARA_CLASSROOM/05_Sesion/11.CUENT-005_Paso_1_Cuentos%20Personalizados_%20El%20abuelo%20y%20el%20nieto%20encuentran%20un%20tesoro.pdf
,11. [CUENT] Cuentos Ilustrados para Nietos,[Sesión 05] CUENT - 005 Paso 2 Cuentos Personalizados El abuelo y el nieto encuentran un tesoro (PDF),Disponible en Sesión 05. Paso 11: Cuentos Ilustrados para Nietos (Historias personalizadas con valores). Acceso directo al recurso interactivo.,https://javiercursocorreo-gif.github.io/Curso-IA/CLASES/EXPORTACION_FICHAS_CLASSROOM_PDF/100.%20%5BSESSIONS%5D%20TERNAS_LISTAS_PARA_CLASSROOM/05_Sesion/11.CUENT-005_Paso_2_Cuentos%20Personalizados_%20El%20abuelo%20y%20el%20nieto%20encuentran%20un%20tesoro.pdf
,11. [CUENT] Cuentos Ilustrados para Nietos,[Sesión 05] CUENT - 005 Paso 3 Cuentos Personalizados El abuelo y el nieto encuentran un tesoro (PDF),Disponible en Sesión 05. Paso 11: Cuentos Ilustrados para Nietos (Historias personalizadas con valores). Acceso directo al recurso interactivo.,https://javiercursocorreo-gif.github.io/Curso-IA/CLASES/EXPORTACION_FICHAS_CLASSROOM_PDF/100.%20%5BSESSIONS%5D%20TERNAS_LISTAS_PARA_CLASSROOM/05_Sesion/11.CUENT-005_Paso_3_Cuentos%20Personalizados_%20El%20abuelo%20y%20el%20nieto%20encuentran%20un%20tesoro.pdf
,11. [CUENT] Cuentos Ilustrados para Nietos,[Sesión 06] CUENT - 006 Paso 0 Introduccion Proyecto (PDF),Disponible en Sesión 06. Paso 11: Cuentos Ilustrados para Nietos (Historias personalizadas con valores). Acceso directo al recurso interactivo.,https://javiercursocorreo-gif.github.io/Curso-IA/CLASES/EXPORTACION_FICHAS_CLASSROOM_PDF/100.%20%5BSESSIONS%5D%20TERNAS_LISTAS_PARA_CLASSROOM/06_Sesion/11.CUENT-006_Paso_0_Introduccion_Proyecto.pdf
,11. [CUENT] Cuentos Ilustrados para Nietos,[Sesión 06] CUENT - 006 Paso 1 Misterios Divertidos El misterio de los calcetines desaparecidos (PDF),Disponible en Sesión 06. Paso 11: Cuentos Ilustrados para Nietos (Historias personalizadas con valores). Acceso directo al recurso interactivo.,https://javiercursocorreo-gif.github.io/Curso-IA/CLASES/EXPORTACION_FICHAS_CLASSROOM_PDF/100.%20%5BSESSIONS%5D%20TERNAS_LISTAS_PARA_CLASSROOM/06_Sesion/11.CUENT-006_Paso_1_Misterios%20Divertidos_%20El%20misterio%20de%20los%20calcetines%20desaparecidos.pdf
,11. [CUENT] Cuentos Ilustrados para Nietos,[Sesión 06] CUENT - 006 Paso 2 Misterios Divertidos El misterio de los calcetines desaparecidos (PDF),Disponible en Sesión 06. Paso 11: Cuentos Ilustrados para Nietos (Historias personalizadas con valores). Acceso directo al recurso interactivo.,https://javiercursocorreo-gif.github.io/Curso-IA/CLASES/EXPORTACION_FICHAS_CLASSROOM_PDF/100.%20%5BSESSIONS%5D%20TERNAS_LISTAS_PARA_CLASSROOM/06_Sesion/11.CUENT-006_Paso_2_Misterios%20Divertidos_%20El%20misterio%20de%20los%20calcetines%20desaparecidos.pdf
,11. [CUENT] Cuentos Ilustrados para Nietos,[Sesión 06] CUENT - 006 Paso 3 Misterios Divertidos El misterio de los calcetines desaparecidos (PDF),Disponible en Sesión 06. Paso 11: Cuentos Ilustrados para Nietos (Historias personalizadas con valores). Acceso directo al recurso interactivo.,https://javiercursocorreo-gif.github.io/Curso-IA/CLASES/EXPORTACION_FICHAS_CLASSROOM_PDF/100.%20%5BSESSIONS%5D%20TERNAS_LISTAS_PARA_CLASSROOM/06_Sesion/11.CUENT-006_Paso_3_Misterios%20Divertidos_%20El%20misterio%20de%20los%20calcetines%20desaparecidos.pdf
,11. [CUENT] Cuentos Ilustrados para Nietos,[Sesión 07] CUENT - 007 Paso 0 Introduccion Proyecto (PDF),Disponible en Sesión 07. Paso 11: Cuentos Ilustrados para Nietos (Historias personalizadas con valores). Acceso directo al recurso interactivo.,https://javiercursocorreo-gif.github.io/Curso-IA/CLASES/EXPORTACION_FICHAS_CLASSROOM_PDF/100.%20%5BSESSIONS%5D%20TERNAS_LISTAS_PARA_CLASSROOM/07_Sesion/11.CUENT-007_Paso_0_Introduccion_Proyecto.pdf
,11. [CUENT] Cuentos Ilustrados para Nietos,[Sesión 07] CUENT - 007 Paso 1 Perros El loro que aprendió a cantar ópera (PDF),Disponible en Sesión 07. Paso 11: Cuentos Ilustrados para Nietos (Historias personalizadas con valores). Acceso directo al recurso interactivo.,https://javiercursocorreo-gif.github.io/Curso-IA/CLASES/EXPORTACION_FICHAS_CLASSROOM_PDF/100.%20%5BSESSIONS%5D%20TERNAS_LISTAS_PARA_CLASSROOM/07_Sesion/11.CUENT-007_Paso_1_Perros_%20El%20loro%20que%20aprendi%C3%B3%20a%20cantar%20%C3%B3pera.pdf
,11. [CUENT] Cuentos Ilustrados para Nietos,[Sesión 07] CUENT - 007 Paso 2 Perros El loro que aprendió a cantar ópera (PDF),Disponible en Sesión 07. Paso 11: Cuentos Ilustrados para Nietos (Historias personalizadas con valores). Acceso directo al recurso interactivo.,https://javiercursocorreo-gif.github.io/Curso-IA/CLASES/EXPORTACION_FICHAS_CLASSROOM_PDF/100.%20%5BSESSIONS%5D%20TERNAS_LISTAS_PARA_CLASSROOM/07_Sesion/11.CUENT-007_Paso_2_Perros_%20El%20loro%20que%20aprendi%C3%B3%20a%20cantar%20%C3%B3pera.pdf
,11. [CUENT] Cuentos Ilustrados para Nietos,[Sesión 07] CUENT - 007 Paso 3 Perros El loro que aprendió a cantar ópera (PDF),Disponible en Sesión 07. Paso 11: Cuentos Ilustrados para Nietos (Historias personalizadas con valores). Acceso directo al recurso interactivo.,https://javiercursocorreo-gif.github.io/Curso-IA/CLASES/EXPORTACION_FICHAS_CLASSROOM_PDF/100.%20%5BSESSIONS%5D%20TERNAS_LISTAS_PARA_CLASSROOM/07_Sesion/11.CUENT-007_Paso_3_Perros_%20El%20loro%20que%20aprendi%C3%B3%20a%20cantar%20%C3%B3pera.pdf
,11. [CUENT] Cuentos Ilustrados para Nietos,[Sesión 08] CUENT - 008 Paso 0 Introduccion Proyecto (PDF),Disponible en Sesión 08. Paso 11: Cuentos Ilustrados para Nietos (Historias personalizadas con valores). Acceso directo al recurso interactivo.,https://javiercursocorreo-gif.github.io/Curso-IA/CLASES/EXPORTACION_FICHAS_CLASSROOM_PDF/100.%20%5BSESSIONS%5D%20TERNAS_LISTAS_PARA_CLASSROOM/08_Sesion/11.CUENT-008_Paso_0_Introduccion_Proyecto.pdf
,11. [CUENT] Cuentos Ilustrados para Nietos,[Sesión 08] CUENT - 008 Paso 1 Leyendas Tradicionales La princesa que domó al dragón sin luchar (PDF),Disponible en Sesión 08. Paso 11: Cuentos Ilustrados para Nietos (Historias personalizadas con valores). Acceso directo al recurso interactivo.,https://javiercursocorreo-gif.github.io/Curso-IA/CLASES/EXPORTACION_FICHAS_CLASSROOM_PDF/100.%20%5BSESSIONS%5D%20TERNAS_LISTAS_PARA_CLASSROOM/08_Sesion/11.CUENT-008_Paso_1_Leyendas%20Tradicionales_%20La%20princesa%20que%20dom%C3%B3%20al%20drag%C3%B3n%20sin%20luchar.pdf
,11. [CUENT] Cuentos Ilustrados para Nietos,[Sesión 08] CUENT - 008 Paso 2 Leyendas Tradicionales La princesa que domó al dragón sin luchar (PDF),Disponible en Sesión 08. Paso 11: Cuentos Ilustrados para Nietos (Historias personalizadas con valores). Acceso directo al recurso interactivo.,https://javiercursocorreo-gif.github.io/Curso-IA/CLASES/EXPORTACION_FICHAS_CLASSROOM_PDF/100.%20%5BSESSIONS%5D%20TERNAS_LISTAS_PARA_CLASSROOM/08_Sesion/11.CUENT-008_Paso_2_Leyendas%20Tradicionales_%20La%20princesa%20que%20dom%C3%B3%20al%20drag%C3%B3n%20sin%20luchar.pdf
,11. [CUENT] Cuentos Ilustrados para Nietos,[Sesión 08] CUENT - 008 Paso 3 Leyendas Tradicionales La princesa que domó al dragón sin luchar (PDF),Disponible en Sesión 08. Paso 11: Cuentos Ilustrados para Nietos (Historias personalizadas con valores). Acceso directo al recurso interactivo.,https://javiercursocorreo-gif.github.io/Curso-IA/CLASES/EXPORTACION_FICHAS_CLASSROOM_PDF/100.%20%5BSESSIONS%5D%20TERNAS_LISTAS_PARA_CLASSROOM/08_Sesion/11.CUENT-008_Paso_3_Leyendas%20Tradicionales_%20La%20princesa%20que%20dom%C3%B3%20al%20drag%C3%B3n%20sin%20luchar.pdf
,11. [CUENT] Cuentos Ilustrados para Nietos,[Sesión 09] CUENT - 009 Paso 0 Introduccion Proyecto (PDF),Disponible en Sesión 09. Paso 11: Cuentos Ilustrados para Nietos (Historias personalizadas con valores). Acceso directo al recurso interactivo.,https://javiercursocorreo-gif.github.io/Curso-IA/CLASES/EXPORTACION_FICHAS_CLASSROOM_PDF/100.%20%5BSESSIONS%5D%20TERNAS_LISTAS_PARA_CLASSROOM/09_Sesion/11.CUENT-009_Paso_0_Introduccion_Proyecto.pdf
,11. [CUENT] Cuentos Ilustrados para Nietos,[Sesión 09] CUENT - 009 Paso 1 Aventuras Históricas Reales Amelia Earhart cruzando las nubes (PDF),Disponible en Sesión 09. Paso 11: Cuentos Ilustrados para Nietos (Historias personalizadas con valores). Acceso directo al recurso interactivo.,https://javiercursocorreo-gif.github.io/Curso-IA/CLASES/EXPORTACION_FICHAS_CLASSROOM_PDF/100.%20%5BSESSIONS%5D%20TERNAS_LISTAS_PARA_CLASSROOM/09_Sesion/11.CUENT-009_Paso_1_Aventuras%20Hist%C3%B3ricas%20Reales_%20Amelia%20Earhart%20cruzando%20las%20nubes.pdf
,11. [CUENT] Cuentos Ilustrados para Nietos,[Sesión 09] CUENT - 009 Paso 2 Aventuras Históricas Reales Amelia Earhart cruzando las nubes (PDF),Disponible en Sesión 09. Paso 11: Cuentos Ilustrados para Nietos (Historias personalizadas con valores). Acceso directo al recurso interactivo.,https://javiercursocorreo-gif.github.io/Curso-IA/CLASES/EXPORTACION_FICHAS_CLASSROOM_PDF/100.%20%5BSESSIONS%5D%20TERNAS_LISTAS_PARA_CLASSROOM/09_Sesion/11.CUENT-009_Paso_2_Aventuras%20Hist%C3%B3ricas%20Reales_%20Amelia%20Earhart%20cruzando%20las%20nubes.pdf
,11. [CUENT] Cuentos Ilustrados para Nietos,[Sesión 09] CUENT - 009 Paso 3 Aventuras Históricas Reales Amelia Earhart cruzando las nubes (PDF),Disponible en Sesión 09. Paso 11: Cuentos Ilustrados para Nietos (Historias personalizadas con valores). Acceso directo al recurso interactivo.,https://javiercursocorreo-gif.github.io/Curso-IA/CLASES/EXPORTACION_FICHAS_CLASSROOM_PDF/100.%20%5BSESSIONS%5D%20TERNAS_LISTAS_PARA_CLASSROOM/09_Sesion/11.CUENT-009_Paso_3_Aventuras%20Hist%C3%B3ricas%20Reales_%20Amelia%20Earhart%20cruzando%20las%20nubes.pdf
,11. [CUENT] Cuentos Ilustrados para Nietos,[Sesión 10] CUENT - 010 Paso 0 Introduccion Proyecto (PDF),Disponible en Sesión 10. Paso 11: Cuentos Ilustrados para Nietos (Historias personalizadas con valores). Acceso directo al recurso interactivo.,https://javiercursocorreo-gif.github.io/Curso-IA/CLASES/EXPORTACION_FICHAS_CLASSROOM_PDF/100.%20%5BSESSIONS%5D%20TERNAS_LISTAS_PARA_CLASSROOM/10_Sesion/11.CUENT-010_Paso_0_Introduccion_Proyecto.pdf
,11. [CUENT] Cuentos Ilustrados para Nietos,[Sesión 10] CUENT - 010 Paso 1 Exploradores del Espacio La niña que plantó un árbol en Marte (PDF),Disponible en Sesión 10. Paso 11: Cuentos Ilustrados para Nietos (Historias personalizadas con valores). Acceso directo al recurso interactivo.,https://javiercursocorreo-gif.github.io/Curso-IA/CLASES/EXPORTACION_FICHAS_CLASSROOM_PDF/100.%20%5BSESSIONS%5D%20TERNAS_LISTAS_PARA_CLASSROOM/10_Sesion/11.CUENT-010_Paso_1_Exploradores%20del%20Espacio_%20La%20ni%C3%B1a%20que%20plant%C3%B3%20un%20%C3%A1rbol%20en%20Marte.pdf
,11. [CUENT] Cuentos Ilustrados para Nietos,[Sesión 10] CUENT - 010 Paso 2 Exploradores del Espacio La niña que plantó un árbol en Marte (PDF),Disponible en Sesión 10. Paso 11: Cuentos Ilustrados para Nietos (Historias personalizadas con valores). Acceso directo al recurso interactivo.,https://javiercursocorreo-gif.github.io/Curso-IA/CLASES/EXPORTACION_FICHAS_CLASSROOM_PDF/100.%20%5BSESSIONS%5D%20TERNAS_LISTAS_PARA_CLASSROOM/10_Sesion/11.CUENT-010_Paso_2_Exploradores%20del%20Espacio_%20La%20ni%C3%B1a%20que%20plant%C3%B3%20un%20%C3%A1rbol%20en%20Marte.pdf
,11. [CUENT] Cuentos Ilustrados para Nietos,[Sesión 10] CUENT - 010 Paso 3 Exploradores del Espacio La niña que plantó un árbol en Marte (PDF),Disponible en Sesión 10. Paso 11: Cuentos Ilustrados para Nietos (Historias personalizadas con valores). Acceso directo al recurso interactivo.,https://javiercursocorreo-gif.github.io/Curso-IA/CLASES/EXPORTACION_FICHAS_CLASSROOM_PDF/100.%20%5BSESSIONS%5D%20TERNAS_LISTAS_PARA_CLASSROOM/10_Sesion/11.CUENT-010_Paso_3_Exploradores%20del%20Espacio_%20La%20ni%C3%B1a%20que%20plant%C3%B3%20un%20%C3%A1rbol%20en%20Marte.pdf
,11. [CUENT] Cuentos Ilustrados para Nietos,[Sesión 11] CUENT - 011 Paso 0 Introduccion Proyecto (PDF),Disponible en Sesión 11. Paso 11: Cuentos Ilustrados para Nietos (Historias personalizadas con valores). Acceso directo al recurso interactivo.,https://javiercursocorreo-gif.github.io/Curso-IA/CLASES/EXPORTACION_FICHAS_CLASSROOM_PDF/100.%20%5BSESSIONS%5D%20TERNAS_LISTAS_PARA_CLASSROOM/11_Sesion/11.CUENT-011_Paso_0_Introduccion_Proyecto.pdf
,11. [CUENT] Cuentos Ilustrados para Nietos,[Sesión 11] CUENT - 011 Paso 1 Cuentos Personalizados La máquina del tiempo en el desván de los (PDF),Disponible en Sesión 11. Paso 11: Cuentos Ilustrados para Nietos (Historias personalizadas con valores). Acceso directo al recurso interactivo.,https://javiercursocorreo-gif.github.io/Curso-IA/CLASES/EXPORTACION_FICHAS_CLASSROOM_PDF/100.%20%5BSESSIONS%5D%20TERNAS_LISTAS_PARA_CLASSROOM/11_Sesion/11.CUENT-011_Paso_1_Cuentos%20Personalizados_%20La%20m%C3%A1quina%20del%20tiempo%20en%20el%20desv%C3%A1n%20de%20los.pdf
,11. [CUENT] Cuentos Ilustrados para Nietos,[Sesión 11] CUENT - 011 Paso 2 Cuentos Personalizados La máquina del tiempo en el desván de los (PDF),Disponible en Sesión 11. Paso 11: Cuentos Ilustrados para Nietos (Historias personalizadas con valores). Acceso directo al recurso interactivo.,https://javiercursocorreo-gif.github.io/Curso-IA/CLASES/EXPORTACION_FICHAS_CLASSROOM_PDF/100.%20%5BSESSIONS%5D%20TERNAS_LISTAS_PARA_CLASSROOM/11_Sesion/11.CUENT-011_Paso_2_Cuentos%20Personalizados_%20La%20m%C3%A1quina%20del%20tiempo%20en%20el%20desv%C3%A1n%20de%20los.pdf
,11. [CUENT] Cuentos Ilustrados para Nietos,[Sesión 11] CUENT - 011 Paso 3 Cuentos Personalizados La máquina del tiempo en el desván de los (PDF),Disponible en Sesión 11. Paso 11: Cuentos Ilustrados para Nietos (Historias personalizadas con valores). Acceso directo al recurso interactivo.,https://javiercursocorreo-gif.github.io/Curso-IA/CLASES/EXPORTACION_FICHAS_CLASSROOM_PDF/100.%20%5BSESSIONS%5D%20TERNAS_LISTAS_PARA_CLASSROOM/11_Sesion/11.CUENT-011_Paso_3_Cuentos%20Personalizados_%20La%20m%C3%A1quina%20del%20tiempo%20en%20el%20desv%C3%A1n%20de%20los.pdf
,11. [CUENT] Cuentos Ilustrados para Nietos,[Sesión 12] CUENT - 012 Paso 0 Introduccion Proyecto (PDF),Disponible en Sesión 12. Paso 11: Cuentos Ilustrados para Nietos (Historias personalizadas con valores). Acceso directo al recurso interactivo.,https://javiercursocorreo-gif.github.io/Curso-IA/CLASES/EXPORTACION_FICHAS_CLASSROOM_PDF/100.%20%5BSESSIONS%5D%20TERNAS_LISTAS_PARA_CLASSROOM/12_Sesion/11.CUENT-012_Paso_0_Introduccion_Proyecto.pdf
,11. [CUENT] Cuentos Ilustrados para Nietos,[Sesión 12] CUENT - 012 Paso 1 Misterios Divertidos La agencia de detectives del patio del cole (PDF),Disponible en Sesión 12. Paso 11: Cuentos Ilustrados para Nietos (Historias personalizadas con valores). Acceso directo al recurso interactivo.,https://javiercursocorreo-gif.github.io/Curso-IA/CLASES/EXPORTACION_FICHAS_CLASSROOM_PDF/100.%20%5BSESSIONS%5D%20TERNAS_LISTAS_PARA_CLASSROOM/12_Sesion/11.CUENT-012_Paso_1_Misterios%20Divertidos_%20La%20agencia%20de%20detectives%20del%20patio%20del%20cole.pdf
,11. [CUENT] Cuentos Ilustrados para Nietos,[Sesión 12] CUENT - 012 Paso 2 Misterios Divertidos La agencia de detectives del patio del cole (PDF),Disponible en Sesión 12. Paso 11: Cuentos Ilustrados para Nietos (Historias personalizadas con valores). Acceso directo al recurso interactivo.,https://javiercursocorreo-gif.github.io/Curso-IA/CLASES/EXPORTACION_FICHAS_CLASSROOM_PDF/100.%20%5BSESSIONS%5D%20TERNAS_LISTAS_PARA_CLASSROOM/12_Sesion/11.CUENT-012_Paso_2_Misterios%20Divertidos_%20La%20agencia%20de%20detectives%20del%20patio%20del%20cole.pdf
,11. [CUENT] Cuentos Ilustrados para Nietos,[Sesión 12] CUENT - 012 Paso 3 Misterios Divertidos La agencia de detectives del patio del cole (PDF),Disponible en Sesión 12. Paso 11: Cuentos Ilustrados para Nietos (Historias personalizadas con valores). Acceso directo al recurso interactivo.,https://javiercursocorreo-gif.github.io/Curso-IA/CLASES/EXPORTACION_FICHAS_CLASSROOM_PDF/100.%20%5BSESSIONS%5D%20TERNAS_LISTAS_PARA_CLASSROOM/12_Sesion/11.CUENT-012_Paso_3_Misterios%20Divertidos_%20La%20agencia%20de%20detectives%20del%20patio%20del%20cole.pdf
,11. [CUENT] Cuentos Ilustrados para Nietos,[Sesión 13] CUENT - 013 Paso 0 Introduccion Proyecto (PDF),Disponible en Sesión 13. Paso 11: Cuentos Ilustrados para Nietos (Historias personalizadas con valores). Acceso directo al recurso interactivo.,https://javiercursocorreo-gif.github.io/Curso-IA/CLASES/EXPORTACION_FICHAS_CLASSROOM_PDF/100.%20%5BSESSIONS%5D%20TERNAS_LISTAS_PARA_CLASSROOM/13_Sesion/11.CUENT-013_Paso_0_Introduccion_Proyecto.pdf
,11. [CUENT] Cuentos Ilustrados para Nietos,[Sesión 13] CUENT - 013 Paso 1 Perros El gato detective del barrio (PDF),Disponible en Sesión 13. Paso 11: Cuentos Ilustrados para Nietos (Historias personalizadas con valores). Acceso directo al recurso interactivo.,https://javiercursocorreo-gif.github.io/Curso-IA/CLASES/EXPORTACION_FICHAS_CLASSROOM_PDF/100.%20%5BSESSIONS%5D%20TERNAS_LISTAS_PARA_CLASSROOM/13_Sesion/11.CUENT-013_Paso_1_Perros_%20El%20gato%20detective%20del%20barrio.pdf
,11. [CUENT] Cuentos Ilustrados para Nietos,[Sesión 13] CUENT - 013 Paso 2 Perros El gato detective del barrio (PDF),Disponible en Sesión 13. Paso 11: Cuentos Ilustrados para Nietos (Historias personalizadas con valores). Acceso directo al recurso interactivo.,https://javiercursocorreo-gif.github.io/Curso-IA/CLASES/EXPORTACION_FICHAS_CLASSROOM_PDF/100.%20%5BSESSIONS%5D%20TERNAS_LISTAS_PARA_CLASSROOM/13_Sesion/11.CUENT-013_Paso_2_Perros_%20El%20gato%20detective%20del%20barrio.pdf
,11. [CUENT] Cuentos Ilustrados para Nietos,[Sesión 13] CUENT - 013 Paso 3 Perros El gato detective del barrio (PDF),Disponible en Sesión 13. Paso 11: Cuentos Ilustrados para Nietos (Historias personalizadas con valores). Acceso directo al recurso interactivo.,https://javiercursocorreo-gif.github.io/Curso-IA/CLASES/EXPORTACION_FICHAS_CLASSROOM_PDF/100.%20%5BSESSIONS%5D%20TERNAS_LISTAS_PARA_CLASSROOM/13_Sesion/11.CUENT-013_Paso_3_Perros_%20El%20gato%20detective%20del%20barrio.pdf
,11. [CUENT] Cuentos Ilustrados para Nietos,[Sesión 14] CUENT - 014 Paso 0 Introduccion Proyecto (PDF),Disponible en Sesión 14. Paso 11: Cuentos Ilustrados para Nietos (Historias personalizadas con valores). Acceso directo al recurso interactivo.,https://javiercursocorreo-gif.github.io/Curso-IA/CLASES/EXPORTACION_FICHAS_CLASSROOM_PDF/100.%20%5BSESSIONS%5D%20TERNAS_LISTAS_PARA_CLASSROOM/14_Sesion/11.CUENT-014_Paso_0_Introduccion_Proyecto.pdf
,11. [CUENT] Cuentos Ilustrados para Nietos,[Sesión 14] CUENT - 014 Paso 1 Leyendas Tradicionales El bosque de los árboles susurrantes (PDF),Disponible en Sesión 14. Paso 11: Cuentos Ilustrados para Nietos (Historias personalizadas con valores). Acceso directo al recurso interactivo.,https://javiercursocorreo-gif.github.io/Curso-IA/CLASES/EXPORTACION_FICHAS_CLASSROOM_PDF/100.%20%5BSESSIONS%5D%20TERNAS_LISTAS_PARA_CLASSROOM/14_Sesion/11.CUENT-014_Paso_1_Leyendas%20Tradicionales_%20El%20bosque%20de%20los%20%C3%A1rboles%20susurrantes.pdf
,11. [CUENT] Cuentos Ilustrados para Nietos,[Sesión 14] CUENT - 014 Paso 2 Leyendas Tradicionales El bosque de los árboles susurrantes (PDF),Disponible en Sesión 14. Paso 11: Cuentos Ilustrados para Nietos (Historias personalizadas con valores). Acceso directo al recurso interactivo.,https://javiercursocorreo-gif.github.io/Curso-IA/CLASES/EXPORTACION_FICHAS_CLASSROOM_PDF/100.%20%5BSESSIONS%5D%20TERNAS_LISTAS_PARA_CLASSROOM/14_Sesion/11.CUENT-014_Paso_2_Leyendas%20Tradicionales_%20El%20bosque%20de%20los%20%C3%A1rboles%20susurrantes.pdf
,11. [CUENT] Cuentos Ilustrados para Nietos,[Sesión 14] CUENT - 014 Paso 3 Leyendas Tradicionales El bosque de los árboles susurrantes (PDF),Disponible en Sesión 14. Paso 11: Cuentos Ilustrados para Nietos (Historias personalizadas con valores). Acceso directo al recurso interactivo.,https://javiercursocorreo-gif.github.io/Curso-IA/CLASES/EXPORTACION_FICHAS_CLASSROOM_PDF/100.%20%5BSESSIONS%5D%20TERNAS_LISTAS_PARA_CLASSROOM/14_Sesion/11.CUENT-014_Paso_3_Leyendas%20Tradicionales_%20El%20bosque%20de%20los%20%C3%A1rboles%20susurrantes.pdf
,11. [CUENT] Cuentos Ilustrados para Nietos,[Sesión 15] CUENT - 015 Paso 0 Introduccion Proyecto (PDF),Disponible en Sesión 15. Paso 11: Cuentos Ilustrados para Nietos (Historias personalizadas con valores). Acceso directo al recurso interactivo.,https://javiercursocorreo-gif.github.io/Curso-IA/CLASES/EXPORTACION_FICHAS_CLASSROOM_PDF/100.%20%5BSESSIONS%5D%20TERNAS_LISTAS_PARA_CLASSROOM/15_Sesion/11.CUENT-015_Paso_0_Introduccion_Proyecto.pdf
,11. [CUENT] Cuentos Ilustrados para Nietos,[Sesión 15] CUENT - 015 Paso 1 Aventuras Históricas Reales Neil Armstrong pisando la Luna (PDF),Disponible en Sesión 15. Paso 11: Cuentos Ilustrados para Nietos (Historias personalizadas con valores). Acceso directo al recurso interactivo.,https://javiercursocorreo-gif.github.io/Curso-IA/CLASES/EXPORTACION_FICHAS_CLASSROOM_PDF/100.%20%5BSESSIONS%5D%20TERNAS_LISTAS_PARA_CLASSROOM/15_Sesion/11.CUENT-015_Paso_1_Aventuras%20Hist%C3%B3ricas%20Reales_%20Neil%20Armstrong%20pisando%20la%20Luna.pdf
,11. [CUENT] Cuentos Ilustrados para Nietos,[Sesión 15] CUENT - 015 Paso 2 Aventuras Históricas Reales Neil Armstrong pisando la Luna (PDF),Disponible en Sesión 15. Paso 11: Cuentos Ilustrados para Nietos (Historias personalizadas con valores). Acceso directo al recurso interactivo.,https://javiercursocorreo-gif.github.io/Curso-IA/CLASES/EXPORTACION_FICHAS_CLASSROOM_PDF/100.%20%5BSESSIONS%5D%20TERNAS_LISTAS_PARA_CLASSROOM/15_Sesion/11.CUENT-015_Paso_2_Aventuras%20Hist%C3%B3ricas%20Reales_%20Neil%20Armstrong%20pisando%20la%20Luna.pdf
,11. [CUENT] Cuentos Ilustrados para Nietos,[Sesión 15] CUENT - 015 Paso 3 Aventuras Históricas Reales Neil Armstrong pisando la Luna (PDF),Disponible en Sesión 15. Paso 11: Cuentos Ilustrados para Nietos (Historias personalizadas con valores). Acceso directo al recurso interactivo.,https://javiercursocorreo-gif.github.io/Curso-IA/CLASES/EXPORTACION_FICHAS_CLASSROOM_PDF/100.%20%5BSESSIONS%5D%20TERNAS_LISTAS_PARA_CLASSROOM/15_Sesion/11.CUENT-015_Paso_3_Aventuras%20Hist%C3%B3ricas%20Reales_%20Neil%20Armstrong%20pisando%20la%20Luna.pdf
,11. [CUENT] Cuentos Ilustrados para Nietos,[Sesión 16] CUENT - 016 Paso 0 Introduccion Proyecto (PDF),Disponible en Sesión 16. Paso 11: Cuentos Ilustrados para Nietos (Historias personalizadas con valores). Acceso directo al recurso interactivo.,https://javiercursocorreo-gif.github.io/Curso-IA/CLASES/EXPORTACION_FICHAS_CLASSROOM_PDF/100.%20%5BSESSIONS%5D%20TERNAS_LISTAS_PARA_CLASSROOM/16_Sesion/11.CUENT-016_Paso_0_Introduccion_Proyecto.pdf
,11. [CUENT] Cuentos Ilustrados para Nietos,[Sesión 16] CUENT - 016 Paso 1 Exploradores del Espacio El cohete que se perdió en la Vía Lácte (PDF),Disponible en Sesión 16. Paso 11: Cuentos Ilustrados para Nietos (Historias personalizadas con valores). Acceso directo al recurso interactivo.,https://javiercursocorreo-gif.github.io/Curso-IA/CLASES/EXPORTACION_FICHAS_CLASSROOM_PDF/100.%20%5BSESSIONS%5D%20TERNAS_LISTAS_PARA_CLASSROOM/16_Sesion/11.CUENT-016_Paso_1_Exploradores%20del%20Espacio_%20El%20cohete%20que%20se%20perdi%C3%B3%20en%20la%20V%C3%ADa%20L%C3%A1cte.pdf
,11. [CUENT] Cuentos Ilustrados para Nietos,[Sesión 16] CUENT - 016 Paso 2 Exploradores del Espacio El cohete que se perdió en la Vía Lácte (PDF),Disponible en Sesión 16. Paso 11: Cuentos Ilustrados para Nietos (Historias personalizadas con valores). Acceso directo al recurso interactivo.,https://javiercursocorreo-gif.github.io/Curso-IA/CLASES/EXPORTACION_FICHAS_CLASSROOM_PDF/100.%20%5BSESSIONS%5D%20TERNAS_LISTAS_PARA_CLASSROOM/16_Sesion/11.CUENT-016_Paso_2_Exploradores%20del%20Espacio_%20El%20cohete%20que%20se%20perdi%C3%B3%20en%20la%20V%C3%ADa%20L%C3%A1cte.pdf
,11. [CUENT] Cuentos Ilustrados para Nietos,[Sesión 16] CUENT - 016 Paso 3 Exploradores del Espacio El cohete que se perdió en la Vía Lácte (PDF),Disponible en Sesión 16. Paso 11: Cuentos Ilustrados para Nietos (Historias personalizadas con valores). Acceso directo al recurso interactivo.,https://javiercursocorreo-gif.github.io/Curso-IA/CLASES/EXPORTACION_FICHAS_CLASSROOM_PDF/100.%20%5BSESSIONS%5D%20TERNAS_LISTAS_PARA_CLASSROOM/16_Sesion/11.CUENT-016_Paso_3_Exploradores%20del%20Espacio_%20El%20cohete%20que%20se%20perdi%C3%B3%20en%20la%20V%C3%ADa%20L%C3%A1cte.pdf
,11. [CUENT] Cuentos Ilustrados para Nietos,[Sesión 17] CUENT - 017 Paso 0 Introduccion Proyecto (PDF),Disponible en Sesión 17. Paso 11: Cuentos Ilustrados para Nietos (Historias personalizadas con valores). Acceso directo al recurso interactivo.,https://javiercursocorreo-gif.github.io/Curso-IA/CLASES/EXPORTACION_FICHAS_CLASSROOM_PDF/100.%20%5BSESSIONS%5D%20TERNAS_LISTAS_PARA_CLASSROOM/17_Sesion/11.CUENT-017_Paso_0_Introduccion_Proyecto.pdf
,11. [CUENT] Cuentos Ilustrados para Nietos,[Sesión 17] CUENT - 017 Paso 1 Cuentos Personalizados El día que la abuela se convirtió en supe (PDF),Disponible en Sesión 17. Paso 11: Cuentos Ilustrados para Nietos (Historias personalizadas con valores). Acceso directo al recurso interactivo.,https://javiercursocorreo-gif.github.io/Curso-IA/CLASES/EXPORTACION_FICHAS_CLASSROOM_PDF/100.%20%5BSESSIONS%5D%20TERNAS_LISTAS_PARA_CLASSROOM/17_Sesion/11.CUENT-017_Paso_1_Cuentos%20Personalizados_%20El%20d%C3%ADa%20que%20la%20abuela%20se%20convirti%C3%B3%20en%20supe.pdf
,11. [CUENT] Cuentos Ilustrados para Nietos,[Sesión 17] CUENT - 017 Paso 2 Cuentos Personalizados El día que la abuela se convirtió en supe (PDF),Disponible en Sesión 17. Paso 11: Cuentos Ilustrados para Nietos (Historias personalizadas con valores). Acceso directo al recurso interactivo.,https://javiercursocorreo-gif.github.io/Curso-IA/CLASES/EXPORTACION_FICHAS_CLASSROOM_PDF/100.%20%5BSESSIONS%5D%20TERNAS_LISTAS_PARA_CLASSROOM/17_Sesion/11.CUENT-017_Paso_2_Cuentos%20Personalizados_%20El%20d%C3%ADa%20que%20la%20abuela%20se%20convirti%C3%B3%20en%20supe.pdf
,11. [CUENT] Cuentos Ilustrados para Nietos,[Sesión 17] CUENT - 017 Paso 3 Cuentos Personalizados El día que la abuela se convirtió en supe (PDF),Disponible en Sesión 17. Paso 11: Cuentos Ilustrados para Nietos (Historias personalizadas con valores). Acceso directo al recurso interactivo.,https://javiercursocorreo-gif.github.io/Curso-IA/CLASES/EXPORTACION_FICHAS_CLASSROOM_PDF/100.%20%5BSESSIONS%5D%20TERNAS_LISTAS_PARA_CLASSROOM/17_Sesion/11.CUENT-017_Paso_3_Cuentos%20Personalizados_%20El%20d%C3%ADa%20que%20la%20abuela%20se%20convirti%C3%B3%20en%20supe.pdf
,11. [CUENT] Cuentos Ilustrados para Nietos,[Sesión 18] CUENT - 018 Paso 0 Introduccion Proyecto (PDF),Disponible en Sesión 18. Paso 11: Cuentos Ilustrados para Nietos (Historias personalizadas con valores). Acceso directo al recurso interactivo.,https://javiercursocorreo-gif.github.io/Curso-IA/CLASES/EXPORTACION_FICHAS_CLASSROOM_PDF/100.%20%5BSESSIONS%5D%20TERNAS_LISTAS_PARA_CLASSROOM/18_Sesion/11.CUENT-018_Paso_0_Introduccion_Proyecto.pdf
,11. [CUENT] Cuentos Ilustrados para Nietos,[Sesión 18] CUENT - 018 Paso 1 Misterios Divertidos El caso del pastel de chocolate mordido (PDF),Disponible en Sesión 18. Paso 11: Cuentos Ilustrados para Nietos (Historias personalizadas con valores). Acceso directo al recurso interactivo.,https://javiercursocorreo-gif.github.io/Curso-IA/CLASES/EXPORTACION_FICHAS_CLASSROOM_PDF/100.%20%5BSESSIONS%5D%20TERNAS_LISTAS_PARA_CLASSROOM/18_Sesion/11.CUENT-018_Paso_1_Misterios%20Divertidos_%20El%20caso%20del%20pastel%20de%20chocolate%20mordido.pdf
,11. [CUENT] Cuentos Ilustrados para Nietos,[Sesión 18] CUENT - 018 Paso 2 Misterios Divertidos El caso del pastel de chocolate mordido (PDF),Disponible en Sesión 18. Paso 11: Cuentos Ilustrados para Nietos (Historias personalizadas con valores). Acceso directo al recurso interactivo.,https://javiercursocorreo-gif.github.io/Curso-IA/CLASES/EXPORTACION_FICHAS_CLASSROOM_PDF/100.%20%5BSESSIONS%5D%20TERNAS_LISTAS_PARA_CLASSROOM/18_Sesion/11.CUENT-018_Paso_2_Misterios%20Divertidos_%20El%20caso%20del%20pastel%20de%20chocolate%20mordido.pdf
,11. [CUENT] Cuentos Ilustrados para Nietos,[Sesión 18] CUENT - 018 Paso 3 Misterios Divertidos El caso del pastel de chocolate mordido (PDF),Disponible en Sesión 18. Paso 11: Cuentos Ilustrados para Nietos (Historias personalizadas con valores). Acceso directo al recurso interactivo.,https://javiercursocorreo-gif.github.io/Curso-IA/CLASES/EXPORTACION_FICHAS_CLASSROOM_PDF/100.%20%5BSESSIONS%5D%20TERNAS_LISTAS_PARA_CLASSROOM/18_Sesion/11.CUENT-018_Paso_3_Misterios%20Divertidos_%20El%20caso%20del%20pastel%20de%20chocolate%20mordido.pdf
,11. [CUENT] Cuentos Ilustrados para Nietos,[Sesión 19] CUENT - 019 Paso 0 Introduccion Proyecto (PDF),Disponible en Sesión 19. Paso 11: Cuentos Ilustrados para Nietos (Historias personalizadas con valores). Acceso directo al recurso interactivo.,https://javiercursocorreo-gif.github.io/Curso-IA/CLASES/EXPORTACION_FICHAS_CLASSROOM_PDF/100.%20%5BSESSIONS%5D%20TERNAS_LISTAS_PARA_CLASSROOM/19_Sesion/11.CUENT-019_Paso_0_Introduccion_Proyecto.pdf
,11. [CUENT] Cuentos Ilustrados para Nietos,[Sesión 19] CUENT - 019 Paso 1 Perros El caballo que cruzó las montañas nevadas (PDF),Disponible en Sesión 19. Paso 11: Cuentos Ilustrados para Nietos (Historias personalizadas con valores). Acceso directo al recurso interactivo.,https://javiercursocorreo-gif.github.io/Curso-IA/CLASES/EXPORTACION_FICHAS_CLASSROOM_PDF/100.%20%5BSESSIONS%5D%20TERNAS_LISTAS_PARA_CLASSROOM/19_Sesion/11.CUENT-019_Paso_1_Perros_%20El%20caballo%20que%20cruz%C3%B3%20las%20monta%C3%B1as%20nevadas.pdf
,11. [CUENT] Cuentos Ilustrados para Nietos,[Sesión 19] CUENT - 019 Paso 2 Perros El caballo que cruzó las montañas nevadas (PDF),Disponible en Sesión 19. Paso 11: Cuentos Ilustrados para Nietos (Historias personalizadas con valores). Acceso directo al recurso interactivo.,https://javiercursocorreo-gif.github.io/Curso-IA/CLASES/EXPORTACION_FICHAS_CLASSROOM_PDF/100.%20%5BSESSIONS%5D%20TERNAS_LISTAS_PARA_CLASSROOM/19_Sesion/11.CUENT-019_Paso_2_Perros_%20El%20caballo%20que%20cruz%C3%B3%20las%20monta%C3%B1as%20nevadas.pdf
,11. [CUENT] Cuentos Ilustrados para Nietos,[Sesión 19] CUENT - 019 Paso 3 Perros El caballo que cruzó las montañas nevadas (PDF),Disponible en Sesión 19. Paso 11: Cuentos Ilustrados para Nietos (Historias personalizadas con valores). Acceso directo al recurso interactivo.,https://javiercursocorreo-gif.github.io/Curso-IA/CLASES/EXPORTACION_FICHAS_CLASSROOM_PDF/100.%20%5BSESSIONS%5D%20TERNAS_LISTAS_PARA_CLASSROOM/19_Sesion/11.CUENT-019_Paso_3_Perros_%20El%20caballo%20que%20cruz%C3%B3%20las%20monta%C3%B1as%20nevadas.pdf
,11. [CUENT] Cuentos Ilustrados para Nietos,[Sesión 20] CUENT - 020 Paso 0 Introduccion Proyecto (PDF),Disponible en Sesión 20. Paso 11: Cuentos Ilustrados para Nietos (Historias personalizadas con valores). Acceso directo al recurso interactivo.,https://javiercursocorreo-gif.github.io/Curso-IA/CLASES/EXPORTACION_FICHAS_CLASSROOM_PDF/100.%20%5BSESSIONS%5D%20TERNAS_LISTAS_PARA_CLASSROOM/20_Sesion/11.CUENT-020_Paso_0_Introduccion_Proyecto.pdf
,11. [CUENT] Cuentos Ilustrados para Nietos,[Sesión 20] CUENT - 020 Paso 1 Leyendas Tradicionales La leyenda del hilo rojo del destino (PDF),Disponible en Sesión 20. Paso 11: Cuentos Ilustrados para Nietos (Historias personalizadas con valores). Acceso directo al recurso interactivo.,https://javiercursocorreo-gif.github.io/Curso-IA/CLASES/EXPORTACION_FICHAS_CLASSROOM_PDF/100.%20%5BSESSIONS%5D%20TERNAS_LISTAS_PARA_CLASSROOM/20_Sesion/11.CUENT-020_Paso_1_Leyendas%20Tradicionales_%20La%20leyenda%20del%20hilo%20rojo%20del%20destino.pdf
,11. [CUENT] Cuentos Ilustrados para Nietos,[Sesión 20] CUENT - 020 Paso 2 Leyendas Tradicionales La leyenda del hilo rojo del destino (PDF),Disponible en Sesión 20. Paso 11: Cuentos Ilustrados para Nietos (Historias personalizadas con valores). Acceso directo al recurso interactivo.,https://javiercursocorreo-gif.github.io/Curso-IA/CLASES/EXPORTACION_FICHAS_CLASSROOM_PDF/100.%20%5BSESSIONS%5D%20TERNAS_LISTAS_PARA_CLASSROOM/20_Sesion/11.CUENT-020_Paso_2_Leyendas%20Tradicionales_%20La%20leyenda%20del%20hilo%20rojo%20del%20destino.pdf
,11. [CUENT] Cuentos Ilustrados para Nietos,[Sesión 20] CUENT - 020 Paso 3 Leyendas Tradicionales La leyenda del hilo rojo del destino (PDF),Disponible en Sesión 20. Paso 11: Cuentos Ilustrados para Nietos (Historias personalizadas con valores). Acceso directo al recurso interactivo.,https://javiercursocorreo-gif.github.io/Curso-IA/CLASES/EXPORTACION_FICHAS_CLASSROOM_PDF/100.%20%5BSESSIONS%5D%20TERNAS_LISTAS_PARA_CLASSROOM/20_Sesion/11.CUENT-020_Paso_3_Leyendas%20Tradicionales_%20La%20leyenda%20del%20hilo%20rojo%20del%20destino.pdf
,11. [CUENT] Cuentos Ilustrados para Nietos,[Sesión 21] CUENT - 021 Paso 0 Introduccion Proyecto (PDF),Disponible en Sesión 21. Paso 11: Cuentos Ilustrados para Nietos (Historias personalizadas con valores). Acceso directo al recurso interactivo.,https://javiercursocorreo-gif.github.io/Curso-IA/CLASES/EXPORTACION_FICHAS_CLASSROOM_PDF/100.%20%5BSESSIONS%5D%20TERNAS_LISTAS_PARA_CLASSROOM/21_Sesion/11.CUENT-021_Paso_0_Introduccion_Proyecto.pdf
,11. [CUENT] Cuentos Ilustrados para Nietos,[Sesión 21] CUENT - 021 Paso 1 Aventuras Históricas Reales Marco Polo y el viaje a Oriente (PDF),Disponible en Sesión 21. Paso 11: Cuentos Ilustrados para Nietos (Historias personalizadas con valores). Acceso directo al recurso interactivo.,https://javiercursocorreo-gif.github.io/Curso-IA/CLASES/EXPORTACION_FICHAS_CLASSROOM_PDF/100.%20%5BSESSIONS%5D%20TERNAS_LISTAS_PARA_CLASSROOM/21_Sesion/11.CUENT-021_Paso_1_Aventuras%20Hist%C3%B3ricas%20Reales_%20Marco%20Polo%20y%20el%20viaje%20a%20Oriente.pdf
,11. [CUENT] Cuentos Ilustrados para Nietos,[Sesión 21] CUENT - 021 Paso 2 Aventuras Históricas Reales Marco Polo y el viaje a Oriente (PDF),Disponible en Sesión 21. Paso 11: Cuentos Ilustrados para Nietos (Historias personalizadas con valores). Acceso directo al recurso interactivo.,https://javiercursocorreo-gif.github.io/Curso-IA/CLASES/EXPORTACION_FICHAS_CLASSROOM_PDF/100.%20%5BSESSIONS%5D%20TERNAS_LISTAS_PARA_CLASSROOM/21_Sesion/11.CUENT-021_Paso_2_Aventuras%20Hist%C3%B3ricas%20Reales_%20Marco%20Polo%20y%20el%20viaje%20a%20Oriente.pdf
,11. [CUENT] Cuentos Ilustrados para Nietos,[Sesión 21] CUENT - 021 Paso 3 Aventuras Históricas Reales Marco Polo y el viaje a Oriente (PDF),Disponible en Sesión 21. Paso 11: Cuentos Ilustrados para Nietos (Historias personalizadas con valores). Acceso directo al recurso interactivo.,https://javiercursocorreo-gif.github.io/Curso-IA/CLASES/EXPORTACION_FICHAS_CLASSROOM_PDF/100.%20%5BSESSIONS%5D%20TERNAS_LISTAS_PARA_CLASSROOM/21_Sesion/11.CUENT-021_Paso_3_Aventuras%20Hist%C3%B3ricas%20Reales_%20Marco%20Polo%20y%20el%20viaje%20a%20Oriente.pdf
,11. [CUENT] Cuentos Ilustrados para Nietos,[Sesión 22] CUENT - 022 Paso 0 Introduccion Proyecto (PDF),Disponible en Sesión 22. Paso 11: Cuentos Ilustrados para Nietos (Historias personalizadas con valores). Acceso directo al recurso interactivo.,https://javiercursocorreo-gif.github.io/Curso-IA/CLASES/EXPORTACION_FICHAS_CLASSROOM_PDF/100.%20%5BSESSIONS%5D%20TERNAS_LISTAS_PARA_CLASSROOM/22_Sesion/11.CUENT-022_Paso_0_Introduccion_Proyecto.pdf
,11. [CUENT] Cuentos Ilustrados para Nietos,[Sesión 22] CUENT - 022 Paso 1 Exploradores del Espacio La patrulla galáctica rescata un cometa (PDF),Disponible en Sesión 22. Paso 11: Cuentos Ilustrados para Nietos (Historias personalizadas con valores). Acceso directo al recurso interactivo.,https://javiercursocorreo-gif.github.io/Curso-IA/CLASES/EXPORTACION_FICHAS_CLASSROOM_PDF/100.%20%5BSESSIONS%5D%20TERNAS_LISTAS_PARA_CLASSROOM/22_Sesion/11.CUENT-022_Paso_1_Exploradores%20del%20Espacio_%20La%20patrulla%20gal%C3%A1ctica%20rescata%20un%20cometa.pdf
,11. [CUENT] Cuentos Ilustrados para Nietos,[Sesión 22] CUENT - 022 Paso 2 Exploradores del Espacio La patrulla galáctica rescata un cometa (PDF),Disponible en Sesión 22. Paso 11: Cuentos Ilustrados para Nietos (Historias personalizadas con valores). Acceso directo al recurso interactivo.,https://javiercursocorreo-gif.github.io/Curso-IA/CLASES/EXPORTACION_FICHAS_CLASSROOM_PDF/100.%20%5BSESSIONS%5D%20TERNAS_LISTAS_PARA_CLASSROOM/22_Sesion/11.CUENT-022_Paso_2_Exploradores%20del%20Espacio_%20La%20patrulla%20gal%C3%A1ctica%20rescata%20un%20cometa.pdf
,11. [CUENT] Cuentos Ilustrados para Nietos,[Sesión 22] CUENT - 022 Paso 3 Exploradores del Espacio La patrulla galáctica rescata un cometa (PDF),Disponible en Sesión 22. Paso 11: Cuentos Ilustrados para Nietos (Historias personalizadas con valores). Acceso directo al recurso interactivo.,https://javiercursocorreo-gif.github.io/Curso-IA/CLASES/EXPORTACION_FICHAS_CLASSROOM_PDF/100.%20%5BSESSIONS%5D%20TERNAS_LISTAS_PARA_CLASSROOM/22_Sesion/11.CUENT-022_Paso_3_Exploradores%20del%20Espacio_%20La%20patrulla%20gal%C3%A1ctica%20rescata%20un%20cometa.pdf
,11. [CUENT] Cuentos Ilustrados para Nietos,[Sesión 23] CUENT - 023 Paso 0 Introduccion Proyecto (PDF),Disponible en Sesión 23. Paso 11: Cuentos Ilustrados para Nietos (Historias personalizadas con valores). Acceso directo al recurso interactivo.,https://javiercursocorreo-gif.github.io/Curso-IA/CLASES/EXPORTACION_FICHAS_CLASSROOM_PDF/100.%20%5BSESSIONS%5D%20TERNAS_LISTAS_PARA_CLASSROOM/23_Sesion/11.CUENT-023_Paso_0_Introduccion_Proyecto.pdf
,11. [CUENT] Cuentos Ilustrados para Nietos,[Sesión 23] CUENT - 023 Paso 1 Cuentos Personalizados Cocinando galletas mágicas con el abuelo (PDF),Disponible en Sesión 23. Paso 11: Cuentos Ilustrados para Nietos (Historias personalizadas con valores). Acceso directo al recurso interactivo.,https://javiercursocorreo-gif.github.io/Curso-IA/CLASES/EXPORTACION_FICHAS_CLASSROOM_PDF/100.%20%5BSESSIONS%5D%20TERNAS_LISTAS_PARA_CLASSROOM/23_Sesion/11.CUENT-023_Paso_1_Cuentos%20Personalizados_%20Cocinando%20galletas%20m%C3%A1gicas%20con%20el%20abuelo.pdf
,11. [CUENT] Cuentos Ilustrados para Nietos,[Sesión 23] CUENT - 023 Paso 2 Cuentos Personalizados Cocinando galletas mágicas con el abuelo (PDF),Disponible en Sesión 23. Paso 11: Cuentos Ilustrados para Nietos (Historias personalizadas con valores). Acceso directo al recurso interactivo.,https://javiercursocorreo-gif.github.io/Curso-IA/CLASES/EXPORTACION_FICHAS_CLASSROOM_PDF/100.%20%5BSESSIONS%5D%20TERNAS_LISTAS_PARA_CLASSROOM/23_Sesion/11.CUENT-023_Paso_2_Cuentos%20Personalizados_%20Cocinando%20galletas%20m%C3%A1gicas%20con%20el%20abuelo.pdf
,11. [CUENT] Cuentos Ilustrados para Nietos,[Sesión 23] CUENT - 023 Paso 3 Cuentos Personalizados Cocinando galletas mágicas con el abuelo (PDF),Disponible en Sesión 23. Paso 11: Cuentos Ilustrados para Nietos (Historias personalizadas con valores). Acceso directo al recurso interactivo.,https://javiercursocorreo-gif.github.io/Curso-IA/CLASES/EXPORTACION_FICHAS_CLASSROOM_PDF/100.%20%5BSESSIONS%5D%20TERNAS_LISTAS_PARA_CLASSROOM/23_Sesion/11.CUENT-023_Paso_3_Cuentos%20Personalizados_%20Cocinando%20galletas%20m%C3%A1gicas%20con%20el%20abuelo.pdf
,11. [CUENT] Cuentos Ilustrados para Nietos,[Sesión 24] CUENT - 024 Paso 0 Introduccion Proyecto (PDF),Disponible en Sesión 24. Paso 11: Cuentos Ilustrados para Nietos (Historias personalizadas con valores). Acceso directo al recurso interactivo.,https://javiercursocorreo-gif.github.io/Curso-IA/CLASES/EXPORTACION_FICHAS_CLASSROOM_PDF/100.%20%5BSESSIONS%5D%20TERNAS_LISTAS_PARA_CLASSROOM/24_Sesion/11.CUENT-024_Paso_0_Introduccion_Proyecto.pdf
,11. [CUENT] Cuentos Ilustrados para Nietos,[Sesión 24] CUENT - 024 Paso 1 Misterios Divertidos El fantasma que tenía miedo a la oscuridad (PDF),Disponible en Sesión 24. Paso 11: Cuentos Ilustrados para Nietos (Historias personalizadas con valores). Acceso directo al recurso interactivo.,https://javiercursocorreo-gif.github.io/Curso-IA/CLASES/EXPORTACION_FICHAS_CLASSROOM_PDF/100.%20%5BSESSIONS%5D%20TERNAS_LISTAS_PARA_CLASSROOM/24_Sesion/11.CUENT-024_Paso_1_Misterios%20Divertidos_%20El%20fantasma%20que%20ten%C3%ADa%20miedo%20a%20la%20oscuridad.pdf
,11. [CUENT] Cuentos Ilustrados para Nietos,[Sesión 24] CUENT - 024 Paso 2 Misterios Divertidos El fantasma que tenía miedo a la oscuridad (PDF),Disponible en Sesión 24. Paso 11: Cuentos Ilustrados para Nietos (Historias personalizadas con valores). Acceso directo al recurso interactivo.,https://javiercursocorreo-gif.github.io/Curso-IA/CLASES/EXPORTACION_FICHAS_CLASSROOM_PDF/100.%20%5BSESSIONS%5D%20TERNAS_LISTAS_PARA_CLASSROOM/24_Sesion/11.CUENT-024_Paso_2_Misterios%20Divertidos_%20El%20fantasma%20que%20ten%C3%ADa%20miedo%20a%20la%20oscuridad.pdf
,11. [CUENT] Cuentos Ilustrados para Nietos,[Sesión 24] CUENT - 024 Paso 3 Misterios Divertidos El fantasma que tenía miedo a la oscuridad (PDF),Disponible en Sesión 24. Paso 11: Cuentos Ilustrados para Nietos (Historias personalizadas con valores). Acceso directo al recurso interactivo.,https://javiercursocorreo-gif.github.io/Curso-IA/CLASES/EXPORTACION_FICHAS_CLASSROOM_PDF/100.%20%5BSESSIONS%5D%20TERNAS_LISTAS_PARA_CLASSROOM/24_Sesion/11.CUENT-024_Paso_3_Misterios%20Divertidos_%20El%20fantasma%20que%20ten%C3%ADa%20miedo%20a%20la%20oscuridad.pdf
,11. [CUENT] Cuentos Ilustrados para Nietos,[Sesión 25] CUENT - 025 Paso 0 Introduccion Proyecto (PDF),Disponible en Sesión 25. Paso 11: Cuentos Ilustrados para Nietos (Historias personalizadas con valores). Acceso directo al recurso interactivo.,https://javiercursocorreo-gif.github.io/Curso-IA/CLASES/EXPORTACION_FICHAS_CLASSROOM_PDF/100.%20%5BSESSIONS%5D%20TERNAS_LISTAS_PARA_CLASSROOM/25_Sesion/11.CUENT-025_Paso_0_Introduccion_Proyecto.pdf
,11. [CUENT] Cuentos Ilustrados para Nietos,[Sesión 25] CUENT - 025 Paso 1 Perros El delfín que guiaba a los barcos (PDF),Disponible en Sesión 25. Paso 11: Cuentos Ilustrados para Nietos (Historias personalizadas con valores). Acceso directo al recurso interactivo.,https://javiercursocorreo-gif.github.io/Curso-IA/CLASES/EXPORTACION_FICHAS_CLASSROOM_PDF/100.%20%5BSESSIONS%5D%20TERNAS_LISTAS_PARA_CLASSROOM/25_Sesion/11.CUENT-025_Paso_1_Perros_%20El%20delf%C3%ADn%20que%20guiaba%20a%20los%20barcos.pdf
,11. [CUENT] Cuentos Ilustrados para Nietos,[Sesión 25] CUENT - 025 Paso 2 Perros El delfín que guiaba a los barcos (PDF),Disponible en Sesión 25. Paso 11: Cuentos Ilustrados para Nietos (Historias personalizadas con valores). Acceso directo al recurso interactivo.,https://javiercursocorreo-gif.github.io/Curso-IA/CLASES/EXPORTACION_FICHAS_CLASSROOM_PDF/100.%20%5BSESSIONS%5D%20TERNAS_LISTAS_PARA_CLASSROOM/25_Sesion/11.CUENT-025_Paso_2_Perros_%20El%20delf%C3%ADn%20que%20guiaba%20a%20los%20barcos.pdf
,11. [CUENT] Cuentos Ilustrados para Nietos,[Sesión 25] CUENT - 025 Paso 3 Perros El delfín que guiaba a los barcos (PDF),Disponible en Sesión 25. Paso 11: Cuentos Ilustrados para Nietos (Historias personalizadas con valores). Acceso directo al recurso interactivo.,https://javiercursocorreo-gif.github.io/Curso-IA/CLASES/EXPORTACION_FICHAS_CLASSROOM_PDF/100.%20%5BSESSIONS%5D%20TERNAS_LISTAS_PARA_CLASSROOM/25_Sesion/11.CUENT-025_Paso_3_Perros_%20El%20delf%C3%ADn%20que%20guiaba%20a%20los%20barcos.pdf
,11. [CUENT] Cuentos Ilustrados para Nietos,[Sesión 26] CUENT - 026 Paso 0 Introduccion Proyecto (PDF),Disponible en Sesión 26. Paso 11: Cuentos Ilustrados para Nietos (Historias personalizadas con valores). Acceso directo al recurso interactivo.,https://javiercursocorreo-gif.github.io/Curso-IA/CLASES/EXPORTACION_FICHAS_CLASSROOM_PDF/100.%20%5BSESSIONS%5D%20TERNAS_LISTAS_PARA_CLASSROOM/26_Sesion/11.CUENT-026_Paso_0_Introduccion_Proyecto.pdf
,11. [CUENT] Cuentos Ilustrados para Nietos,[Sesión 26] CUENT - 026 Paso 1 Leyendas Tradicionales El pastorcillo y la estrella fugaz (PDF),Disponible en Sesión 26. Paso 11: Cuentos Ilustrados para Nietos (Historias personalizadas con valores). Acceso directo al recurso interactivo.,https://javiercursocorreo-gif.github.io/Curso-IA/CLASES/EXPORTACION_FICHAS_CLASSROOM_PDF/100.%20%5BSESSIONS%5D%20TERNAS_LISTAS_PARA_CLASSROOM/26_Sesion/11.CUENT-026_Paso_1_Leyendas%20Tradicionales_%20El%20pastorcillo%20y%20la%20estrella%20fugaz.pdf
,11. [CUENT] Cuentos Ilustrados para Nietos,[Sesión 26] CUENT - 026 Paso 2 Leyendas Tradicionales El pastorcillo y la estrella fugaz (PDF),Disponible en Sesión 26. Paso 11: Cuentos Ilustrados para Nietos (Historias personalizadas con valores). Acceso directo al recurso interactivo.,https://javiercursocorreo-gif.github.io/Curso-IA/CLASES/EXPORTACION_FICHAS_CLASSROOM_PDF/100.%20%5BSESSIONS%5D%20TERNAS_LISTAS_PARA_CLASSROOM/26_Sesion/11.CUENT-026_Paso_2_Leyendas%20Tradicionales_%20El%20pastorcillo%20y%20la%20estrella%20fugaz.pdf
,11. [CUENT] Cuentos Ilustrados para Nietos,[Sesión 26] CUENT - 026 Paso 3 Leyendas Tradicionales El pastorcillo y la estrella fugaz (PDF),Disponible en Sesión 26. Paso 11: Cuentos Ilustrados para Nietos (Historias personalizadas con valores). Acceso directo al recurso interactivo.,https://javiercursocorreo-gif.github.io/Curso-IA/CLASES/EXPORTACION_FICHAS_CLASSROOM_PDF/100.%20%5BSESSIONS%5D%20TERNAS_LISTAS_PARA_CLASSROOM/26_Sesion/11.CUENT-026_Paso_3_Leyendas%20Tradicionales_%20El%20pastorcillo%20y%20la%20estrella%20fugaz.pdf
,11. [CUENT] Cuentos Ilustrados para Nietos,[Sesión 27] CUENT - 027 Paso 0 Introduccion Proyecto (PDF),Disponible en Sesión 27. Paso 11: Cuentos Ilustrados para Nietos (Historias personalizadas con valores). Acceso directo al recurso interactivo.,https://javiercursocorreo-gif.github.io/Curso-IA/CLASES/EXPORTACION_FICHAS_CLASSROOM_PDF/100.%20%5BSESSIONS%5D%20TERNAS_LISTAS_PARA_CLASSROOM/27_Sesion/11.CUENT-027_Paso_0_Introduccion_Proyecto.pdf
,11. [CUENT] Cuentos Ilustrados para Nietos,[Sesión 27] CUENT - 027 Paso 1 Aventuras Históricas Reales Marie Curie y los polvos brillantes (PDF),Disponible en Sesión 27. Paso 11: Cuentos Ilustrados para Nietos (Historias personalizadas con valores). Acceso directo al recurso interactivo.,https://javiercursocorreo-gif.github.io/Curso-IA/CLASES/EXPORTACION_FICHAS_CLASSROOM_PDF/100.%20%5BSESSIONS%5D%20TERNAS_LISTAS_PARA_CLASSROOM/27_Sesion/11.CUENT-027_Paso_1_Aventuras%20Hist%C3%B3ricas%20Reales_%20Marie%20Curie%20y%20los%20polvos%20brillantes.pdf
,11. [CUENT] Cuentos Ilustrados para Nietos,[Sesión 27] CUENT - 027 Paso 2 Aventuras Históricas Reales Marie Curie y los polvos brillantes (PDF),Disponible en Sesión 27. Paso 11: Cuentos Ilustrados para Nietos (Historias personalizadas con valores). Acceso directo al recurso interactivo.,https://javiercursocorreo-gif.github.io/Curso-IA/CLASES/EXPORTACION_FICHAS_CLASSROOM_PDF/100.%20%5BSESSIONS%5D%20TERNAS_LISTAS_PARA_CLASSROOM/27_Sesion/11.CUENT-027_Paso_2_Aventuras%20Hist%C3%B3ricas%20Reales_%20Marie%20Curie%20y%20los%20polvos%20brillantes.pdf
,11. [CUENT] Cuentos Ilustrados para Nietos,[Sesión 27] CUENT - 027 Paso 3 Aventuras Históricas Reales Marie Curie y los polvos brillantes (PDF),Disponible en Sesión 27. Paso 11: Cuentos Ilustrados para Nietos (Historias personalizadas con valores). Acceso directo al recurso interactivo.,https://javiercursocorreo-gif.github.io/Curso-IA/CLASES/EXPORTACION_FICHAS_CLASSROOM_PDF/100.%20%5BSESSIONS%5D%20TERNAS_LISTAS_PARA_CLASSROOM/27_Sesion/11.CUENT-027_Paso_3_Aventuras%20Hist%C3%B3ricas%20Reales_%20Marie%20Curie%20y%20los%20polvos%20brillantes.pdf
,11. [CUENT] Cuentos Ilustrados para Nietos,[Sesión 28] CUENT - 028 Paso 0 Introduccion Proyecto (PDF),Disponible en Sesión 28. Paso 11: Cuentos Ilustrados para Nietos (Historias personalizadas con valores). Acceso directo al recurso interactivo.,https://javiercursocorreo-gif.github.io/Curso-IA/CLASES/EXPORTACION_FICHAS_CLASSROOM_PDF/100.%20%5BSESSIONS%5D%20TERNAS_LISTAS_PARA_CLASSROOM/28_Sesion/11.CUENT-028_Paso_0_Introduccion_Proyecto.pdf
,11. [CUENT] Cuentos Ilustrados para Nietos,[Sesión 28] CUENT - 028 Paso 1 Exploradores del Espacio El alienígena que probó el chocolate (PDF),Disponible en Sesión 28. Paso 11: Cuentos Ilustrados para Nietos (Historias personalizadas con valores). Acceso directo al recurso interactivo.,https://javiercursocorreo-gif.github.io/Curso-IA/CLASES/EXPORTACION_FICHAS_CLASSROOM_PDF/100.%20%5BSESSIONS%5D%20TERNAS_LISTAS_PARA_CLASSROOM/28_Sesion/11.CUENT-028_Paso_1_Exploradores%20del%20Espacio_%20El%20alien%C3%ADgena%20que%20prob%C3%B3%20el%20chocolate.pdf
,11. [CUENT] Cuentos Ilustrados para Nietos,[Sesión 28] CUENT - 028 Paso 2 Exploradores del Espacio El alienígena que probó el chocolate (PDF),Disponible en Sesión 28. Paso 11: Cuentos Ilustrados para Nietos (Historias personalizadas con valores). Acceso directo al recurso interactivo.,https://javiercursocorreo-gif.github.io/Curso-IA/CLASES/EXPORTACION_FICHAS_CLASSROOM_PDF/100.%20%5BSESSIONS%5D%20TERNAS_LISTAS_PARA_CLASSROOM/28_Sesion/11.CUENT-028_Paso_2_Exploradores%20del%20Espacio_%20El%20alien%C3%ADgena%20que%20prob%C3%B3%20el%20chocolate.pdf
,11. [CUENT] Cuentos Ilustrados para Nietos,[Sesión 28] CUENT - 028 Paso 3 Exploradores del Espacio El alienígena que probó el chocolate (PDF),Disponible en Sesión 28. Paso 11: Cuentos Ilustrados para Nietos (Historias personalizadas con valores). Acceso directo al recurso interactivo.,https://javiercursocorreo-gif.github.io/Curso-IA/CLASES/EXPORTACION_FICHAS_CLASSROOM_PDF/100.%20%5BSESSIONS%5D%20TERNAS_LISTAS_PARA_CLASSROOM/28_Sesion/11.CUENT-028_Paso_3_Exploradores%20del%20Espacio_%20El%20alien%C3%ADgena%20que%20prob%C3%B3%20el%20chocolate.pdf
,11. [CUENT] Cuentos Ilustrados para Nietos,[Sesión 29] CUENT - 029 Paso 0 Introduccion Proyecto (PDF),Disponible en Sesión 29. Paso 11: Cuentos Ilustrados para Nietos (Historias personalizadas con valores). Acceso directo al recurso interactivo.,https://javiercursocorreo-gif.github.io/Curso-IA/CLASES/EXPORTACION_FICHAS_CLASSROOM_PDF/100.%20%5BSESSIONS%5D%20TERNAS_LISTAS_PARA_CLASSROOM/29_Sesion/11.CUENT-029_Paso_0_Introduccion_Proyecto.pdf
,11. [CUENT] Cuentos Ilustrados para Nietos,[Sesión 29] CUENT - 029 Paso 1 Cuentos Personalizados El viaje en globo del abuelo y su nieta (PDF),Disponible en Sesión 29. Paso 11: Cuentos Ilustrados para Nietos (Historias personalizadas con valores). Acceso directo al recurso interactivo.,https://javiercursocorreo-gif.github.io/Curso-IA/CLASES/EXPORTACION_FICHAS_CLASSROOM_PDF/100.%20%5BSESSIONS%5D%20TERNAS_LISTAS_PARA_CLASSROOM/29_Sesion/11.CUENT-029_Paso_1_Cuentos%20Personalizados_%20El%20viaje%20en%20globo%20del%20abuelo%20y%20su%20nieta.pdf
,11. [CUENT] Cuentos Ilustrados para Nietos,[Sesión 29] CUENT - 029 Paso 2 Cuentos Personalizados El viaje en globo del abuelo y su nieta (PDF),Disponible en Sesión 29. Paso 11: Cuentos Ilustrados para Nietos (Historias personalizadas con valores). Acceso directo al recurso interactivo.,https://javiercursocorreo-gif.github.io/Curso-IA/CLASES/EXPORTACION_FICHAS_CLASSROOM_PDF/100.%20%5BSESSIONS%5D%20TERNAS_LISTAS_PARA_CLASSROOM/29_Sesion/11.CUENT-029_Paso_2_Cuentos%20Personalizados_%20El%20viaje%20en%20globo%20del%20abuelo%20y%20su%20nieta.pdf
,11. [CUENT] Cuentos Ilustrados para Nietos,[Sesión 29] CUENT - 029 Paso 3 Cuentos Personalizados El viaje en globo del abuelo y su nieta (PDF),Disponible en Sesión 29. Paso 11: Cuentos Ilustrados para Nietos (Historias personalizadas con valores). Acceso directo al recurso interactivo.,https://javiercursocorreo-gif.github.io/Curso-IA/CLASES/EXPORTACION_FICHAS_CLASSROOM_PDF/100.%20%5BSESSIONS%5D%20TERNAS_LISTAS_PARA_CLASSROOM/29_Sesion/11.CUENT-029_Paso_3_Cuentos%20Personalizados_%20El%20viaje%20en%20globo%20del%20abuelo%20y%20su%20nieta.pdf
,11. [CUENT] Cuentos Ilustrados para Nietos,[Sesión 30] CUENT - 030 Paso 0 Introduccion Proyecto (PDF),Disponible en Sesión 30. Paso 11: Cuentos Ilustrados para Nietos (Historias personalizadas con valores). Acceso directo al recurso interactivo.,https://javiercursocorreo-gif.github.io/Curso-IA/CLASES/EXPORTACION_FICHAS_CLASSROOM_PDF/100.%20%5BSESSIONS%5D%20TERNAS_LISTAS_PARA_CLASSROOM/30_Sesion/11.CUENT-030_Paso_0_Introduccion_Proyecto.pdf
,11. [CUENT] Cuentos Ilustrados para Nietos,[Sesión 30] CUENT - 030 Paso 1 Misterios Divertidos El enigma del loro que no quería hablar (PDF),Disponible en Sesión 30. Paso 11: Cuentos Ilustrados para Nietos (Historias personalizadas con valores). Acceso directo al recurso interactivo.,https://javiercursocorreo-gif.github.io/Curso-IA/CLASES/EXPORTACION_FICHAS_CLASSROOM_PDF/100.%20%5BSESSIONS%5D%20TERNAS_LISTAS_PARA_CLASSROOM/30_Sesion/11.CUENT-030_Paso_1_Misterios%20Divertidos_%20El%20enigma%20del%20loro%20que%20no%20quer%C3%ADa%20hablar.pdf
,11. [CUENT] Cuentos Ilustrados para Nietos,[Sesión 30] CUENT - 030 Paso 2 Misterios Divertidos El enigma del loro que no quería hablar (PDF),Disponible en Sesión 30. Paso 11: Cuentos Ilustrados para Nietos (Historias personalizadas con valores). Acceso directo al recurso interactivo.,https://javiercursocorreo-gif.github.io/Curso-IA/CLASES/EXPORTACION_FICHAS_CLASSROOM_PDF/100.%20%5BSESSIONS%5D%20TERNAS_LISTAS_PARA_CLASSROOM/30_Sesion/11.CUENT-030_Paso_2_Misterios%20Divertidos_%20El%20enigma%20del%20loro%20que%20no%20quer%C3%ADa%20hablar.pdf
,11. [CUENT] Cuentos Ilustrados para Nietos,[Sesión 30] CUENT - 030 Paso 3 Misterios Divertidos El enigma del loro que no quería hablar (PDF),Disponible en Sesión 30. Paso 11: Cuentos Ilustrados para Nietos (Historias personalizadas con valores). Acceso directo al recurso interactivo.,https://javiercursocorreo-gif.github.io/Curso-IA/CLASES/EXPORTACION_FICHAS_CLASSROOM_PDF/100.%20%5BSESSIONS%5D%20TERNAS_LISTAS_PARA_CLASSROOM/30_Sesion/11.CUENT-030_Paso_3_Misterios%20Divertidos_%20El%20enigma%20del%20loro%20que%20no%20quer%C3%ADa%20hablar.pdf
,11. [CUENT] Cuentos Ilustrados para Nietos,[Sesión 31] CUENT - 031 Paso 0 Introduccion Proyecto (PDF),Disponible en Sesión 31. Paso 11: Cuentos Ilustrados para Nietos (Historias personalizadas con valores). Acceso directo al recurso interactivo.,https://javiercursocorreo-gif.github.io/Curso-IA/CLASES/EXPORTACION_FICHAS_CLASSROOM_PDF/100.%20%5BSESSIONS%5D%20TERNAS_LISTAS_PARA_CLASSROOM/31_Sesion/11.CUENT-031_Paso_0_Introduccion_Proyecto.pdf
,11. [CUENT] Cuentos Ilustrados para Nietos,[Sesión 31] CUENT - 031 Paso 1 Perros El perro pastor que adoptó a un pato (PDF),Disponible en Sesión 31. Paso 11: Cuentos Ilustrados para Nietos (Historias personalizadas con valores). Acceso directo al recurso interactivo.,https://javiercursocorreo-gif.github.io/Curso-IA/CLASES/EXPORTACION_FICHAS_CLASSROOM_PDF/100.%20%5BSESSIONS%5D%20TERNAS_LISTAS_PARA_CLASSROOM/31_Sesion/11.CUENT-031_Paso_1_Perros_%20El%20perro%20pastor%20que%20adopt%C3%B3%20a%20un%20pato.pdf
,11. [CUENT] Cuentos Ilustrados para Nietos,[Sesión 31] CUENT - 031 Paso 2 Perros El perro pastor que adoptó a un pato (PDF),Disponible en Sesión 31. Paso 11: Cuentos Ilustrados para Nietos (Historias personalizadas con valores). Acceso directo al recurso interactivo.,https://javiercursocorreo-gif.github.io/Curso-IA/CLASES/EXPORTACION_FICHAS_CLASSROOM_PDF/100.%20%5BSESSIONS%5D%20TERNAS_LISTAS_PARA_CLASSROOM/31_Sesion/11.CUENT-031_Paso_2_Perros_%20El%20perro%20pastor%20que%20adopt%C3%B3%20a%20un%20pato.pdf
,11. [CUENT] Cuentos Ilustrados para Nietos,[Sesión 31] CUENT - 031 Paso 3 Perros El perro pastor que adoptó a un pato (PDF),Disponible en Sesión 31. Paso 11: Cuentos Ilustrados para Nietos (Historias personalizadas con valores). Acceso directo al recurso interactivo.,https://javiercursocorreo-gif.github.io/Curso-IA/CLASES/EXPORTACION_FICHAS_CLASSROOM_PDF/100.%20%5BSESSIONS%5D%20TERNAS_LISTAS_PARA_CLASSROOM/31_Sesion/11.CUENT-031_Paso_3_Perros_%20El%20perro%20pastor%20que%20adopt%C3%B3%20a%20un%20pato.pdf
,11. [CUENT] Cuentos Ilustrados para Nietos,[Sesión 32] CUENT - 032 Paso 0 Introduccion Proyecto (PDF),Disponible en Sesión 32. Paso 11: Cuentos Ilustrados para Nietos (Historias personalizadas con valores). Acceso directo al recurso interactivo.,https://javiercursocorreo-gif.github.io/Curso-IA/CLASES/EXPORTACION_FICHAS_CLASSROOM_PDF/100.%20%5BSESSIONS%5D%20TERNAS_LISTAS_PARA_CLASSROOM/32_Sesion/11.CUENT-032_Paso_0_Introduccion_Proyecto.pdf
,11. [CUENT] Cuentos Ilustrados para Nietos,[Sesión 32] CUENT - 032 Paso 1 Leyendas Tradicionales La montaña de cristal y el caballero (PDF),Disponible en Sesión 32. Paso 11: Cuentos Ilustrados para Nietos (Historias personalizadas con valores). Acceso directo al recurso interactivo.,https://javiercursocorreo-gif.github.io/Curso-IA/CLASES/EXPORTACION_FICHAS_CLASSROOM_PDF/100.%20%5BSESSIONS%5D%20TERNAS_LISTAS_PARA_CLASSROOM/32_Sesion/11.CUENT-032_Paso_1_Leyendas%20Tradicionales_%20La%20monta%C3%B1a%20de%20cristal%20y%20el%20caballero.pdf
,11. [CUENT] Cuentos Ilustrados para Nietos,[Sesión 32] CUENT - 032 Paso 2 Leyendas Tradicionales La montaña de cristal y el caballero (PDF),Disponible en Sesión 32. Paso 11: Cuentos Ilustrados para Nietos (Historias personalizadas con valores). Acceso directo al recurso interactivo.,https://javiercursocorreo-gif.github.io/Curso-IA/CLASES/EXPORTACION_FICHAS_CLASSROOM_PDF/100.%20%5BSESSIONS%5D%20TERNAS_LISTAS_PARA_CLASSROOM/32_Sesion/11.CUENT-032_Paso_2_Leyendas%20Tradicionales_%20La%20monta%C3%B1a%20de%20cristal%20y%20el%20caballero.pdf
,11. [CUENT] Cuentos Ilustrados para Nietos,[Sesión 32] CUENT - 032 Paso 3 Leyendas Tradicionales La montaña de cristal y el caballero (PDF),Disponible en Sesión 32. Paso 11: Cuentos Ilustrados para Nietos (Historias personalizadas con valores). Acceso directo al recurso interactivo.,https://javiercursocorreo-gif.github.io/Curso-IA/CLASES/EXPORTACION_FICHAS_CLASSROOM_PDF/100.%20%5BSESSIONS%5D%20TERNAS_LISTAS_PARA_CLASSROOM/32_Sesion/11.CUENT-032_Paso_3_Leyendas%20Tradicionales_%20La%20monta%C3%B1a%20de%20cristal%20y%20el%20caballero.pdf
,11. [CUENT] Cuentos Ilustrados para Nietos,[Sesión 33] CUENT - 033 Paso 0 Introduccion Proyecto (PDF),Disponible en Sesión 33. Paso 11: Cuentos Ilustrados para Nietos (Historias personalizadas con valores). Acceso directo al recurso interactivo.,https://javiercursocorreo-gif.github.io/Curso-IA/CLASES/EXPORTACION_FICHAS_CLASSROOM_PDF/100.%20%5BSESSIONS%5D%20TERNAS_LISTAS_PARA_CLASSROOM/33_Sesion/11.CUENT-033_Paso_0_Introduccion_Proyecto.pdf
,11. [CUENT] Cuentos Ilustrados para Nietos,[Sesión 33] CUENT - 033 Paso 1 Aventuras Históricas Reales Leonardo da Vinci soñando con volar (PDF),Disponible en Sesión 33. Paso 11: Cuentos Ilustrados para Nietos (Historias personalizadas con valores). Acceso directo al recurso interactivo.,https://javiercursocorreo-gif.github.io/Curso-IA/CLASES/EXPORTACION_FICHAS_CLASSROOM_PDF/100.%20%5BSESSIONS%5D%20TERNAS_LISTAS_PARA_CLASSROOM/33_Sesion/11.CUENT-033_Paso_1_Aventuras%20Hist%C3%B3ricas%20Reales_%20Leonardo%20da%20Vinci%20so%C3%B1ando%20con%20volar.pdf
,11. [CUENT] Cuentos Ilustrados para Nietos,[Sesión 33] CUENT - 033 Paso 2 Aventuras Históricas Reales Leonardo da Vinci soñando con volar (PDF),Disponible en Sesión 33. Paso 11: Cuentos Ilustrados para Nietos (Historias personalizadas con valores). Acceso directo al recurso interactivo.,https://javiercursocorreo-gif.github.io/Curso-IA/CLASES/EXPORTACION_FICHAS_CLASSROOM_PDF/100.%20%5BSESSIONS%5D%20TERNAS_LISTAS_PARA_CLASSROOM/33_Sesion/11.CUENT-033_Paso_2_Aventuras%20Hist%C3%B3ricas%20Reales_%20Leonardo%20da%20Vinci%20so%C3%B1ando%20con%20volar.pdf
,11. [CUENT] Cuentos Ilustrados para Nietos,[Sesión 33] CUENT - 033 Paso 3 Aventuras Históricas Reales Leonardo da Vinci soñando con volar (PDF),Disponible en Sesión 33. Paso 11: Cuentos Ilustrados para Nietos (Historias personalizadas con valores). Acceso directo al recurso interactivo.,https://javiercursocorreo-gif.github.io/Curso-IA/CLASES/EXPORTACION_FICHAS_CLASSROOM_PDF/100.%20%5BSESSIONS%5D%20TERNAS_LISTAS_PARA_CLASSROOM/33_Sesion/11.CUENT-033_Paso_3_Aventuras%20Hist%C3%B3ricas%20Reales_%20Leonardo%20da%20Vinci%20so%C3%B1ando%20con%20volar.pdf
,11. [CUENT] Cuentos Ilustrados para Nietos,[Sesión 34] CUENT - 034 Paso 0 Introduccion Proyecto (PDF),Disponible en Sesión 34. Paso 11: Cuentos Ilustrados para Nietos (Historias personalizadas con valores). Acceso directo al recurso interactivo.,https://javiercursocorreo-gif.github.io/Curso-IA/CLASES/EXPORTACION_FICHAS_CLASSROOM_PDF/100.%20%5BSESSIONS%5D%20TERNAS_LISTAS_PARA_CLASSROOM/34_Sesion/11.CUENT-034_Paso_0_Introduccion_Proyecto.pdf
,11. [CUENT] Cuentos Ilustrados para Nietos,[Sesión 34] CUENT - 034 Paso 1 Exploradores del Espacio La escuela flotante en los anillos de S (PDF),Disponible en Sesión 34. Paso 11: Cuentos Ilustrados para Nietos (Historias personalizadas con valores). Acceso directo al recurso interactivo.,https://javiercursocorreo-gif.github.io/Curso-IA/CLASES/EXPORTACION_FICHAS_CLASSROOM_PDF/100.%20%5BSESSIONS%5D%20TERNAS_LISTAS_PARA_CLASSROOM/34_Sesion/11.CUENT-034_Paso_1_Exploradores%20del%20Espacio_%20La%20escuela%20flotante%20en%20los%20anillos%20de%20S.pdf
,11. [CUENT] Cuentos Ilustrados para Nietos,[Sesión 34] CUENT - 034 Paso 2 Exploradores del Espacio La escuela flotante en los anillos de S (PDF),Disponible en Sesión 34. Paso 11: Cuentos Ilustrados para Nietos (Historias personalizadas con valores). Acceso directo al recurso interactivo.,https://javiercursocorreo-gif.github.io/Curso-IA/CLASES/EXPORTACION_FICHAS_CLASSROOM_PDF/100.%20%5BSESSIONS%5D%20TERNAS_LISTAS_PARA_CLASSROOM/34_Sesion/11.CUENT-034_Paso_2_Exploradores%20del%20Espacio_%20La%20escuela%20flotante%20en%20los%20anillos%20de%20S.pdf
,11. [CUENT] Cuentos Ilustrados para Nietos,[Sesión 34] CUENT - 034 Paso 3 Exploradores del Espacio La escuela flotante en los anillos de S (PDF),Disponible en Sesión 34. Paso 11: Cuentos Ilustrados para Nietos (Historias personalizadas con valores). Acceso directo al recurso interactivo.,https://javiercursocorreo-gif.github.io/Curso-IA/CLASES/EXPORTACION_FICHAS_CLASSROOM_PDF/100.%20%5BSESSIONS%5D%20TERNAS_LISTAS_PARA_CLASSROOM/34_Sesion/11.CUENT-034_Paso_3_Exploradores%20del%20Espacio_%20La%20escuela%20flotante%20en%20los%20anillos%20de%20S.pdf
,11. [CUENT] Cuentos Ilustrados para Nietos,[Sesión 35] CUENT - 035 Paso 0 Introduccion Proyecto (PDF),Disponible en Sesión 35. Paso 11: Cuentos Ilustrados para Nietos (Historias personalizadas con valores). Acceso directo al recurso interactivo.,https://javiercursocorreo-gif.github.io/Curso-IA/CLASES/EXPORTACION_FICHAS_CLASSROOM_PDF/100.%20%5BSESSIONS%5D%20TERNAS_LISTAS_PARA_CLASSROOM/35_Sesion/11.CUENT-035_Paso_0_Introduccion_Proyecto.pdf
,11. [CUENT] Cuentos Ilustrados para Nietos,[Sesión 35] CUENT - 035 Paso 1 Cuentos Personalizados El jardín secreto detrás de la casa de lo (PDF),Disponible en Sesión 35. Paso 11: Cuentos Ilustrados para Nietos (Historias personalizadas con valores). Acceso directo al recurso interactivo.,https://javiercursocorreo-gif.github.io/Curso-IA/CLASES/EXPORTACION_FICHAS_CLASSROOM_PDF/100.%20%5BSESSIONS%5D%20TERNAS_LISTAS_PARA_CLASSROOM/35_Sesion/11.CUENT-035_Paso_1_Cuentos%20Personalizados_%20El%20jard%C3%ADn%20secreto%20detr%C3%A1s%20de%20la%20casa%20de%20lo.pdf
,11. [CUENT] Cuentos Ilustrados para Nietos,[Sesión 35] CUENT - 035 Paso 2 Cuentos Personalizados El jardín secreto detrás de la casa de lo (PDF),Disponible en Sesión 35. Paso 11: Cuentos Ilustrados para Nietos (Historias personalizadas con valores). Acceso directo al recurso interactivo.,https://javiercursocorreo-gif.github.io/Curso-IA/CLASES/EXPORTACION_FICHAS_CLASSROOM_PDF/100.%20%5BSESSIONS%5D%20TERNAS_LISTAS_PARA_CLASSROOM/35_Sesion/11.CUENT-035_Paso_2_Cuentos%20Personalizados_%20El%20jard%C3%ADn%20secreto%20detr%C3%A1s%20de%20la%20casa%20de%20lo.pdf
,11. [CUENT] Cuentos Ilustrados para Nietos,[Sesión 35] CUENT - 035 Paso 3 Cuentos Personalizados El jardín secreto detrás de la casa de lo (PDF),Disponible en Sesión 35. Paso 11: Cuentos Ilustrados para Nietos (Historias personalizadas con valores). Acceso directo al recurso interactivo.,https://javiercursocorreo-gif.github.io/Curso-IA/CLASES/EXPORTACION_FICHAS_CLASSROOM_PDF/100.%20%5BSESSIONS%5D%20TERNAS_LISTAS_PARA_CLASSROOM/35_Sesion/11.CUENT-035_Paso_3_Cuentos%20Personalizados_%20El%20jard%C3%ADn%20secreto%20detr%C3%A1s%20de%20la%20casa%20de%20lo.pdf
,11. [CUENT] Cuentos Ilustrados para Nietos,[Sesión 36] CUENT - 036 Paso 0 Introduccion Proyecto (PDF),Disponible en Sesión 36. Paso 11: Cuentos Ilustrados para Nietos (Historias personalizadas con valores). Acceso directo al recurso interactivo.,https://javiercursocorreo-gif.github.io/Curso-IA/CLASES/EXPORTACION_FICHAS_CLASSROOM_PDF/100.%20%5BSESSIONS%5D%20TERNAS_LISTAS_PARA_CLASSROOM/36_Sesion/11.CUENT-036_Paso_0_Introduccion_Proyecto.pdf
,11. [CUENT] Cuentos Ilustrados para Nietos,[Sesión 36] CUENT - 036 Paso 1 Misterios Divertidos El misterio de las huellas de barro gigante (PDF),Disponible en Sesión 36. Paso 11: Cuentos Ilustrados para Nietos (Historias personalizadas con valores). Acceso directo al recurso interactivo.,https://javiercursocorreo-gif.github.io/Curso-IA/CLASES/EXPORTACION_FICHAS_CLASSROOM_PDF/100.%20%5BSESSIONS%5D%20TERNAS_LISTAS_PARA_CLASSROOM/36_Sesion/11.CUENT-036_Paso_1_Misterios%20Divertidos_%20El%20misterio%20de%20las%20huellas%20de%20barro%20gigante.pdf
,11. [CUENT] Cuentos Ilustrados para Nietos,[Sesión 36] CUENT - 036 Paso 2 Misterios Divertidos El misterio de las huellas de barro gigante (PDF),Disponible en Sesión 36. Paso 11: Cuentos Ilustrados para Nietos (Historias personalizadas con valores). Acceso directo al recurso interactivo.,https://javiercursocorreo-gif.github.io/Curso-IA/CLASES/EXPORTACION_FICHAS_CLASSROOM_PDF/100.%20%5BSESSIONS%5D%20TERNAS_LISTAS_PARA_CLASSROOM/36_Sesion/11.CUENT-036_Paso_2_Misterios%20Divertidos_%20El%20misterio%20de%20las%20huellas%20de%20barro%20gigante.pdf
,11. [CUENT] Cuentos Ilustrados para Nietos,[Sesión 36] CUENT - 036 Paso 3 Misterios Divertidos El misterio de las huellas de barro gigante (PDF),Disponible en Sesión 36. Paso 11: Cuentos Ilustrados para Nietos (Historias personalizadas con valores). Acceso directo al recurso interactivo.,https://javiercursocorreo-gif.github.io/Curso-IA/CLASES/EXPORTACION_FICHAS_CLASSROOM_PDF/100.%20%5BSESSIONS%5D%20TERNAS_LISTAS_PARA_CLASSROOM/36_Sesion/11.CUENT-036_Paso_3_Misterios%20Divertidos_%20El%20misterio%20de%20las%20huellas%20de%20barro%20gigante.pdf
,11. [CUENT] Cuentos Ilustrados para Nietos,[Sesión 37] CUENT - 037 Paso 0 Introduccion Proyecto (PDF),Disponible en Sesión 37. Paso 11: Cuentos Ilustrados para Nietos (Historias personalizadas con valores). Acceso directo al recurso interactivo.,https://javiercursocorreo-gif.github.io/Curso-IA/CLASES/EXPORTACION_FICHAS_CLASSROOM_PDF/100.%20%5BSESSIONS%5D%20TERNAS_LISTAS_PARA_CLASSROOM/37_Sesion/11.CUENT-037_Paso_0_Introduccion_Proyecto.pdf
,11. [CUENT] Cuentos Ilustrados para Nietos,[Sesión 37] CUENT - 037 Paso 1 Perros La tortuga que ganó la maratón del bosque (PDF),Disponible en Sesión 37. Paso 11: Cuentos Ilustrados para Nietos (Historias personalizadas con valores). Acceso directo al recurso interactivo.,https://javiercursocorreo-gif.github.io/Curso-IA/CLASES/EXPORTACION_FICHAS_CLASSROOM_PDF/100.%20%5BSESSIONS%5D%20TERNAS_LISTAS_PARA_CLASSROOM/37_Sesion/11.CUENT-037_Paso_1_Perros_%20La%20tortuga%20que%20gan%C3%B3%20la%20marat%C3%B3n%20del%20bosque.pdf
,11. [CUENT] Cuentos Ilustrados para Nietos,[Sesión 37] CUENT - 037 Paso 2 Perros La tortuga que ganó la maratón del bosque (PDF),Disponible en Sesión 37. Paso 11: Cuentos Ilustrados para Nietos (Historias personalizadas con valores). Acceso directo al recurso interactivo.,https://javiercursocorreo-gif.github.io/Curso-IA/CLASES/EXPORTACION_FICHAS_CLASSROOM_PDF/100.%20%5BSESSIONS%5D%20TERNAS_LISTAS_PARA_CLASSROOM/37_Sesion/11.CUENT-037_Paso_2_Perros_%20La%20tortuga%20que%20gan%C3%B3%20la%20marat%C3%B3n%20del%20bosque.pdf
,11. [CUENT] Cuentos Ilustrados para Nietos,[Sesión 37] CUENT - 037 Paso 3 Perros La tortuga que ganó la maratón del bosque (PDF),Disponible en Sesión 37. Paso 11: Cuentos Ilustrados para Nietos (Historias personalizadas con valores). Acceso directo al recurso interactivo.,https://javiercursocorreo-gif.github.io/Curso-IA/CLASES/EXPORTACION_FICHAS_CLASSROOM_PDF/100.%20%5BSESSIONS%5D%20TERNAS_LISTAS_PARA_CLASSROOM/37_Sesion/11.CUENT-037_Paso_3_Perros_%20La%20tortuga%20que%20gan%C3%B3%20la%20marat%C3%B3n%20del%20bosque.pdf
,11. [CUENT] Cuentos Ilustrados para Nietos,[Sesión 38] CUENT - 038 Paso 0 Introduccion Proyecto (PDF),Disponible en Sesión 38. Paso 11: Cuentos Ilustrados para Nietos (Historias personalizadas con valores). Acceso directo al recurso interactivo.,https://javiercursocorreo-gif.github.io/Curso-IA/CLASES/EXPORTACION_FICHAS_CLASSROOM_PDF/100.%20%5BSESSIONS%5D%20TERNAS_LISTAS_PARA_CLASSROOM/38_Sesion/11.CUENT-038_Paso_0_Introduccion_Proyecto.pdf
,11. [CUENT] Cuentos Ilustrados para Nietos,[Sesión 38] CUENT - 038 Paso 1 Leyendas Tradicionales El pescador y el pez de oro (PDF),Disponible en Sesión 38. Paso 11: Cuentos Ilustrados para Nietos (Historias personalizadas con valores). Acceso directo al recurso interactivo.,https://javiercursocorreo-gif.github.io/Curso-IA/CLASES/EXPORTACION_FICHAS_CLASSROOM_PDF/100.%20%5BSESSIONS%5D%20TERNAS_LISTAS_PARA_CLASSROOM/38_Sesion/11.CUENT-038_Paso_1_Leyendas%20Tradicionales_%20El%20pescador%20y%20el%20pez%20de%20oro.pdf
,11. [CUENT] Cuentos Ilustrados para Nietos,[Sesión 38] CUENT - 038 Paso 2 Leyendas Tradicionales El pescador y el pez de oro (PDF),Disponible en Sesión 38. Paso 11: Cuentos Ilustrados para Nietos (Historias personalizadas con valores). Acceso directo al recurso interactivo.,https://javiercursocorreo-gif.github.io/Curso-IA/CLASES/EXPORTACION_FICHAS_CLASSROOM_PDF/100.%20%5BSESSIONS%5D%20TERNAS_LISTAS_PARA_CLASSROOM/38_Sesion/11.CUENT-038_Paso_2_Leyendas%20Tradicionales_%20El%20pescador%20y%20el%20pez%20de%20oro.pdf
,11. [CUENT] Cuentos Ilustrados para Nietos,[Sesión 38] CUENT - 038 Paso 3 Leyendas Tradicionales El pescador y el pez de oro (PDF),Disponible en Sesión 38. Paso 11: Cuentos Ilustrados para Nietos (Historias personalizadas con valores). Acceso directo al recurso interactivo.,https://javiercursocorreo-gif.github.io/Curso-IA/CLASES/EXPORTACION_FICHAS_CLASSROOM_PDF/100.%20%5BSESSIONS%5D%20TERNAS_LISTAS_PARA_CLASSROOM/38_Sesion/11.CUENT-038_Paso_3_Leyendas%20Tradicionales_%20El%20pescador%20y%20el%20pez%20de%20oro.pdf
,11. [CUENT] Cuentos Ilustrados para Nietos,[Sesión 39] CUENT - 039 Paso 0 Introduccion Proyecto (PDF),Disponible en Sesión 39. Paso 11: Cuentos Ilustrados para Nietos (Historias personalizadas con valores). Acceso directo al recurso interactivo.,https://javiercursocorreo-gif.github.io/Curso-IA/CLASES/EXPORTACION_FICHAS_CLASSROOM_PDF/100.%20%5BSESSIONS%5D%20TERNAS_LISTAS_PARA_CLASSROOM/39_Sesion/11.CUENT-039_Paso_0_Introduccion_Proyecto.pdf
,11. [CUENT] Cuentos Ilustrados para Nietos,[Sesión 39] CUENT - 039 Paso 1 Aventuras Históricas Reales Cleopatra y la biblioteca de Alejand (PDF),Disponible en Sesión 39. Paso 11: Cuentos Ilustrados para Nietos (Historias personalizadas con valores). Acceso directo al recurso interactivo.,https://javiercursocorreo-gif.github.io/Curso-IA/CLASES/EXPORTACION_FICHAS_CLASSROOM_PDF/100.%20%5BSESSIONS%5D%20TERNAS_LISTAS_PARA_CLASSROOM/39_Sesion/11.CUENT-039_Paso_1_Aventuras%20Hist%C3%B3ricas%20Reales_%20Cleopatra%20y%20la%20biblioteca%20de%20Alejand.pdf
,11. [CUENT] Cuentos Ilustrados para Nietos,[Sesión 39] CUENT - 039 Paso 2 Aventuras Históricas Reales Cleopatra y la biblioteca de Alejand (PDF),Disponible en Sesión 39. Paso 11: Cuentos Ilustrados para Nietos (Historias personalizadas con valores). Acceso directo al recurso interactivo.,https://javiercursocorreo-gif.github.io/Curso-IA/CLASES/EXPORTACION_FICHAS_CLASSROOM_PDF/100.%20%5BSESSIONS%5D%20TERNAS_LISTAS_PARA_CLASSROOM/39_Sesion/11.CUENT-039_Paso_2_Aventuras%20Hist%C3%B3ricas%20Reales_%20Cleopatra%20y%20la%20biblioteca%20de%20Alejand.pdf
,11. [CUENT] Cuentos Ilustrados para Nietos,[Sesión 39] CUENT - 039 Paso 3 Aventuras Históricas Reales Cleopatra y la biblioteca de Alejand (PDF),Disponible en Sesión 39. Paso 11: Cuentos Ilustrados para Nietos (Historias personalizadas con valores). Acceso directo al recurso interactivo.,https://javiercursocorreo-gif.github.io/Curso-IA/CLASES/EXPORTACION_FICHAS_CLASSROOM_PDF/100.%20%5BSESSIONS%5D%20TERNAS_LISTAS_PARA_CLASSROOM/39_Sesion/11.CUENT-039_Paso_3_Aventuras%20Hist%C3%B3ricas%20Reales_%20Cleopatra%20y%20la%20biblioteca%20de%20Alejand.pdf
,11. [CUENT] Cuentos Ilustrados para Nietos,[Sesión 40] CUENT - 040 Paso 0 Introduccion Proyecto (PDF),Disponible en Sesión 40. Paso 11: Cuentos Ilustrados para Nietos (Historias personalizadas con valores). Acceso directo al recurso interactivo.,https://javiercursocorreo-gif.github.io/Curso-IA/CLASES/EXPORTACION_FICHAS_CLASSROOM_PDF/100.%20%5BSESSIONS%5D%20TERNAS_LISTAS_PARA_CLASSROOM/40_Sesion/11.CUENT-040_Paso_0_Introduccion_Proyecto.pdf
,11. [CUENT] Cuentos Ilustrados para Nietos,[Sesión 40] CUENT - 040 Paso 1 Exploradores del Espacio El astronauta que perdió sus llaves (PDF),Disponible en Sesión 40. Paso 11: Cuentos Ilustrados para Nietos (Historias personalizadas con valores). Acceso directo al recurso interactivo.,https://javiercursocorreo-gif.github.io/Curso-IA/CLASES/EXPORTACION_FICHAS_CLASSROOM_PDF/100.%20%5BSESSIONS%5D%20TERNAS_LISTAS_PARA_CLASSROOM/40_Sesion/11.CUENT-040_Paso_1_Exploradores%20del%20Espacio_%20El%20astronauta%20que%20perdi%C3%B3%20sus%20llaves.pdf
,11. [CUENT] Cuentos Ilustrados para Nietos,[Sesión 40] CUENT - 040 Paso 2 Exploradores del Espacio El astronauta que perdió sus llaves (PDF),Disponible en Sesión 40. Paso 11: Cuentos Ilustrados para Nietos (Historias personalizadas con valores). Acceso directo al recurso interactivo.,https://javiercursocorreo-gif.github.io/Curso-IA/CLASES/EXPORTACION_FICHAS_CLASSROOM_PDF/100.%20%5BSESSIONS%5D%20TERNAS_LISTAS_PARA_CLASSROOM/40_Sesion/11.CUENT-040_Paso_2_Exploradores%20del%20Espacio_%20El%20astronauta%20que%20perdi%C3%B3%20sus%20llaves.pdf
,11. [CUENT] Cuentos Ilustrados para Nietos,[Sesión 40] CUENT - 040 Paso 3 Exploradores del Espacio El astronauta que perdió sus llaves (PDF),Disponible en Sesión 40. Paso 11: Cuentos Ilustrados para Nietos (Historias personalizadas con valores). Acceso directo al recurso interactivo.,https://javiercursocorreo-gif.github.io/Curso-IA/CLASES/EXPORTACION_FICHAS_CLASSROOM_PDF/100.%20%5BSESSIONS%5D%20TERNAS_LISTAS_PARA_CLASSROOM/40_Sesion/11.CUENT-040_Paso_3_Exploradores%20del%20Espacio_%20El%20astronauta%20que%20perdi%C3%B3%20sus%20llaves.pdf
,11. [CUENT] Cuentos Ilustrados para Nietos,[Sesión 41] CUENT - 041 Paso 0 Introduccion Proyecto (PDF),Disponible en Sesión 41. Paso 11: Cuentos Ilustrados para Nietos (Historias personalizadas con valores). Acceso directo al recurso interactivo.,https://javiercursocorreo-gif.github.io/Curso-IA/CLASES/EXPORTACION_FICHAS_CLASSROOM_PDF/100.%20%5BSESSIONS%5D%20TERNAS_LISTAS_PARA_CLASSROOM/41_Sesion/11.CUENT-041_Paso_0_Introduccion_Proyecto.pdf
,11. [CUENT] Cuentos Ilustrados para Nietos,[Sesión 41] CUENT - 041 Paso 1 Cuentos Personalizados Cuando el abuelo enseñó a montar en bicic (PDF),Disponible en Sesión 41. Paso 11: Cuentos Ilustrados para Nietos (Historias personalizadas con valores). Acceso directo al recurso interactivo.,https://javiercursocorreo-gif.github.io/Curso-IA/CLASES/EXPORTACION_FICHAS_CLASSROOM_PDF/100.%20%5BSESSIONS%5D%20TERNAS_LISTAS_PARA_CLASSROOM/41_Sesion/11.CUENT-041_Paso_1_Cuentos%20Personalizados_%20Cuando%20el%20abuelo%20ense%C3%B1%C3%B3%20a%20montar%20en%20bicic.pdf
,11. [CUENT] Cuentos Ilustrados para Nietos,[Sesión 41] CUENT - 041 Paso 2 Cuentos Personalizados Cuando el abuelo enseñó a montar en bicic (PDF),Disponible en Sesión 41. Paso 11: Cuentos Ilustrados para Nietos (Historias personalizadas con valores). Acceso directo al recurso interactivo.,https://javiercursocorreo-gif.github.io/Curso-IA/CLASES/EXPORTACION_FICHAS_CLASSROOM_PDF/100.%20%5BSESSIONS%5D%20TERNAS_LISTAS_PARA_CLASSROOM/41_Sesion/11.CUENT-041_Paso_2_Cuentos%20Personalizados_%20Cuando%20el%20abuelo%20ense%C3%B1%C3%B3%20a%20montar%20en%20bicic.pdf
,11. [CUENT] Cuentos Ilustrados para Nietos,[Sesión 41] CUENT - 041 Paso 3 Cuentos Personalizados Cuando el abuelo enseñó a montar en bicic (PDF),Disponible en Sesión 41. Paso 11: Cuentos Ilustrados para Nietos (Historias personalizadas con valores). Acceso directo al recurso interactivo.,https://javiercursocorreo-gif.github.io/Curso-IA/CLASES/EXPORTACION_FICHAS_CLASSROOM_PDF/100.%20%5BSESSIONS%5D%20TERNAS_LISTAS_PARA_CLASSROOM/41_Sesion/11.CUENT-041_Paso_3_Cuentos%20Personalizados_%20Cuando%20el%20abuelo%20ense%C3%B1%C3%B3%20a%20montar%20en%20bicic.pdf
,11. [CUENT] Cuentos Ilustrados para Nietos,[Sesión 42] CUENT - 042 Paso 0 Introduccion Proyecto (PDF),Disponible en Sesión 42. Paso 11: Cuentos Ilustrados para Nietos (Historias personalizadas con valores). Acceso directo al recurso interactivo.,https://javiercursocorreo-gif.github.io/Curso-IA/CLASES/EXPORTACION_FICHAS_CLASSROOM_PDF/100.%20%5BSESSIONS%5D%20TERNAS_LISTAS_PARA_CLASSROOM/42_Sesion/11.CUENT-042_Paso_0_Introduccion_Proyecto.pdf
,11. [CUENT] Cuentos Ilustrados para Nietos,[Sesión 42] CUENT - 042 Paso 1 Misterios Divertidos La lupa mágica que veía colores ocultos (PDF),Disponible en Sesión 42. Paso 11: Cuentos Ilustrados para Nietos (Historias personalizadas con valores). Acceso directo al recurso interactivo.,https://javiercursocorreo-gif.github.io/Curso-IA/CLASES/EXPORTACION_FICHAS_CLASSROOM_PDF/100.%20%5BSESSIONS%5D%20TERNAS_LISTAS_PARA_CLASSROOM/42_Sesion/11.CUENT-042_Paso_1_Misterios%20Divertidos_%20La%20lupa%20m%C3%A1gica%20que%20ve%C3%ADa%20colores%20ocultos.pdf
,11. [CUENT] Cuentos Ilustrados para Nietos,[Sesión 42] CUENT - 042 Paso 2 Misterios Divertidos La lupa mágica que veía colores ocultos (PDF),Disponible en Sesión 42. Paso 11: Cuentos Ilustrados para Nietos (Historias personalizadas con valores). Acceso directo al recurso interactivo.,https://javiercursocorreo-gif.github.io/Curso-IA/CLASES/EXPORTACION_FICHAS_CLASSROOM_PDF/100.%20%5BSESSIONS%5D%20TERNAS_LISTAS_PARA_CLASSROOM/42_Sesion/11.CUENT-042_Paso_2_Misterios%20Divertidos_%20La%20lupa%20m%C3%A1gica%20que%20ve%C3%ADa%20colores%20ocultos.pdf
,11. [CUENT] Cuentos Ilustrados para Nietos,[Sesión 42] CUENT - 042 Paso 3 Misterios Divertidos La lupa mágica que veía colores ocultos (PDF),Disponible en Sesión 42. Paso 11: Cuentos Ilustrados para Nietos (Historias personalizadas con valores). Acceso directo al recurso interactivo.,https://javiercursocorreo-gif.github.io/Curso-IA/CLASES/EXPORTACION_FICHAS_CLASSROOM_PDF/100.%20%5BSESSIONS%5D%20TERNAS_LISTAS_PARA_CLASSROOM/42_Sesion/11.CUENT-042_Paso_3_Misterios%20Divertidos_%20La%20lupa%20m%C3%A1gica%20que%20ve%C3%ADa%20colores%20ocultos.pdf
,11. [CUENT] Cuentos Ilustrados para Nietos,[Sesión 43] CUENT - 043 Paso 0 Introduccion Proyecto (PDF),Disponible en Sesión 43. Paso 11: Cuentos Ilustrados para Nietos (Historias personalizadas con valores). Acceso directo al recurso interactivo.,https://javiercursocorreo-gif.github.io/Curso-IA/CLASES/EXPORTACION_FICHAS_CLASSROOM_PDF/100.%20%5BSESSIONS%5D%20TERNAS_LISTAS_PARA_CLASSROOM/43_Sesion/11.CUENT-043_Paso_0_Introduccion_Proyecto.pdf
,11. [CUENT] Cuentos Ilustrados para Nietos,[Sesión 43] CUENT - 043 Paso 1 Perros El oso que no quería dormir en invierno (PDF),Disponible en Sesión 43. Paso 11: Cuentos Ilustrados para Nietos (Historias personalizadas con valores). Acceso directo al recurso interactivo.,https://javiercursocorreo-gif.github.io/Curso-IA/CLASES/EXPORTACION_FICHAS_CLASSROOM_PDF/100.%20%5BSESSIONS%5D%20TERNAS_LISTAS_PARA_CLASSROOM/43_Sesion/11.CUENT-043_Paso_1_Perros_%20El%20oso%20que%20no%20quer%C3%ADa%20dormir%20en%20invierno.pdf
,11. [CUENT] Cuentos Ilustrados para Nietos,[Sesión 43] CUENT - 043 Paso 2 Perros El oso que no quería dormir en invierno (PDF),Disponible en Sesión 43. Paso 11: Cuentos Ilustrados para Nietos (Historias personalizadas con valores). Acceso directo al recurso interactivo.,https://javiercursocorreo-gif.github.io/Curso-IA/CLASES/EXPORTACION_FICHAS_CLASSROOM_PDF/100.%20%5BSESSIONS%5D%20TERNAS_LISTAS_PARA_CLASSROOM/43_Sesion/11.CUENT-043_Paso_2_Perros_%20El%20oso%20que%20no%20quer%C3%ADa%20dormir%20en%20invierno.pdf
,11. [CUENT] Cuentos Ilustrados para Nietos,[Sesión 43] CUENT - 043 Paso 3 Perros El oso que no quería dormir en invierno (PDF),Disponible en Sesión 43. Paso 11: Cuentos Ilustrados para Nietos (Historias personalizadas con valores). Acceso directo al recurso interactivo.,https://javiercursocorreo-gif.github.io/Curso-IA/CLASES/EXPORTACION_FICHAS_CLASSROOM_PDF/100.%20%5BSESSIONS%5D%20TERNAS_LISTAS_PARA_CLASSROOM/43_Sesion/11.CUENT-043_Paso_3_Perros_%20El%20oso%20que%20no%20quer%C3%ADa%20dormir%20en%20invierno.pdf
,11. [CUENT] Cuentos Ilustrados para Nietos,[Sesión 44] CUENT - 044 Paso 0 Introduccion Proyecto (PDF),Disponible en Sesión 44. Paso 11: Cuentos Ilustrados para Nietos (Historias personalizadas con valores). Acceso directo al recurso interactivo.,https://javiercursocorreo-gif.github.io/Curso-IA/CLASES/EXPORTACION_FICHAS_CLASSROOM_PDF/100.%20%5BSESSIONS%5D%20TERNAS_LISTAS_PARA_CLASSROOM/44_Sesion/11.CUENT-044_Paso_0_Introduccion_Proyecto.pdf
,11. [CUENT] Cuentos Ilustrados para Nietos,[Sesión 44] CUENT - 044 Paso 1 Leyendas Tradicionales El flautista de la aldea feliz (PDF),Disponible en Sesión 44. Paso 11: Cuentos Ilustrados para Nietos (Historias personalizadas con valores). Acceso directo al recurso interactivo.,https://javiercursocorreo-gif.github.io/Curso-IA/CLASES/EXPORTACION_FICHAS_CLASSROOM_PDF/100.%20%5BSESSIONS%5D%20TERNAS_LISTAS_PARA_CLASSROOM/44_Sesion/11.CUENT-044_Paso_1_Leyendas%20Tradicionales_%20El%20flautista%20de%20la%20aldea%20feliz.pdf
,11. [CUENT] Cuentos Ilustrados para Nietos,[Sesión 44] CUENT - 044 Paso 2 Leyendas Tradicionales El flautista de la aldea feliz (PDF),Disponible en Sesión 44. Paso 11: Cuentos Ilustrados para Nietos (Historias personalizadas con valores). Acceso directo al recurso interactivo.,https://javiercursocorreo-gif.github.io/Curso-IA/CLASES/EXPORTACION_FICHAS_CLASSROOM_PDF/100.%20%5BSESSIONS%5D%20TERNAS_LISTAS_PARA_CLASSROOM/44_Sesion/11.CUENT-044_Paso_2_Leyendas%20Tradicionales_%20El%20flautista%20de%20la%20aldea%20feliz.pdf
,11. [CUENT] Cuentos Ilustrados para Nietos,[Sesión 44] CUENT - 044 Paso 3 Leyendas Tradicionales El flautista de la aldea feliz (PDF),Disponible en Sesión 44. Paso 11: Cuentos Ilustrados para Nietos (Historias personalizadas con valores). Acceso directo al recurso interactivo.,https://javiercursocorreo-gif.github.io/Curso-IA/CLASES/EXPORTACION_FICHAS_CLASSROOM_PDF/100.%20%5BSESSIONS%5D%20TERNAS_LISTAS_PARA_CLASSROOM/44_Sesion/11.CUENT-044_Paso_3_Leyendas%20Tradicionales_%20El%20flautista%20de%20la%20aldea%20feliz.pdf
,11. [CUENT] Cuentos Ilustrados para Nietos,[Sesión 45] CUENT - 045 Paso 0 Introduccion Proyecto (PDF),Disponible en Sesión 45. Paso 11: Cuentos Ilustrados para Nietos (Historias personalizadas con valores). Acceso directo al recurso interactivo.,https://javiercursocorreo-gif.github.io/Curso-IA/CLASES/EXPORTACION_FICHAS_CLASSROOM_PDF/100.%20%5BSESSIONS%5D%20TERNAS_LISTAS_PARA_CLASSROOM/45_Sesion/11.CUENT-045_Paso_0_Introduccion_Proyecto.pdf
,11. [CUENT] Cuentos Ilustrados para Nietos,[Sesión 45] CUENT - 045 Paso 1 Aventuras Históricas Reales Mozart el niño prodigio (PDF),Disponible en Sesión 45. Paso 11: Cuentos Ilustrados para Nietos (Historias personalizadas con valores). Acceso directo al recurso interactivo.,https://javiercursocorreo-gif.github.io/Curso-IA/CLASES/EXPORTACION_FICHAS_CLASSROOM_PDF/100.%20%5BSESSIONS%5D%20TERNAS_LISTAS_PARA_CLASSROOM/45_Sesion/11.CUENT-045_Paso_1_Aventuras%20Hist%C3%B3ricas%20Reales_%20Mozart%20el%20ni%C3%B1o%20prodigio.pdf
,11. [CUENT] Cuentos Ilustrados para Nietos,[Sesión 45] CUENT - 045 Paso 2 Aventuras Históricas Reales Mozart el niño prodigio (PDF),Disponible en Sesión 45. Paso 11: Cuentos Ilustrados para Nietos (Historias personalizadas con valores). Acceso directo al recurso interactivo.,https://javiercursocorreo-gif.github.io/Curso-IA/CLASES/EXPORTACION_FICHAS_CLASSROOM_PDF/100.%20%5BSESSIONS%5D%20TERNAS_LISTAS_PARA_CLASSROOM/45_Sesion/11.CUENT-045_Paso_2_Aventuras%20Hist%C3%B3ricas%20Reales_%20Mozart%20el%20ni%C3%B1o%20prodigio.pdf
,11. [CUENT] Cuentos Ilustrados para Nietos,[Sesión 45] CUENT - 045 Paso 3 Aventuras Históricas Reales Mozart el niño prodigio (PDF),Disponible en Sesión 45. Paso 11: Cuentos Ilustrados para Nietos (Historias personalizadas con valores). Acceso directo al recurso interactivo.,https://javiercursocorreo-gif.github.io/Curso-IA/CLASES/EXPORTACION_FICHAS_CLASSROOM_PDF/100.%20%5BSESSIONS%5D%20TERNAS_LISTAS_PARA_CLASSROOM/45_Sesion/11.CUENT-045_Paso_3_Aventuras%20Hist%C3%B3ricas%20Reales_%20Mozart%20el%20ni%C3%B1o%20prodigio.pdf
,11. [CUENT] Cuentos Ilustrados para Nietos,[Sesión 46] CUENT - 046 Paso 0 Introduccion Proyecto (PDF),Disponible en Sesión 46. Paso 11: Cuentos Ilustrados para Nietos (Historias personalizadas con valores). Acceso directo al recurso interactivo.,https://javiercursocorreo-gif.github.io/Curso-IA/CLASES/EXPORTACION_FICHAS_CLASSROOM_PDF/100.%20%5BSESSIONS%5D%20TERNAS_LISTAS_PARA_CLASSROOM/46_Sesion/11.CUENT-046_Paso_0_Introduccion_Proyecto.pdf
,11. [CUENT] Cuentos Ilustrados para Nietos,[Sesión 46] CUENT - 046 Paso 1 Exploradores del Espacio El reloj que podía viajar al futuro (PDF),Disponible en Sesión 46. Paso 11: Cuentos Ilustrados para Nietos (Historias personalizadas con valores). Acceso directo al recurso interactivo.,https://javiercursocorreo-gif.github.io/Curso-IA/CLASES/EXPORTACION_FICHAS_CLASSROOM_PDF/100.%20%5BSESSIONS%5D%20TERNAS_LISTAS_PARA_CLASSROOM/46_Sesion/11.CUENT-046_Paso_1_Exploradores%20del%20Espacio_%20El%20reloj%20que%20pod%C3%ADa%20viajar%20al%20futuro.pdf
,11. [CUENT] Cuentos Ilustrados para Nietos,[Sesión 46] CUENT - 046 Paso 2 Exploradores del Espacio El reloj que podía viajar al futuro (PDF),Disponible en Sesión 46. Paso 11: Cuentos Ilustrados para Nietos (Historias personalizadas con valores). Acceso directo al recurso interactivo.,https://javiercursocorreo-gif.github.io/Curso-IA/CLASES/EXPORTACION_FICHAS_CLASSROOM_PDF/100.%20%5BSESSIONS%5D%20TERNAS_LISTAS_PARA_CLASSROOM/46_Sesion/11.CUENT-046_Paso_2_Exploradores%20del%20Espacio_%20El%20reloj%20que%20pod%C3%ADa%20viajar%20al%20futuro.pdf
,11. [CUENT] Cuentos Ilustrados para Nietos,[Sesión 46] CUENT - 046 Paso 3 Exploradores del Espacio El reloj que podía viajar al futuro (PDF),Disponible en Sesión 46. Paso 11: Cuentos Ilustrados para Nietos (Historias personalizadas con valores). Acceso directo al recurso interactivo.,https://javiercursocorreo-gif.github.io/Curso-IA/CLASES/EXPORTACION_FICHAS_CLASSROOM_PDF/100.%20%5BSESSIONS%5D%20TERNAS_LISTAS_PARA_CLASSROOM/46_Sesion/11.CUENT-046_Paso_3_Exploradores%20del%20Espacio_%20El%20reloj%20que%20pod%C3%ADa%20viajar%20al%20futuro.pdf
,11. [CUENT] Cuentos Ilustrados para Nietos,[Sesión 47] CUENT - 047 Paso 0 Introduccion Proyecto (PDF),Disponible en Sesión 47. Paso 11: Cuentos Ilustrados para Nietos (Historias personalizadas con valores). Acceso directo al recurso interactivo.,https://javiercursocorreo-gif.github.io/Curso-IA/CLASES/EXPORTACION_FICHAS_CLASSROOM_PDF/100.%20%5BSESSIONS%5D%20TERNAS_LISTAS_PARA_CLASSROOM/47_Sesion/11.CUENT-047_Paso_0_Introduccion_Proyecto.pdf
,11. [CUENT] Cuentos Ilustrados para Nietos,[Sesión 47] CUENT - 047 Paso 1 Cuentos Personalizados La abuela cuenta cómo era la vida sin int (PDF),Disponible en Sesión 47. Paso 11: Cuentos Ilustrados para Nietos (Historias personalizadas con valores). Acceso directo al recurso interactivo.,https://javiercursocorreo-gif.github.io/Curso-IA/CLASES/EXPORTACION_FICHAS_CLASSROOM_PDF/100.%20%5BSESSIONS%5D%20TERNAS_LISTAS_PARA_CLASSROOM/47_Sesion/11.CUENT-047_Paso_1_Cuentos%20Personalizados_%20La%20abuela%20cuenta%20c%C3%B3mo%20era%20la%20vida%20sin%20int.pdf
,11. [CUENT] Cuentos Ilustrados para Nietos,[Sesión 47] CUENT - 047 Paso 2 Cuentos Personalizados La abuela cuenta cómo era la vida sin int (PDF),Disponible en Sesión 47. Paso 11: Cuentos Ilustrados para Nietos (Historias personalizadas con valores). Acceso directo al recurso interactivo.,https://javiercursocorreo-gif.github.io/Curso-IA/CLASES/EXPORTACION_FICHAS_CLASSROOM_PDF/100.%20%5BSESSIONS%5D%20TERNAS_LISTAS_PARA_CLASSROOM/47_Sesion/11.CUENT-047_Paso_2_Cuentos%20Personalizados_%20La%20abuela%20cuenta%20c%C3%B3mo%20era%20la%20vida%20sin%20int.pdf
,11. [CUENT] Cuentos Ilustrados para Nietos,[Sesión 47] CUENT - 047 Paso 3 Cuentos Personalizados La abuela cuenta cómo era la vida sin int (PDF),Disponible en Sesión 47. Paso 11: Cuentos Ilustrados para Nietos (Historias personalizadas con valores). Acceso directo al recurso interactivo.,https://javiercursocorreo-gif.github.io/Curso-IA/CLASES/EXPORTACION_FICHAS_CLASSROOM_PDF/100.%20%5BSESSIONS%5D%20TERNAS_LISTAS_PARA_CLASSROOM/47_Sesion/11.CUENT-047_Paso_3_Cuentos%20Personalizados_%20La%20abuela%20cuenta%20c%C3%B3mo%20era%20la%20vida%20sin%20int.pdf
,11. [CUENT] Cuentos Ilustrados para Nietos,[Sesión 48] CUENT - 048 Paso 0 Introduccion Proyecto (PDF),Disponible en Sesión 48. Paso 11: Cuentos Ilustrados para Nietos (Historias personalizadas con valores). Acceso directo al recurso interactivo.,https://javiercursocorreo-gif.github.io/Curso-IA/CLASES/EXPORTACION_FICHAS_CLASSROOM_PDF/100.%20%5BSESSIONS%5D%20TERNAS_LISTAS_PARA_CLASSROOM/48_Sesion/11.CUENT-048_Paso_0_Introduccion_Proyecto.pdf
,11. [CUENT] Cuentos Ilustrados para Nietos,[Sesión 48] CUENT - 048 Paso 1 Misterios Divertidos El caso del juguete que se movía solo (PDF),Disponible en Sesión 48. Paso 11: Cuentos Ilustrados para Nietos (Historias personalizadas con valores). Acceso directo al recurso interactivo.,https://javiercursocorreo-gif.github.io/Curso-IA/CLASES/EXPORTACION_FICHAS_CLASSROOM_PDF/100.%20%5BSESSIONS%5D%20TERNAS_LISTAS_PARA_CLASSROOM/48_Sesion/11.CUENT-048_Paso_1_Misterios%20Divertidos_%20El%20caso%20del%20juguete%20que%20se%20mov%C3%ADa%20solo.pdf
,11. [CUENT] Cuentos Ilustrados para Nietos,[Sesión 48] CUENT - 048 Paso 2 Misterios Divertidos El caso del juguete que se movía solo (PDF),Disponible en Sesión 48. Paso 11: Cuentos Ilustrados para Nietos (Historias personalizadas con valores). Acceso directo al recurso interactivo.,https://javiercursocorreo-gif.github.io/Curso-IA/CLASES/EXPORTACION_FICHAS_CLASSROOM_PDF/100.%20%5BSESSIONS%5D%20TERNAS_LISTAS_PARA_CLASSROOM/48_Sesion/11.CUENT-048_Paso_2_Misterios%20Divertidos_%20El%20caso%20del%20juguete%20que%20se%20mov%C3%ADa%20solo.pdf
,11. [CUENT] Cuentos Ilustrados para Nietos,[Sesión 48] CUENT - 048 Paso 3 Misterios Divertidos El caso del juguete que se movía solo (PDF),Disponible en Sesión 48. Paso 11: Cuentos Ilustrados para Nietos (Historias personalizadas con valores). Acceso directo al recurso interactivo.,https://javiercursocorreo-gif.github.io/Curso-IA/CLASES/EXPORTACION_FICHAS_CLASSROOM_PDF/100.%20%5BSESSIONS%5D%20TERNAS_LISTAS_PARA_CLASSROOM/48_Sesion/11.CUENT-048_Paso_3_Misterios%20Divertidos_%20El%20caso%20del%20juguete%20que%20se%20mov%C3%ADa%20solo.pdf
,11. [CUENT] Cuentos Ilustrados para Nietos,[Sesión 49] CUENT - 049 Paso 0 Introduccion Proyecto (PDF),Disponible en Sesión 49. Paso 11: Cuentos Ilustrados para Nietos (Historias personalizadas con valores). Acceso directo al recurso interactivo.,https://javiercursocorreo-gif.github.io/Curso-IA/CLASES/EXPORTACION_FICHAS_CLASSROOM_PDF/100.%20%5BSESSIONS%5D%20TERNAS_LISTAS_PARA_CLASSROOM/49_Sesion/11.CUENT-049_Paso_0_Introduccion_Proyecto.pdf
,11. [CUENT] Cuentos Ilustrados para Nietos,[Sesión 49] CUENT - 049 Paso 1 Perros El pingüino que construyó un trineo (PDF),Disponible en Sesión 49. Paso 11: Cuentos Ilustrados para Nietos (Historias personalizadas con valores). Acceso directo al recurso interactivo.,https://javiercursocorreo-gif.github.io/Curso-IA/CLASES/EXPORTACION_FICHAS_CLASSROOM_PDF/100.%20%5BSESSIONS%5D%20TERNAS_LISTAS_PARA_CLASSROOM/49_Sesion/11.CUENT-049_Paso_1_Perros_%20El%20ping%C3%BCino%20que%20construy%C3%B3%20un%20trineo.pdf
,11. [CUENT] Cuentos Ilustrados para Nietos,[Sesión 49] CUENT - 049 Paso 2 Perros El pingüino que construyó un trineo (PDF),Disponible en Sesión 49. Paso 11: Cuentos Ilustrados para Nietos (Historias personalizadas con valores). Acceso directo al recurso interactivo.,https://javiercursocorreo-gif.github.io/Curso-IA/CLASES/EXPORTACION_FICHAS_CLASSROOM_PDF/100.%20%5BSESSIONS%5D%20TERNAS_LISTAS_PARA_CLASSROOM/49_Sesion/11.CUENT-049_Paso_2_Perros_%20El%20ping%C3%BCino%20que%20construy%C3%B3%20un%20trineo.pdf
,11. [CUENT] Cuentos Ilustrados para Nietos,[Sesión 49] CUENT - 049 Paso 3 Perros El pingüino que construyó un trineo (PDF),Disponible en Sesión 49. Paso 11: Cuentos Ilustrados para Nietos (Historias personalizadas con valores). Acceso directo al recurso interactivo.,https://javiercursocorreo-gif.github.io/Curso-IA/CLASES/EXPORTACION_FICHAS_CLASSROOM_PDF/100.%20%5BSESSIONS%5D%20TERNAS_LISTAS_PARA_CLASSROOM/49_Sesion/11.CUENT-049_Paso_3_Perros_%20El%20ping%C3%BCino%20que%20construy%C3%B3%20un%20trineo.pdf
,11. [CUENT] Cuentos Ilustrados para Nietos,[Sesión 50] CUENT - 050 Paso 0 Introduccion Proyecto (PDF),Disponible en Sesión 50. Paso 11: Cuentos Ilustrados para Nietos (Historias personalizadas con valores). Acceso directo al recurso interactivo.,https://javiercursocorreo-gif.github.io/Curso-IA/CLASES/EXPORTACION_FICHAS_CLASSROOM_PDF/100.%20%5BSESSIONS%5D%20TERNAS_LISTAS_PARA_CLASSROOM/50_Sesion/11.CUENT-050_Paso_0_Introduccion_Proyecto.pdf
,11. [CUENT] Cuentos Ilustrados para Nietos,[Sesión 50] CUENT - 050 Paso 1 Leyendas Tradicionales La leyenda del guardián del fuego (PDF),Disponible en Sesión 50. Paso 11: Cuentos Ilustrados para Nietos (Historias personalizadas con valores). Acceso directo al recurso interactivo.,https://javiercursocorreo-gif.github.io/Curso-IA/CLASES/EXPORTACION_FICHAS_CLASSROOM_PDF/100.%20%5BSESSIONS%5D%20TERNAS_LISTAS_PARA_CLASSROOM/50_Sesion/11.CUENT-050_Paso_1_Leyendas%20Tradicionales_%20La%20leyenda%20del%20guardi%C3%A1n%20del%20fuego.pdf
,11. [CUENT] Cuentos Ilustrados para Nietos,[Sesión 50] CUENT - 050 Paso 2 Leyendas Tradicionales La leyenda del guardián del fuego (PDF),Disponible en Sesión 50. Paso 11: Cuentos Ilustrados para Nietos (Historias personalizadas con valores). Acceso directo al recurso interactivo.,https://javiercursocorreo-gif.github.io/Curso-IA/CLASES/EXPORTACION_FICHAS_CLASSROOM_PDF/100.%20%5BSESSIONS%5D%20TERNAS_LISTAS_PARA_CLASSROOM/50_Sesion/11.CUENT-050_Paso_2_Leyendas%20Tradicionales_%20La%20leyenda%20del%20guardi%C3%A1n%20del%20fuego.pdf
,11. [CUENT] Cuentos Ilustrados para Nietos,[Sesión 50] CUENT - 050 Paso 3 Leyendas Tradicionales La leyenda del guardián del fuego (PDF),Disponible en Sesión 50. Paso 11: Cuentos Ilustrados para Nietos (Historias personalizadas con valores). Acceso directo al recurso interactivo.,https://javiercursocorreo-gif.github.io/Curso-IA/CLASES/EXPORTACION_FICHAS_CLASSROOM_PDF/100.%20%5BSESSIONS%5D%20TERNAS_LISTAS_PARA_CLASSROOM/50_Sesion/11.CUENT-050_Paso_3_Leyendas%20Tradicionales_%20La%20leyenda%20del%20guardi%C3%A1n%20del%20fuego.pdf
,11. [CUENT] Cuentos Ilustrados para Nietos,[Sesión 51] CUENT - 051 Paso 0 Introduccion Proyecto (PDF),Disponible en Sesión 51. Paso 11: Cuentos Ilustrados para Nietos (Historias personalizadas con valores). Acceso directo al recurso interactivo.,https://javiercursocorreo-gif.github.io/Curso-IA/CLASES/EXPORTACION_FICHAS_CLASSROOM_PDF/100.%20%5BSESSIONS%5D%20TERNAS_LISTAS_PARA_CLASSROOM/51_Sesion/11.CUENT-051_Paso_0_Introduccion_Proyecto.pdf
,11. [CUENT] Cuentos Ilustrados para Nietos,[Sesión 51] CUENT - 051 Paso 1 Aventuras Históricas Reales El viaje en el tren Orient Express (PDF),Disponible en Sesión 51. Paso 11: Cuentos Ilustrados para Nietos (Historias personalizadas con valores). Acceso directo al recurso interactivo.,https://javiercursocorreo-gif.github.io/Curso-IA/CLASES/EXPORTACION_FICHAS_CLASSROOM_PDF/100.%20%5BSESSIONS%5D%20TERNAS_LISTAS_PARA_CLASSROOM/51_Sesion/11.CUENT-051_Paso_1_Aventuras%20Hist%C3%B3ricas%20Reales_%20El%20viaje%20en%20el%20tren%20Orient%20Express.pdf
,11. [CUENT] Cuentos Ilustrados para Nietos,[Sesión 51] CUENT - 051 Paso 2 Aventuras Históricas Reales El viaje en el tren Orient Express (PDF),Disponible en Sesión 51. Paso 11: Cuentos Ilustrados para Nietos (Historias personalizadas con valores). Acceso directo al recurso interactivo.,https://javiercursocorreo-gif.github.io/Curso-IA/CLASES/EXPORTACION_FICHAS_CLASSROOM_PDF/100.%20%5BSESSIONS%5D%20TERNAS_LISTAS_PARA_CLASSROOM/51_Sesion/11.CUENT-051_Paso_2_Aventuras%20Hist%C3%B3ricas%20Reales_%20El%20viaje%20en%20el%20tren%20Orient%20Express.pdf
,11. [CUENT] Cuentos Ilustrados para Nietos,[Sesión 51] CUENT - 051 Paso 3 Aventuras Históricas Reales El viaje en el tren Orient Express (PDF),Disponible en Sesión 51. Paso 11: Cuentos Ilustrados para Nietos (Historias personalizadas con valores). Acceso directo al recurso interactivo.,https://javiercursocorreo-gif.github.io/Curso-IA/CLASES/EXPORTACION_FICHAS_CLASSROOM_PDF/100.%20%5BSESSIONS%5D%20TERNAS_LISTAS_PARA_CLASSROOM/51_Sesion/11.CUENT-051_Paso_3_Aventuras%20Hist%C3%B3ricas%20Reales_%20El%20viaje%20en%20el%20tren%20Orient%20Express.pdf
,11. [CUENT] Cuentos Ilustrados para Nietos,[Sesión 52] CUENT - 052 Paso 0 Introduccion Proyecto (PDF),Disponible en Sesión 52. Paso 11: Cuentos Ilustrados para Nietos (Historias personalizadas con valores). Acceso directo al recurso interactivo.,https://javiercursocorreo-gif.github.io/Curso-IA/CLASES/EXPORTACION_FICHAS_CLASSROOM_PDF/100.%20%5BSESSIONS%5D%20TERNAS_LISTAS_PARA_CLASSROOM/52_Sesion/11.CUENT-052_Paso_0_Introduccion_Proyecto.pdf
,11. [CUENT] Cuentos Ilustrados para Nietos,[Sesión 52] CUENT - 052 Paso 1 Exploradores del Espacio Las estrellas que jugaban al escondite (PDF),Disponible en Sesión 52. Paso 11: Cuentos Ilustrados para Nietos (Historias personalizadas con valores). Acceso directo al recurso interactivo.,https://javiercursocorreo-gif.github.io/Curso-IA/CLASES/EXPORTACION_FICHAS_CLASSROOM_PDF/100.%20%5BSESSIONS%5D%20TERNAS_LISTAS_PARA_CLASSROOM/52_Sesion/11.CUENT-052_Paso_1_Exploradores%20del%20Espacio_%20Las%20estrellas%20que%20jugaban%20al%20escondite.pdf
,11. [CUENT] Cuentos Ilustrados para Nietos,[Sesión 52] CUENT - 052 Paso 2 Exploradores del Espacio Las estrellas que jugaban al escondite (PDF),Disponible en Sesión 52. Paso 11: Cuentos Ilustrados para Nietos (Historias personalizadas con valores). Acceso directo al recurso interactivo.,https://javiercursocorreo-gif.github.io/Curso-IA/CLASES/EXPORTACION_FICHAS_CLASSROOM_PDF/100.%20%5BSESSIONS%5D%20TERNAS_LISTAS_PARA_CLASSROOM/52_Sesion/11.CUENT-052_Paso_2_Exploradores%20del%20Espacio_%20Las%20estrellas%20que%20jugaban%20al%20escondite.pdf
,11. [CUENT] Cuentos Ilustrados para Nietos,[Sesión 52] CUENT - 052 Paso 3 Exploradores del Espacio Las estrellas que jugaban al escondite (PDF),Disponible en Sesión 52. Paso 11: Cuentos Ilustrados para Nietos (Historias personalizadas con valores). Acceso directo al recurso interactivo.,https://javiercursocorreo-gif.github.io/Curso-IA/CLASES/EXPORTACION_FICHAS_CLASSROOM_PDF/100.%20%5BSESSIONS%5D%20TERNAS_LISTAS_PARA_CLASSROOM/52_Sesion/11.CUENT-052_Paso_3_Exploradores%20del%20Espacio_%20Las%20estrellas%20que%20jugaban%20al%20escondite.pdf
,11. [CUENT] Cuentos Ilustrados para Nietos,[Sesión 53] CUENT - 053 Paso 0 Introduccion Proyecto (PDF),Disponible en Sesión 53. Paso 11: Cuentos Ilustrados para Nietos (Historias personalizadas con valores). Acceso directo al recurso interactivo.,https://javiercursocorreo-gif.github.io/Curso-IA/CLASES/EXPORTACION_FICHAS_CLASSROOM_PDF/100.%20%5BSESSIONS%5D%20TERNAS_LISTAS_PARA_CLASSROOM/53_Sesion/11.CUENT-053_Paso_0_Introduccion_Proyecto.pdf
,11. [CUENT] Cuentos Ilustrados para Nietos,[Sesión 53] CUENT - 053 Paso 1 Cuentos Personalizados El campeonato de pesca en el río (PDF),Disponible en Sesión 53. Paso 11: Cuentos Ilustrados para Nietos (Historias personalizadas con valores). Acceso directo al recurso interactivo.,https://javiercursocorreo-gif.github.io/Curso-IA/CLASES/EXPORTACION_FICHAS_CLASSROOM_PDF/100.%20%5BSESSIONS%5D%20TERNAS_LISTAS_PARA_CLASSROOM/53_Sesion/11.CUENT-053_Paso_1_Cuentos%20Personalizados_%20El%20campeonato%20de%20pesca%20en%20el%20r%C3%ADo.pdf
,11. [CUENT] Cuentos Ilustrados para Nietos,[Sesión 53] CUENT - 053 Paso 2 Cuentos Personalizados El campeonato de pesca en el río (PDF),Disponible en Sesión 53. Paso 11: Cuentos Ilustrados para Nietos (Historias personalizadas con valores). Acceso directo al recurso interactivo.,https://javiercursocorreo-gif.github.io/Curso-IA/CLASES/EXPORTACION_FICHAS_CLASSROOM_PDF/100.%20%5BSESSIONS%5D%20TERNAS_LISTAS_PARA_CLASSROOM/53_Sesion/11.CUENT-053_Paso_2_Cuentos%20Personalizados_%20El%20campeonato%20de%20pesca%20en%20el%20r%C3%ADo.pdf
,11. [CUENT] Cuentos Ilustrados para Nietos,[Sesión 53] CUENT - 053 Paso 3 Cuentos Personalizados El campeonato de pesca en el río (PDF),Disponible en Sesión 53. Paso 11: Cuentos Ilustrados para Nietos (Historias personalizadas con valores). Acceso directo al recurso interactivo.,https://javiercursocorreo-gif.github.io/Curso-IA/CLASES/EXPORTACION_FICHAS_CLASSROOM_PDF/100.%20%5BSESSIONS%5D%20TERNAS_LISTAS_PARA_CLASSROOM/53_Sesion/11.CUENT-053_Paso_3_Cuentos%20Personalizados_%20El%20campeonato%20de%20pesca%20en%20el%20r%C3%ADo.pdf
,11. [CUENT] Cuentos Ilustrados para Nietos,[Sesión 54] CUENT - 054 Paso 0 Introduccion Proyecto (PDF),Disponible en Sesión 54. Paso 11: Cuentos Ilustrados para Nietos (Historias personalizadas con valores). Acceso directo al recurso interactivo.,https://javiercursocorreo-gif.github.io/Curso-IA/CLASES/EXPORTACION_FICHAS_CLASSROOM_PDF/100.%20%5BSESSIONS%5D%20TERNAS_LISTAS_PARA_CLASSROOM/54_Sesion/11.CUENT-054_Paso_0_Introduccion_Proyecto.pdf
,11. [CUENT] Cuentos Ilustrados para Nietos,[Sesión 54] CUENT - 054 Paso 1 Misterios Divertidos El detective que usaba un periscopio casero (PDF),Disponible en Sesión 54. Paso 11: Cuentos Ilustrados para Nietos (Historias personalizadas con valores). Acceso directo al recurso interactivo.,https://javiercursocorreo-gif.github.io/Curso-IA/CLASES/EXPORTACION_FICHAS_CLASSROOM_PDF/100.%20%5BSESSIONS%5D%20TERNAS_LISTAS_PARA_CLASSROOM/54_Sesion/11.CUENT-054_Paso_1_Misterios%20Divertidos_%20El%20detective%20que%20usaba%20un%20periscopio%20casero.pdf
,11. [CUENT] Cuentos Ilustrados para Nietos,[Sesión 54] CUENT - 054 Paso 2 Misterios Divertidos El detective que usaba un periscopio casero (PDF),Disponible en Sesión 54. Paso 11: Cuentos Ilustrados para Nietos (Historias personalizadas con valores). Acceso directo al recurso interactivo.,https://javiercursocorreo-gif.github.io/Curso-IA/CLASES/EXPORTACION_FICHAS_CLASSROOM_PDF/100.%20%5BSESSIONS%5D%20TERNAS_LISTAS_PARA_CLASSROOM/54_Sesion/11.CUENT-054_Paso_2_Misterios%20Divertidos_%20El%20detective%20que%20usaba%20un%20periscopio%20casero.pdf
,11. [CUENT] Cuentos Ilustrados para Nietos,[Sesión 54] CUENT - 054 Paso 3 Misterios Divertidos El detective que usaba un periscopio casero (PDF),Disponible en Sesión 54. Paso 11: Cuentos Ilustrados para Nietos (Historias personalizadas con valores). Acceso directo al recurso interactivo.,https://javiercursocorreo-gif.github.io/Curso-IA/CLASES/EXPORTACION_FICHAS_CLASSROOM_PDF/100.%20%5BSESSIONS%5D%20TERNAS_LISTAS_PARA_CLASSROOM/54_Sesion/11.CUENT-054_Paso_3_Misterios%20Divertidos_%20El%20detective%20que%20usaba%20un%20periscopio%20casero.pdf
,11. [CUENT] Cuentos Ilustrados para Nietos,[Sesión 55] CUENT - 055 Paso 0 Introduccion Proyecto (PDF),Disponible en Sesión 55. Paso 11: Cuentos Ilustrados para Nietos (Historias personalizadas con valores). Acceso directo al recurso interactivo.,https://javiercursocorreo-gif.github.io/Curso-IA/CLASES/EXPORTACION_FICHAS_CLASSROOM_PDF/100.%20%5BSESSIONS%5D%20TERNAS_LISTAS_PARA_CLASSROOM/55_Sesion/11.CUENT-055_Paso_0_Introduccion_Proyecto.pdf
,11. [CUENT] Cuentos Ilustrados para Nietos,[Sesión 55] CUENT - 055 Paso 1 Perros El perro de rescate en la nieve alpina (PDF),Disponible en Sesión 55. Paso 11: Cuentos Ilustrados para Nietos (Historias personalizadas con valores). Acceso directo al recurso interactivo.,https://javiercursocorreo-gif.github.io/Curso-IA/CLASES/EXPORTACION_FICHAS_CLASSROOM_PDF/100.%20%5BSESSIONS%5D%20TERNAS_LISTAS_PARA_CLASSROOM/55_Sesion/11.CUENT-055_Paso_1_Perros_%20El%20perro%20de%20rescate%20en%20la%20nieve%20alpina.pdf
,11. [CUENT] Cuentos Ilustrados para Nietos,[Sesión 55] CUENT - 055 Paso 2 Perros El perro de rescate en la nieve alpina (PDF),Disponible en Sesión 55. Paso 11: Cuentos Ilustrados para Nietos (Historias personalizadas con valores). Acceso directo al recurso interactivo.,https://javiercursocorreo-gif.github.io/Curso-IA/CLASES/EXPORTACION_FICHAS_CLASSROOM_PDF/100.%20%5BSESSIONS%5D%20TERNAS_LISTAS_PARA_CLASSROOM/55_Sesion/11.CUENT-055_Paso_2_Perros_%20El%20perro%20de%20rescate%20en%20la%20nieve%20alpina.pdf
,11. [CUENT] Cuentos Ilustrados para Nietos,[Sesión 55] CUENT - 055 Paso 3 Perros El perro de rescate en la nieve alpina (PDF),Disponible en Sesión 55. Paso 11: Cuentos Ilustrados para Nietos (Historias personalizadas con valores). Acceso directo al recurso interactivo.,https://javiercursocorreo-gif.github.io/Curso-IA/CLASES/EXPORTACION_FICHAS_CLASSROOM_PDF/100.%20%5BSESSIONS%5D%20TERNAS_LISTAS_PARA_CLASSROOM/55_Sesion/11.CUENT-055_Paso_3_Perros_%20El%20perro%20de%20rescate%20en%20la%20nieve%20alpina.pdf
,11. [CUENT] Cuentos Ilustrados para Nietos,[Sesión 56] CUENT - 056 Paso 0 Introduccion Proyecto (PDF),Disponible en Sesión 56. Paso 11: Cuentos Ilustrados para Nietos (Historias personalizadas con valores). Acceso directo al recurso interactivo.,https://javiercursocorreo-gif.github.io/Curso-IA/CLASES/EXPORTACION_FICHAS_CLASSROOM_PDF/100.%20%5BSESSIONS%5D%20TERNAS_LISTAS_PARA_CLASSROOM/56_Sesion/11.CUENT-056_Paso_0_Introduccion_Proyecto.pdf
,11. [CUENT] Cuentos Ilustrados para Nietos,[Sesión 56] CUENT - 056 Paso 1 Leyendas Tradicionales El molino mágico que molía sal (PDF),Disponible en Sesión 56. Paso 11: Cuentos Ilustrados para Nietos (Historias personalizadas con valores). Acceso directo al recurso interactivo.,https://javiercursocorreo-gif.github.io/Curso-IA/CLASES/EXPORTACION_FICHAS_CLASSROOM_PDF/100.%20%5BSESSIONS%5D%20TERNAS_LISTAS_PARA_CLASSROOM/56_Sesion/11.CUENT-056_Paso_1_Leyendas%20Tradicionales_%20El%20molino%20m%C3%A1gico%20que%20mol%C3%ADa%20sal.pdf
,11. [CUENT] Cuentos Ilustrados para Nietos,[Sesión 56] CUENT - 056 Paso 2 Leyendas Tradicionales El molino mágico que molía sal (PDF),Disponible en Sesión 56. Paso 11: Cuentos Ilustrados para Nietos (Historias personalizadas con valores). Acceso directo al recurso interactivo.,https://javiercursocorreo-gif.github.io/Curso-IA/CLASES/EXPORTACION_FICHAS_CLASSROOM_PDF/100.%20%5BSESSIONS%5D%20TERNAS_LISTAS_PARA_CLASSROOM/56_Sesion/11.CUENT-056_Paso_2_Leyendas%20Tradicionales_%20El%20molino%20m%C3%A1gico%20que%20mol%C3%ADa%20sal.pdf
,11. [CUENT] Cuentos Ilustrados para Nietos,[Sesión 56] CUENT - 056 Paso 3 Leyendas Tradicionales El molino mágico que molía sal (PDF),Disponible en Sesión 56. Paso 11: Cuentos Ilustrados para Nietos (Historias personalizadas con valores). Acceso directo al recurso interactivo.,https://javiercursocorreo-gif.github.io/Curso-IA/CLASES/EXPORTACION_FICHAS_CLASSROOM_PDF/100.%20%5BSESSIONS%5D%20TERNAS_LISTAS_PARA_CLASSROOM/56_Sesion/11.CUENT-056_Paso_3_Leyendas%20Tradicionales_%20El%20molino%20m%C3%A1gico%20que%20mol%C3%ADa%20sal.pdf
,11. [CUENT] Cuentos Ilustrados para Nietos,[Sesión 57] CUENT - 057 Paso 0 Introduccion Proyecto (PDF),Disponible en Sesión 57. Paso 11: Cuentos Ilustrados para Nietos (Historias personalizadas con valores). Acceso directo al recurso interactivo.,https://javiercursocorreo-gif.github.io/Curso-IA/CLASES/EXPORTACION_FICHAS_CLASSROOM_PDF/100.%20%5BSESSIONS%5D%20TERNAS_LISTAS_PARA_CLASSROOM/57_Sesion/11.CUENT-057_Paso_0_Introduccion_Proyecto.pdf
,11. [CUENT] Cuentos Ilustrados para Nietos,[Sesión 57] CUENT - 057 Paso 1 Aventuras Históricas Reales Los constructores de las Pirámides (PDF),Disponible en Sesión 57. Paso 11: Cuentos Ilustrados para Nietos (Historias personalizadas con valores). Acceso directo al recurso interactivo.,https://javiercursocorreo-gif.github.io/Curso-IA/CLASES/EXPORTACION_FICHAS_CLASSROOM_PDF/100.%20%5BSESSIONS%5D%20TERNAS_LISTAS_PARA_CLASSROOM/57_Sesion/11.CUENT-057_Paso_1_Aventuras%20Hist%C3%B3ricas%20Reales_%20Los%20constructores%20de%20las%20Pir%C3%A1mides.pdf
,11. [CUENT] Cuentos Ilustrados para Nietos,[Sesión 57] CUENT - 057 Paso 2 Aventuras Históricas Reales Los constructores de las Pirámides (PDF),Disponible en Sesión 57. Paso 11: Cuentos Ilustrados para Nietos (Historias personalizadas con valores). Acceso directo al recurso interactivo.,https://javiercursocorreo-gif.github.io/Curso-IA/CLASES/EXPORTACION_FICHAS_CLASSROOM_PDF/100.%20%5BSESSIONS%5D%20TERNAS_LISTAS_PARA_CLASSROOM/57_Sesion/11.CUENT-057_Paso_2_Aventuras%20Hist%C3%B3ricas%20Reales_%20Los%20constructores%20de%20las%20Pir%C3%A1mides.pdf
,11. [CUENT] Cuentos Ilustrados para Nietos,[Sesión 57] CUENT - 057 Paso 3 Aventuras Históricas Reales Los constructores de las Pirámides (PDF),Disponible en Sesión 57. Paso 11: Cuentos Ilustrados para Nietos (Historias personalizadas con valores). Acceso directo al recurso interactivo.,https://javiercursocorreo-gif.github.io/Curso-IA/CLASES/EXPORTACION_FICHAS_CLASSROOM_PDF/100.%20%5BSESSIONS%5D%20TERNAS_LISTAS_PARA_CLASSROOM/57_Sesion/11.CUENT-057_Paso_3_Aventuras%20Hist%C3%B3ricas%20Reales_%20Los%20constructores%20de%20las%20Pir%C3%A1mides.pdf
,11. [CUENT] Cuentos Ilustrados para Nietos,[Sesión 58] CUENT - 058 Paso 0 Introduccion Proyecto (PDF),Disponible en Sesión 58. Paso 11: Cuentos Ilustrados para Nietos (Historias personalizadas con valores). Acceso directo al recurso interactivo.,https://javiercursocorreo-gif.github.io/Curso-IA/CLASES/EXPORTACION_FICHAS_CLASSROOM_PDF/100.%20%5BSESSIONS%5D%20TERNAS_LISTAS_PARA_CLASSROOM/58_Sesion/11.CUENT-058_Paso_0_Introduccion_Proyecto.pdf
,11. [CUENT] Cuentos Ilustrados para Nietos,[Sesión 58] CUENT - 058 Paso 1 Exploradores del Espacio El niño que fabricó una nave con cartón (PDF),Disponible en Sesión 58. Paso 11: Cuentos Ilustrados para Nietos (Historias personalizadas con valores). Acceso directo al recurso interactivo.,https://javiercursocorreo-gif.github.io/Curso-IA/CLASES/EXPORTACION_FICHAS_CLASSROOM_PDF/100.%20%5BSESSIONS%5D%20TERNAS_LISTAS_PARA_CLASSROOM/58_Sesion/11.CUENT-058_Paso_1_Exploradores%20del%20Espacio_%20El%20ni%C3%B1o%20que%20fabric%C3%B3%20una%20nave%20con%20cart%C3%B3n.pdf
,11. [CUENT] Cuentos Ilustrados para Nietos,[Sesión 58] CUENT - 058 Paso 2 Exploradores del Espacio El niño que fabricó una nave con cartón (PDF),Disponible en Sesión 58. Paso 11: Cuentos Ilustrados para Nietos (Historias personalizadas con valores). Acceso directo al recurso interactivo.,https://javiercursocorreo-gif.github.io/Curso-IA/CLASES/EXPORTACION_FICHAS_CLASSROOM_PDF/100.%20%5BSESSIONS%5D%20TERNAS_LISTAS_PARA_CLASSROOM/58_Sesion/11.CUENT-058_Paso_2_Exploradores%20del%20Espacio_%20El%20ni%C3%B1o%20que%20fabric%C3%B3%20una%20nave%20con%20cart%C3%B3n.pdf
,11. [CUENT] Cuentos Ilustrados para Nietos,[Sesión 58] CUENT - 058 Paso 3 Exploradores del Espacio El niño que fabricó una nave con cartón (PDF),Disponible en Sesión 58. Paso 11: Cuentos Ilustrados para Nietos (Historias personalizadas con valores). Acceso directo al recurso interactivo.,https://javiercursocorreo-gif.github.io/Curso-IA/CLASES/EXPORTACION_FICHAS_CLASSROOM_PDF/100.%20%5BSESSIONS%5D%20TERNAS_LISTAS_PARA_CLASSROOM/58_Sesion/11.CUENT-058_Paso_3_Exploradores%20del%20Espacio_%20El%20ni%C3%B1o%20que%20fabric%C3%B3%20una%20nave%20con%20cart%C3%B3n.pdf
,11. [CUENT] Cuentos Ilustrados para Nietos,[Sesión 59] CUENT - 059 Paso 0 Introduccion Proyecto (PDF),Disponible en Sesión 59. Paso 11: Cuentos Ilustrados para Nietos (Historias personalizadas con valores). Acceso directo al recurso interactivo.,https://javiercursocorreo-gif.github.io/Curso-IA/CLASES/EXPORTACION_FICHAS_CLASSROOM_PDF/100.%20%5BSESSIONS%5D%20TERNAS_LISTAS_PARA_CLASSROOM/59_Sesion/11.CUENT-059_Paso_0_Introduccion_Proyecto.pdf
,11. [CUENT] Cuentos Ilustrados para Nietos,[Sesión 59] CUENT - 059 Paso 1 Cuentos Personalizados El día que acampamos en el salón (PDF),Disponible en Sesión 59. Paso 11: Cuentos Ilustrados para Nietos (Historias personalizadas con valores). Acceso directo al recurso interactivo.,https://javiercursocorreo-gif.github.io/Curso-IA/CLASES/EXPORTACION_FICHAS_CLASSROOM_PDF/100.%20%5BSESSIONS%5D%20TERNAS_LISTAS_PARA_CLASSROOM/59_Sesion/11.CUENT-059_Paso_1_Cuentos%20Personalizados_%20El%20d%C3%ADa%20que%20acampamos%20en%20el%20sal%C3%B3n.pdf
,11. [CUENT] Cuentos Ilustrados para Nietos,[Sesión 59] CUENT - 059 Paso 2 Cuentos Personalizados El día que acampamos en el salón (PDF),Disponible en Sesión 59. Paso 11: Cuentos Ilustrados para Nietos (Historias personalizadas con valores). Acceso directo al recurso interactivo.,https://javiercursocorreo-gif.github.io/Curso-IA/CLASES/EXPORTACION_FICHAS_CLASSROOM_PDF/100.%20%5BSESSIONS%5D%20TERNAS_LISTAS_PARA_CLASSROOM/59_Sesion/11.CUENT-059_Paso_2_Cuentos%20Personalizados_%20El%20d%C3%ADa%20que%20acampamos%20en%20el%20sal%C3%B3n.pdf
,11. [CUENT] Cuentos Ilustrados para Nietos,[Sesión 59] CUENT - 059 Paso 3 Cuentos Personalizados El día que acampamos en el salón (PDF),Disponible en Sesión 59. Paso 11: Cuentos Ilustrados para Nietos (Historias personalizadas con valores). Acceso directo al recurso interactivo.,https://javiercursocorreo-gif.github.io/Curso-IA/CLASES/EXPORTACION_FICHAS_CLASSROOM_PDF/100.%20%5BSESSIONS%5D%20TERNAS_LISTAS_PARA_CLASSROOM/59_Sesion/11.CUENT-059_Paso_3_Cuentos%20Personalizados_%20El%20d%C3%ADa%20que%20acampamos%20en%20el%20sal%C3%B3n.pdf
,11. [CUENT] Cuentos Ilustrados para Nietos,[Sesión 60] CUENT - 060 Paso 0 Introduccion Proyecto (PDF),Disponible en Sesión 60. Paso 11: Cuentos Ilustrados para Nietos (Historias personalizadas con valores). Acceso directo al recurso interactivo.,https://javiercursocorreo-gif.github.io/Curso-IA/CLASES/EXPORTACION_FICHAS_CLASSROOM_PDF/100.%20%5BSESSIONS%5D%20TERNAS_LISTAS_PARA_CLASSROOM/60_Sesion_Cierre/11.CUENT-060_Paso_0_Introduccion_Proyecto.pdf
,11. [CUENT] Cuentos Ilustrados para Nietos,[Sesión 60] CUENT - 060 Paso 1 Misterios Divertidos El misterio del reloj que daba las 13 horas (PDF),Disponible en Sesión 60. Paso 11: Cuentos Ilustrados para Nietos (Historias personalizadas con valores). Acceso directo al recurso interactivo.,https://javiercursocorreo-gif.github.io/Curso-IA/CLASES/EXPORTACION_FICHAS_CLASSROOM_PDF/100.%20%5BSESSIONS%5D%20TERNAS_LISTAS_PARA_CLASSROOM/60_Sesion_Cierre/11.CUENT-060_Paso_1_Misterios%20Divertidos_%20El%20misterio%20del%20reloj%20que%20daba%20las%2013%20horas.pdf
,11. [CUENT] Cuentos Ilustrados para Nietos,[Sesión 60] CUENT - 060 Paso 2 Misterios Divertidos El misterio del reloj que daba las 13 horas (PDF),Disponible en Sesión 60. Paso 11: Cuentos Ilustrados para Nietos (Historias personalizadas con valores). Acceso directo al recurso interactivo.,https://javiercursocorreo-gif.github.io/Curso-IA/CLASES/EXPORTACION_FICHAS_CLASSROOM_PDF/100.%20%5BSESSIONS%5D%20TERNAS_LISTAS_PARA_CLASSROOM/60_Sesion_Cierre/11.CUENT-060_Paso_2_Misterios%20Divertidos_%20El%20misterio%20del%20reloj%20que%20daba%20las%2013%20horas.pdf
,11. [CUENT] Cuentos Ilustrados para Nietos,[Sesión 60] CUENT - 060 Paso 3 Misterios Divertidos El misterio del reloj que daba las 13 horas (PDF),Disponible en Sesión 60. Paso 11: Cuentos Ilustrados para Nietos (Historias personalizadas con valores). Acceso directo al recurso interactivo.,https://javiercursocorreo-gif.github.io/Curso-IA/CLASES/EXPORTACION_FICHAS_CLASSROOM_PDF/100.%20%5BSESSIONS%5D%20TERNAS_LISTAS_PARA_CLASSROOM/60_Sesion_Cierre/11.CUENT-060_Paso_3_Misterios%20Divertidos_%20El%20misterio%20del%20reloj%20que%20daba%20las%2013%20horas.pdf
,12. [MOVIL] El Salvavidas del Móvil (Cámara y Voz),[Sesión 01] MOVIL - 001 Símbolos de Lavado Textil Jersey delicado de lana (PDF),Disponible en Sesión 01. Paso 12: El Salvavidas del Móvil (Cámara y voz con la app de Gemini ante la pantalla). Acceso directo al recurso interactivo.,https://javiercursocorreo-gif.github.io/Curso-IA/CLASES/EXPORTACION_FICHAS_CLASSROOM_PDF/100.%20%5BSESSIONS%5D%20TERNAS_LISTAS_PARA_CLASSROOM/01_Sesion/12.%20MOVIL-001_S%C3%ADmbolos%20de%20Lavado%20Textil_%20Jersey%20delicado%20de%20lana.pdf
,12. [MOVIL] El Salvavidas del Móvil (Cámara y Voz),[Sesión 02] MOVIL - 002 Panel de Lavadora Moderna Selector de programas y centrifugado (PDF),Disponible en Sesión 02. Paso 12: El Salvavidas del Móvil (Cámara y voz con la app de Gemini ante la pantalla). Acceso directo al recurso interactivo.,https://javiercursocorreo-gif.github.io/Curso-IA/CLASES/EXPORTACION_FICHAS_CLASSROOM_PDF/100.%20%5BSESSIONS%5D%20TERNAS_LISTAS_PARA_CLASSROOM/02_Sesion/12.%20MOVIL-002_Panel%20de%20Lavadora%20Moderna_%20Selector%20de%20programas%20y%20centrifugado.pdf
,12. [MOVIL] El Salvavidas del Móvil (Cámara y Voz),[Sesión 03] MOVIL - 003 Vitrocerámica Táctil Código de bloqueo infantil 'L' (PDF),Disponible en Sesión 03. Paso 12: El Salvavidas del Móvil (Cámara y voz con la app de Gemini ante la pantalla). Acceso directo al recurso interactivo.,https://javiercursocorreo-gif.github.io/Curso-IA/CLASES/EXPORTACION_FICHAS_CLASSROOM_PDF/100.%20%5BSESSIONS%5D%20TERNAS_LISTAS_PARA_CLASSROOM/03_Sesion/12.%20MOVIL-003_Vitrocer%C3%A1mica%20T%C3%A1ctil_%20C%C3%B3digo%20de%20bloqueo%20infantil%20%27L%27.pdf
,12. [MOVIL] El Salvavidas del Móvil (Cámara y Voz),[Sesión 04] MOVIL - 004 Microondas Digital Descongelar por peso o tiempo (PDF),Disponible en Sesión 04. Paso 12: El Salvavidas del Móvil (Cámara y voz con la app de Gemini ante la pantalla). Acceso directo al recurso interactivo.,https://javiercursocorreo-gif.github.io/Curso-IA/CLASES/EXPORTACION_FICHAS_CLASSROOM_PDF/100.%20%5BSESSIONS%5D%20TERNAS_LISTAS_PARA_CLASSROOM/04_Sesion/12.%20MOVIL-004_Microondas%20Digital_%20Descongelar%20por%20peso%20o%20tiempo.pdf
,12. [MOVIL] El Salvavidas del Móvil (Cámara y Voz),[Sesión 05] MOVIL - 005 Lavavajillas Aviso de falta de sal o abrillantador (PDF),Disponible en Sesión 05. Paso 12: El Salvavidas del Móvil (Cámara y voz con la app de Gemini ante la pantalla). Acceso directo al recurso interactivo.,https://javiercursocorreo-gif.github.io/Curso-IA/CLASES/EXPORTACION_FICHAS_CLASSROOM_PDF/100.%20%5BSESSIONS%5D%20TERNAS_LISTAS_PARA_CLASSROOM/05_Sesion/12.%20MOVIL-005_Lavavajillas_%20Aviso%20de%20falta%20de%20sal%20o%20abrillantador.pdf
,12. [MOVIL] El Salvavidas del Móvil (Cámara y Voz),[Sesión 06] MOVIL - 006 Mando de Aire Acondicionado Modo bomba de calor vs frío (PDF),Disponible en Sesión 06. Paso 12: El Salvavidas del Móvil (Cámara y voz con la app de Gemini ante la pantalla). Acceso directo al recurso interactivo.,https://javiercursocorreo-gif.github.io/Curso-IA/CLASES/EXPORTACION_FICHAS_CLASSROOM_PDF/100.%20%5BSESSIONS%5D%20TERNAS_LISTAS_PARA_CLASSROOM/06_Sesion/12.%20MOVIL-006_Mando%20de%20Aire%20Acondicionado_%20Modo%20bomba%20de%20calor%20vs%20fr%C3%ADo.pdf
,12. [MOVIL] El Salvavidas del Móvil (Cámara y Voz),[Sesión 07] MOVIL - 007 Caldera de Gas Presión a 0.5 bar y luz roja (PDF),Disponible en Sesión 07. Paso 12: El Salvavidas del Móvil (Cámara y voz con la app de Gemini ante la pantalla). Acceso directo al recurso interactivo.,https://javiercursocorreo-gif.github.io/Curso-IA/CLASES/EXPORTACION_FICHAS_CLASSROOM_PDF/100.%20%5BSESSIONS%5D%20TERNAS_LISTAS_PARA_CLASSROOM/07_Sesion/12.%20MOVIL-007_Caldera%20de%20Gas_%20Presi%C3%B3n%20a%200.5%20bar%20y%20luz%20roja.pdf
,12. [MOVIL] El Salvavidas del Móvil (Cámara y Voz),[Sesión 08] MOVIL - 008 Cuadro Eléctrico Diferencial general saltado (PDF),Disponible en Sesión 08. Paso 12: El Salvavidas del Móvil (Cámara y voz con la app de Gemini ante la pantalla). Acceso directo al recurso interactivo.,https://javiercursocorreo-gif.github.io/Curso-IA/CLASES/EXPORTACION_FICHAS_CLASSROOM_PDF/100.%20%5BSESSIONS%5D%20TERNAS_LISTAS_PARA_CLASSROOM/08_Sesion/12.%20MOVIL-008_Cuadro%20El%C3%A9ctrico_%20Diferencial%20general%20saltado.pdf
,12. [MOVIL] El Salvavidas del Móvil (Cámara y Voz),[Sesión 09] MOVIL - 009 Robot Aspirador Luz amarilla y aviso de cepillo atascado (PDF),Disponible en Sesión 09. Paso 12: El Salvavidas del Móvil (Cámara y voz con la app de Gemini ante la pantalla). Acceso directo al recurso interactivo.,https://javiercursocorreo-gif.github.io/Curso-IA/CLASES/EXPORTACION_FICHAS_CLASSROOM_PDF/100.%20%5BSESSIONS%5D%20TERNAS_LISTAS_PARA_CLASSROOM/09_Sesion/12.%20MOVIL-009_Robot%20Aspirador_%20Luz%20amarilla%20y%20aviso%20de%20cepillo%20atascado.pdf
,12. [MOVIL] El Salvavidas del Móvil (Cámara y Voz),[Sesión 10] MOVIL - 010 Cafetera Exprés Testigo de descalcificación encendido (PDF),Disponible en Sesión 10. Paso 12: El Salvavidas del Móvil (Cámara y voz con la app de Gemini ante la pantalla). Acceso directo al recurso interactivo.,https://javiercursocorreo-gif.github.io/Curso-IA/CLASES/EXPORTACION_FICHAS_CLASSROOM_PDF/100.%20%5BSESSIONS%5D%20TERNAS_LISTAS_PARA_CLASSROOM/10_Sesion/12.%20MOVIL-010_Cafetera%20Expr%C3%A9s_%20Testigo%20de%20descalcificaci%C3%B3n%20encendido.pdf
,12. [MOVIL] El Salvavidas del Móvil (Cámara y Voz),[Sesión 11] MOVIL - 011 Factura de la Luz Término de potencia vs consumo de energía (PDF),Disponible en Sesión 11. Paso 12: El Salvavidas del Móvil (Cámara y voz con la app de Gemini ante la pantalla). Acceso directo al recurso interactivo.,https://javiercursocorreo-gif.github.io/Curso-IA/CLASES/EXPORTACION_FICHAS_CLASSROOM_PDF/100.%20%5BSESSIONS%5D%20TERNAS_LISTAS_PARA_CLASSROOM/11_Sesion/12.%20MOVIL-011_Factura%20de%20la%20Luz_%20T%C3%A9rmino%20de%20potencia%20vs%20consumo%20de%20energ%C3%ADa.pdf
,12. [MOVIL] El Salvavidas del Móvil (Cámara y Voz),[Sesión 12] MOVIL - 012 Factura del Gas Lectura estimada vs lectura real (PDF),Disponible en Sesión 12. Paso 12: El Salvavidas del Móvil (Cámara y voz con la app de Gemini ante la pantalla). Acceso directo al recurso interactivo.,https://javiercursocorreo-gif.github.io/Curso-IA/CLASES/EXPORTACION_FICHAS_CLASSROOM_PDF/100.%20%5BSESSIONS%5D%20TERNAS_LISTAS_PARA_CLASSROOM/12_Sesion/12.%20MOVIL-012_Factura%20del%20Gas_%20Lectura%20estimada%20vs%20lectura%20real.pdf
,12. [MOVIL] El Salvavidas del Móvil (Cámara y Voz),[Sesión 13] MOVIL - 013 Factura de Teléfono Cargo adicional por SMS premium o suscripció (PDF),Disponible en Sesión 13. Paso 12: El Salvavidas del Móvil (Cámara y voz con la app de Gemini ante la pantalla). Acceso directo al recurso interactivo.,https://javiercursocorreo-gif.github.io/Curso-IA/CLASES/EXPORTACION_FICHAS_CLASSROOM_PDF/100.%20%5BSESSIONS%5D%20TERNAS_LISTAS_PARA_CLASSROOM/13_Sesion/12.%20MOVIL-013_Factura%20de%20Tel%C3%A9fono_%20Cargo%20adicional%20por%20SMS%20premium%20o%20suscripci%C3%B3.pdf
,12. [MOVIL] El Salvavidas del Móvil (Cámara y Voz),[Sesión 14] MOVIL - 014 Ticket de Compra Cobro duplicado en la caja del supermercado (PDF),Disponible en Sesión 14. Paso 12: El Salvavidas del Móvil (Cámara y voz con la app de Gemini ante la pantalla). Acceso directo al recurso interactivo.,https://javiercursocorreo-gif.github.io/Curso-IA/CLASES/EXPORTACION_FICHAS_CLASSROOM_PDF/100.%20%5BSESSIONS%5D%20TERNAS_LISTAS_PARA_CLASSROOM/14_Sesion/12.%20MOVIL-014_Ticket%20de%20Compra_%20Cobro%20duplicado%20en%20la%20caja%20del%20supermercado.pdf
,12. [MOVIL] El Salvavidas del Móvil (Cámara y Voz),[Sesión 15] MOVIL - 015 Carta del Banco Modificación de comisiones de mantenimiento (PDF),Disponible en Sesión 15. Paso 12: El Salvavidas del Móvil (Cámara y voz con la app de Gemini ante la pantalla). Acceso directo al recurso interactivo.,https://javiercursocorreo-gif.github.io/Curso-IA/CLASES/EXPORTACION_FICHAS_CLASSROOM_PDF/100.%20%5BSESSIONS%5D%20TERNAS_LISTAS_PARA_CLASSROOM/15_Sesion/12.%20MOVIL-015_Carta%20del%20Banco_%20Modificaci%C3%B3n%20de%20comisiones%20de%20mantenimiento.pdf
,12. [MOVIL] El Salvavidas del Móvil (Cámara y Voz),[Sesión 16] MOVIL - 016 Multa de Estacionamiento Plazo y descuento del 50% por pronto pa (PDF),Disponible en Sesión 16. Paso 12: El Salvavidas del Móvil (Cámara y voz con la app de Gemini ante la pantalla). Acceso directo al recurso interactivo.,https://javiercursocorreo-gif.github.io/Curso-IA/CLASES/EXPORTACION_FICHAS_CLASSROOM_PDF/100.%20%5BSESSIONS%5D%20TERNAS_LISTAS_PARA_CLASSROOM/16_Sesion/12.%20MOVIL-016_Multa%20de%20Estacionamiento_%20Plazo%20y%20descuento%20del%2050%25%20por%20pronto%20pa.pdf
,12. [MOVIL] El Salvavidas del Móvil (Cámara y Voz),[Sesión 18] MOVIL - 018 Certificado de Pensión e IRPF Retención y pensión neta (PDF),Disponible en Sesión 18. Paso 12: El Salvavidas del Móvil (Cámara y voz con la app de Gemini ante la pantalla). Acceso directo al recurso interactivo.,https://javiercursocorreo-gif.github.io/Curso-IA/CLASES/EXPORTACION_FICHAS_CLASSROOM_PDF/100.%20%5BSESSIONS%5D%20TERNAS_LISTAS_PARA_CLASSROOM/18_Sesion/12.%20MOVIL-018_Certificado%20de%20Pensi%C3%B3n%20e%20IRPF_%20Retenci%C3%B3n%20y%20pensi%C3%B3n%20neta.pdf
,12. [MOVIL] El Salvavidas del Móvil (Cámara y Voz),[Sesión 19] MOVIL - 019 Prospecto de Colirio Caducidad tras apertura y dosificación (PDF),Disponible en Sesión 19. Paso 12: El Salvavidas del Móvil (Cámara y voz con la app de Gemini ante la pantalla). Acceso directo al recurso interactivo.,https://javiercursocorreo-gif.github.io/Curso-IA/CLASES/EXPORTACION_FICHAS_CLASSROOM_PDF/100.%20%5BSESSIONS%5D%20TERNAS_LISTAS_PARA_CLASSROOM/19_Sesion/12.%20MOVIL-019_Prospecto%20de%20Colirio_%20Caducidad%20tras%20apertura%20y%20dosificaci%C3%B3n.pdf
,12. [MOVIL] El Salvavidas del Móvil (Cámara y Voz),[Sesión 20] MOVIL - 020 Caja de Medicamento Pictograma de conducción de vehículos (PDF),Disponible en Sesión 20. Paso 12: El Salvavidas del Móvil (Cámara y voz con la app de Gemini ante la pantalla). Acceso directo al recurso interactivo.,https://javiercursocorreo-gif.github.io/Curso-IA/CLASES/EXPORTACION_FICHAS_CLASSROOM_PDF/100.%20%5BSESSIONS%5D%20TERNAS_LISTAS_PARA_CLASSROOM/20_Sesion/12.%20MOVIL-020_Caja%20de%20Medicamento_%20Pictograma%20de%20conducci%C3%B3n%20de%20veh%C3%ADculos.pdf
,12. [MOVIL] El Salvavidas del Móvil (Cámara y Voz),[Sesión 21] MOVIL - 021 Envase de Jarabe Fecha de caducidad estampada en relieve (PDF),Disponible en Sesión 21. Paso 12: El Salvavidas del Móvil (Cámara y voz con la app de Gemini ante la pantalla). Acceso directo al recurso interactivo.,https://javiercursocorreo-gif.github.io/Curso-IA/CLASES/EXPORTACION_FICHAS_CLASSROOM_PDF/100.%20%5BSESSIONS%5D%20TERNAS_LISTAS_PARA_CLASSROOM/21_Sesion/12.%20MOVIL-021_Envase%20de%20Jarabe_%20Fecha%20de%20caducidad%20estampada%20en%20relieve.pdf
,12. [MOVIL] El Salvavidas del Móvil (Cámara y Voz),[Sesión 22] MOVIL - 022 Tensiómetro Digital Código de error 'Err 2' (brazalete flojo) (PDF),Disponible en Sesión 22. Paso 12: El Salvavidas del Móvil (Cámara y voz con la app de Gemini ante la pantalla). Acceso directo al recurso interactivo.,https://javiercursocorreo-gif.github.io/Curso-IA/CLASES/EXPORTACION_FICHAS_CLASSROOM_PDF/100.%20%5BSESSIONS%5D%20TERNAS_LISTAS_PARA_CLASSROOM/22_Sesion/12.%20MOVIL-022_Tensi%C3%B3metro%20Digital_%20C%C3%B3digo%20de%20error%20%27Err%202%27%20%28brazalete%20flojo%29.pdf
,12. [MOVIL] El Salvavidas del Móvil (Cámara y Voz),[Sesión 23] MOVIL - 023 Tira Reactiva de Glucemia o Salud Escala de colores en el bote (PDF),Disponible en Sesión 23. Paso 12: El Salvavidas del Móvil (Cámara y voz con la app de Gemini ante la pantalla). Acceso directo al recurso interactivo.,https://javiercursocorreo-gif.github.io/Curso-IA/CLASES/EXPORTACION_FICHAS_CLASSROOM_PDF/100.%20%5BSESSIONS%5D%20TERNAS_LISTAS_PARA_CLASSROOM/23_Sesion/12.%20MOVIL-023_Tira%20Reactiva%20de%20Glucemia%20o%20Salud_%20Escala%20de%20colores%20en%20el%20bote.pdf
,12. [MOVIL] El Salvavidas del Móvil (Cámara y Voz),[Sesión 24] MOVIL - 024 Pomada con Cortisona Advertencia de exposición al sol (PDF),Disponible en Sesión 24. Paso 12: El Salvavidas del Móvil (Cámara y voz con la app de Gemini ante la pantalla). Acceso directo al recurso interactivo.,https://javiercursocorreo-gif.github.io/Curso-IA/CLASES/EXPORTACION_FICHAS_CLASSROOM_PDF/100.%20%5BSESSIONS%5D%20TERNAS_LISTAS_PARA_CLASSROOM/24_Sesion/12.%20MOVIL-024_Pomada%20con%20Cortisona_%20Advertencia%20de%20exposici%C3%B3n%20al%20sol.pdf
,12. [MOVIL] El Salvavidas del Móvil (Cámara y Voz),[Sesión 25] MOVIL - 025 Pastillero Semanal Identificación de pastillas por forma y color (PDF),Disponible en Sesión 25. Paso 12: El Salvavidas del Móvil (Cámara y voz con la app de Gemini ante la pantalla). Acceso directo al recurso interactivo.,https://javiercursocorreo-gif.github.io/Curso-IA/CLASES/EXPORTACION_FICHAS_CLASSROOM_PDF/100.%20%5BSESSIONS%5D%20TERNAS_LISTAS_PARA_CLASSROOM/25_Sesion/12.%20MOVIL-025_Pastillero%20Semanal_%20Identificaci%C3%B3n%20de%20pastillas%20por%20forma%20y%20color.pdf
,12. [MOVIL] El Salvavidas del Móvil (Cámara y Voz),[Sesión 26] MOVIL - 026 Receta Electrónica Fecha límite de dispensación en farmacia (PDF),Disponible en Sesión 26. Paso 12: El Salvavidas del Móvil (Cámara y voz con la app de Gemini ante la pantalla). Acceso directo al recurso interactivo.,https://javiercursocorreo-gif.github.io/Curso-IA/CLASES/EXPORTACION_FICHAS_CLASSROOM_PDF/100.%20%5BSESSIONS%5D%20TERNAS_LISTAS_PARA_CLASSROOM/26_Sesion/12.%20MOVIL-026_Receta%20Electr%C3%B3nica_%20Fecha%20l%C3%ADmite%20de%20dispensaci%C3%B3n%20en%20farmacia.pdf
,12. [MOVIL] El Salvavidas del Móvil (Cámara y Voz),[Sesión 27] MOVIL - 027 Salpicadero del Coche Testigo naranja de presión de neumáticos (PDF),Disponible en Sesión 27. Paso 12: El Salvavidas del Móvil (Cámara y voz con la app de Gemini ante la pantalla). Acceso directo al recurso interactivo.,https://javiercursocorreo-gif.github.io/Curso-IA/CLASES/EXPORTACION_FICHAS_CLASSROOM_PDF/100.%20%5BSESSIONS%5D%20TERNAS_LISTAS_PARA_CLASSROOM/27_Sesion/12.%20MOVIL-027_Salpicadero%20del%20Coche_%20Testigo%20naranja%20de%20presi%C3%B3n%20de%20neum%C3%A1ticos.pdf
,12. [MOVIL] El Salvavidas del Móvil (Cámara y Voz),[Sesión 28] MOVIL - 028 Salpicadero del Coche Testigo de bombilla fundida o líquido limp (PDF),Disponible en Sesión 28. Paso 12: El Salvavidas del Móvil (Cámara y voz con la app de Gemini ante la pantalla). Acceso directo al recurso interactivo.,https://javiercursocorreo-gif.github.io/Curso-IA/CLASES/EXPORTACION_FICHAS_CLASSROOM_PDF/100.%20%5BSESSIONS%5D%20TERNAS_LISTAS_PARA_CLASSROOM/28_Sesion/12.%20MOVIL-028_Salpicadero%20del%20Coche_%20Testigo%20de%20bombilla%20fundida%20o%20l%C3%ADquido%20limp.pdf
,12. [MOVIL] El Salvavidas del Móvil (Cámara y Voz),"[Sesión 29] MOVIL - 029 Billete de Tren de Renfe Coche, plaza y hora límite de embarque (PDF)",Disponible en Sesión 29. Paso 12: El Salvavidas del Móvil (Cámara y voz con la app de Gemini ante la pantalla). Acceso directo al recurso interactivo.,https://javiercursocorreo-gif.github.io/Curso-IA/CLASES/EXPORTACION_FICHAS_CLASSROOM_PDF/100.%20%5BSESSIONS%5D%20TERNAS_LISTAS_PARA_CLASSROOM/29_Sesion/12.%20MOVIL-029_Billete%20de%20Tren%20de%20Renfe_%20Coche%2C%20plaza%20y%20hora%20l%C3%ADmite%20de%20embarque.pdf
,12. [MOVIL] El Salvavidas del Móvil (Cámara y Voz),[Sesión 30] MOVIL - 030 Tarjeta de Embarque de Avión Puerta y grupo de embarque (PDF),Disponible en Sesión 30. Paso 12: El Salvavidas del Móvil (Cámara y voz con la app de Gemini ante la pantalla). Acceso directo al recurso interactivo.,https://javiercursocorreo-gif.github.io/Curso-IA/CLASES/EXPORTACION_FICHAS_CLASSROOM_PDF/100.%20%5BSESSIONS%5D%20TERNAS_LISTAS_PARA_CLASSROOM/30_Sesion/12.%20MOVIL-030_Tarjeta%20de%20Embarque%20de%20Avi%C3%B3n_%20Puerta%20y%20grupo%20de%20embarque.pdf
,12. [MOVIL] El Salvavidas del Móvil (Cámara y Voz),[Sesión 31] MOVIL - 031 Parquímetro de Zona Azul Horarios de pago y tarifa gratuita (PDF),Disponible en Sesión 31. Paso 12: El Salvavidas del Móvil (Cámara y voz con la app de Gemini ante la pantalla). Acceso directo al recurso interactivo.,https://javiercursocorreo-gif.github.io/Curso-IA/CLASES/EXPORTACION_FICHAS_CLASSROOM_PDF/100.%20%5BSESSIONS%5D%20TERNAS_LISTAS_PARA_CLASSROOM/31_Sesion/12.%20MOVIL-031_Parqu%C3%ADmetro%20de%20Zona%20Azul_%20Horarios%20de%20pago%20y%20tarifa%20gratuita.pdf
,12. [MOVIL] El Salvavidas del Móvil (Cámara y Voz),[Sesión 32] MOVIL - 032 Máquina de Billetes de Metro Elegir bono de 10 viajes (PDF),Disponible en Sesión 32. Paso 12: El Salvavidas del Móvil (Cámara y voz con la app de Gemini ante la pantalla). Acceso directo al recurso interactivo.,https://javiercursocorreo-gif.github.io/Curso-IA/CLASES/EXPORTACION_FICHAS_CLASSROOM_PDF/100.%20%5BSESSIONS%5D%20TERNAS_LISTAS_PARA_CLASSROOM/32_Sesion/12.%20MOVIL-032_M%C3%A1quina%20de%20Billetes%20de%20Metro_%20Elegir%20bono%20de%2010%20viajes.pdf
,12. [MOVIL] El Salvavidas del Móvil (Cámara y Voz),[Sesión 33] MOVIL - 033 Señal de Tráfico de Estacionamiento Excepción por carga y descar (PDF),Disponible en Sesión 33. Paso 12: El Salvavidas del Móvil (Cámara y voz con la app de Gemini ante la pantalla). Acceso directo al recurso interactivo.,https://javiercursocorreo-gif.github.io/Curso-IA/CLASES/EXPORTACION_FICHAS_CLASSROOM_PDF/100.%20%5BSESSIONS%5D%20TERNAS_LISTAS_PARA_CLASSROOM/33_Sesion/12.%20MOVIL-033_Se%C3%B1al%20de%20Tr%C3%A1fico%20de%20Estacionamiento_%20Excepci%C3%B3n%20por%20carga%20y%20descar.pdf
,12. [MOVIL] El Salvavidas del Móvil (Cámara y Voz),[Sesión 34] MOVIL - 034 Panel de Salidas de Estación Localizar andén o vía (PDF),Disponible en Sesión 34. Paso 12: El Salvavidas del Móvil (Cámara y voz con la app de Gemini ante la pantalla). Acceso directo al recurso interactivo.,https://javiercursocorreo-gif.github.io/Curso-IA/CLASES/EXPORTACION_FICHAS_CLASSROOM_PDF/100.%20%5BSESSIONS%5D%20TERNAS_LISTAS_PARA_CLASSROOM/34_Sesion/12.%20MOVIL-034_Panel%20de%20Salidas%20de%20Estaci%C3%B3n_%20Localizar%20and%C3%A9n%20o%20v%C3%ADa.pdf
,12. [MOVIL] El Salvavidas del Móvil (Cámara y Voz),[Sesión 35] MOVIL - 035 Router Wifi Nombre de red (SSID) y contraseña de fábrica (PDF),Disponible en Sesión 35. Paso 12: El Salvavidas del Móvil (Cámara y voz con la app de Gemini ante la pantalla). Acceso directo al recurso interactivo.,https://javiercursocorreo-gif.github.io/Curso-IA/CLASES/EXPORTACION_FICHAS_CLASSROOM_PDF/100.%20%5BSESSIONS%5D%20TERNAS_LISTAS_PARA_CLASSROOM/35_Sesion/12.%20MOVIL-035_Router%20Wifi_%20Nombre%20de%20red%20%28SSID%29%20y%20contrase%C3%B1a%20de%20f%C3%A1brica.pdf
,12. [MOVIL] El Salvavidas del Móvil (Cámara y Voz),[Sesión 36] MOVIL - 036 Mando de Televisión Inteligente Botón 'Source Input' para ver (PDF),Disponible en Sesión 36. Paso 12: El Salvavidas del Móvil (Cámara y voz con la app de Gemini ante la pantalla). Acceso directo al recurso interactivo.,https://javiercursocorreo-gif.github.io/Curso-IA/CLASES/EXPORTACION_FICHAS_CLASSROOM_PDF/100.%20%5BSESSIONS%5D%20TERNAS_LISTAS_PARA_CLASSROOM/36_Sesion/12.%20MOVIL-036_Mando%20de%20Televisi%C3%B3n%20Inteligente_%20Bot%C3%B3n%20%27Source%20_%20Input%27%20para%20ver%20.pdf
,12. [MOVIL] El Salvavidas del Móvil (Cámara y Voz),[Sesión 37] MOVIL - 037 Regleta con Protector Botón Reset saltado (PDF),Disponible en Sesión 37. Paso 12: El Salvavidas del Móvil (Cámara y voz con la app de Gemini ante la pantalla). Acceso directo al recurso interactivo.,https://javiercursocorreo-gif.github.io/Curso-IA/CLASES/EXPORTACION_FICHAS_CLASSROOM_PDF/100.%20%5BSESSIONS%5D%20TERNAS_LISTAS_PARA_CLASSROOM/37_Sesion/12.%20MOVIL-037_Regleta%20con%20Protector_%20Bot%C3%B3n%20Reset%20saltado.pdf
,12. [MOVIL] El Salvavidas del Móvil (Cámara y Voz),[Sesión 38] MOVIL - 038 Identificación de Cables USB - C vs USB clásico vs HDMI (PDF),Disponible en Sesión 38. Paso 12: El Salvavidas del Móvil (Cámara y voz con la app de Gemini ante la pantalla). Acceso directo al recurso interactivo.,https://javiercursocorreo-gif.github.io/Curso-IA/CLASES/EXPORTACION_FICHAS_CLASSROOM_PDF/100.%20%5BSESSIONS%5D%20TERNAS_LISTAS_PARA_CLASSROOM/38_Sesion/12.%20MOVIL-038_Identificaci%C3%B3n%20de%20Cables_%20USB-C%20vs%20USB%20cl%C3%A1sico%20vs%20HDMI.pdf
,12. [MOVIL] El Salvavidas del Móvil (Cámara y Voz),[Sesión 39] MOVIL - 039 Pantalla del PC Mensaje de 'No hay conexión a internet' (PDF),Disponible en Sesión 39. Paso 12: El Salvavidas del Móvil (Cámara y voz con la app de Gemini ante la pantalla). Acceso directo al recurso interactivo.,https://javiercursocorreo-gif.github.io/Curso-IA/CLASES/EXPORTACION_FICHAS_CLASSROOM_PDF/100.%20%5BSESSIONS%5D%20TERNAS_LISTAS_PARA_CLASSROOM/39_Sesion/12.%20MOVIL-039_Pantalla%20del%20PC_%20Mensaje%20de%20%27No%20hay%20conexi%C3%B3n%20a%20internet%27.pdf
,12. [MOVIL] El Salvavidas del Móvil (Cámara y Voz),[Sesión 40] MOVIL - 040 Cajero Automático Mensaje sobre comisión por retirada (PDF),Disponible en Sesión 40. Paso 12: El Salvavidas del Móvil (Cámara y voz con la app de Gemini ante la pantalla). Acceso directo al recurso interactivo.,https://javiercursocorreo-gif.github.io/Curso-IA/CLASES/EXPORTACION_FICHAS_CLASSROOM_PDF/100.%20%5BSESSIONS%5D%20TERNAS_LISTAS_PARA_CLASSROOM/40_Sesion/12.%20MOVIL-040_Cajero%20Autom%C3%A1tico_%20Mensaje%20sobre%20comisi%C3%B3n%20por%20retirada.pdf
,12. [MOVIL] El Salvavidas del Móvil (Cámara y Voz),[Sesión 41] MOVIL - 041 Dispositivo de Teleasistencia Luces verde y roja del medallón (PDF),Disponible en Sesión 41. Paso 12: El Salvavidas del Móvil (Cámara y voz con la app de Gemini ante la pantalla). Acceso directo al recurso interactivo.,https://javiercursocorreo-gif.github.io/Curso-IA/CLASES/EXPORTACION_FICHAS_CLASSROOM_PDF/100.%20%5BSESSIONS%5D%20TERNAS_LISTAS_PARA_CLASSROOM/41_Sesion/12.%20MOVIL-041_Dispositivo%20de%20Teleasistencia_%20Luces%20verde%20y%20roja%20del%20medall%C3%B3n.pdf
,12. [MOVIL] El Salvavidas del Móvil (Cámara y Voz),[Sesión 42] MOVIL - 042 Auriculares Inalámbricos Luz parpadeante de emparejamiento Bluet (PDF),Disponible en Sesión 42. Paso 12: El Salvavidas del Móvil (Cámara y voz con la app de Gemini ante la pantalla). Acceso directo al recurso interactivo.,https://javiercursocorreo-gif.github.io/Curso-IA/CLASES/EXPORTACION_FICHAS_CLASSROOM_PDF/100.%20%5BSESSIONS%5D%20TERNAS_LISTAS_PARA_CLASSROOM/42_Sesion/12.%20MOVIL-042_Auriculares%20Inal%C3%A1mbricos_%20Luz%20parpadeante%20de%20emparejamiento%20Bluet.pdf
,12. [MOVIL] El Salvavidas del Móvil (Cámara y Voz),[Sesión 43] MOVIL - 043 Planta de Interior Hojas amarillentas con puntas secas (PDF),Disponible en Sesión 43. Paso 12: El Salvavidas del Móvil (Cámara y voz con la app de Gemini ante la pantalla). Acceso directo al recurso interactivo.,https://javiercursocorreo-gif.github.io/Curso-IA/CLASES/EXPORTACION_FICHAS_CLASSROOM_PDF/100.%20%5BSESSIONS%5D%20TERNAS_LISTAS_PARA_CLASSROOM/43_Sesion/12.%20MOVIL-043_Planta%20de%20Interior_%20Hojas%20amarillentas%20con%20puntas%20secas.pdf
,12. [MOVIL] El Salvavidas del Móvil (Cámara y Voz),[Sesión 45] MOVIL - 045 Contador de Agua Números negros vs números rojos (PDF),Disponible en Sesión 45. Paso 12: El Salvavidas del Móvil (Cámara y voz con la app de Gemini ante la pantalla). Acceso directo al recurso interactivo.,https://javiercursocorreo-gif.github.io/Curso-IA/CLASES/EXPORTACION_FICHAS_CLASSROOM_PDF/100.%20%5BSESSIONS%5D%20TERNAS_LISTAS_PARA_CLASSROOM/45_Sesion/12.%20MOVIL-045_Contador%20de%20Agua_%20N%C3%BAmeros%20negros%20vs%20n%C3%BAmeros%20rojos.pdf
,12. [MOVIL] El Salvavidas del Móvil (Cámara y Voz),[Sesión 46] MOVIL - 046 Llave de Paso General del Agua Abierta vs cerrada (PDF),Disponible en Sesión 46. Paso 12: El Salvavidas del Móvil (Cámara y voz con la app de Gemini ante la pantalla). Acceso directo al recurso interactivo.,https://javiercursocorreo-gif.github.io/Curso-IA/CLASES/EXPORTACION_FICHAS_CLASSROOM_PDF/100.%20%5BSESSIONS%5D%20TERNAS_LISTAS_PARA_CLASSROOM/46_Sesion/12.%20MOVIL-046_Llave%20de%20Paso%20General%20del%20Agua_%20Abierta%20vs%20cerrada.pdf
,12. [MOVIL] El Salvavidas del Móvil (Cámara y Voz),[Sesión 47] MOVIL - 047 Grifo con Manchas de Cal Grifería cromada opaca (PDF),Disponible en Sesión 47. Paso 12: El Salvavidas del Móvil (Cámara y voz con la app de Gemini ante la pantalla). Acceso directo al recurso interactivo.,https://javiercursocorreo-gif.github.io/Curso-IA/CLASES/EXPORTACION_FICHAS_CLASSROOM_PDF/100.%20%5BSESSIONS%5D%20TERNAS_LISTAS_PARA_CLASSROOM/47_Sesion/12.%20MOVIL-047_Grifo%20con%20Manchas%20de%20Cal_%20Grifer%C3%ADa%20cromada%20opaca.pdf
,12. [MOVIL] El Salvavidas del Móvil (Cámara y Voz),[Sesión 48] MOVIL - 048 Sustrato de Jardinería Proporción N - P - K en abono (PDF),Disponible en Sesión 48. Paso 12: El Salvavidas del Móvil (Cámara y voz con la app de Gemini ante la pantalla). Acceso directo al recurso interactivo.,https://javiercursocorreo-gif.github.io/Curso-IA/CLASES/EXPORTACION_FICHAS_CLASSROOM_PDF/100.%20%5BSESSIONS%5D%20TERNAS_LISTAS_PARA_CLASSROOM/48_Sesion/12.%20MOVIL-048_Sustrato%20de%20Jardiner%C3%ADa_%20Proporci%C3%B3n%20N-P-K%20en%20abono.pdf
,12. [MOVIL] El Salvavidas del Móvil (Cámara y Voz),[Sesión 49] MOVIL - 049 Filtro de Campana Extractora Malla metálica saturada (PDF),Disponible en Sesión 49. Paso 12: El Salvavidas del Móvil (Cámara y voz con la app de Gemini ante la pantalla). Acceso directo al recurso interactivo.,https://javiercursocorreo-gif.github.io/Curso-IA/CLASES/EXPORTACION_FICHAS_CLASSROOM_PDF/100.%20%5BSESSIONS%5D%20TERNAS_LISTAS_PARA_CLASSROOM/49_Sesion/12.%20MOVIL-049_Filtro%20de%20Campana%20Extractora_%20Malla%20met%C3%A1lica%20saturada.pdf
,12. [MOVIL] El Salvavidas del Móvil (Cámara y Voz),[Sesión 50] MOVIL - 050 Termostato Inalámbrico Modo automático vs manual de confort (PDF),Disponible en Sesión 50. Paso 12: El Salvavidas del Móvil (Cámara y voz con la app de Gemini ante la pantalla). Acceso directo al recurso interactivo.,https://javiercursocorreo-gif.github.io/Curso-IA/CLASES/EXPORTACION_FICHAS_CLASSROOM_PDF/100.%20%5BSESSIONS%5D%20TERNAS_LISTAS_PARA_CLASSROOM/50_Sesion/12.%20MOVIL-050_Termostato%20Inal%C3%A1mbrico_%20Modo%20autom%C3%A1tico%20vs%20manual%20de%20confort.pdf
,12. [MOVIL] El Salvavidas del Móvil (Cámara y Voz),[Sesión 51] MOVIL - 051 Etiqueta Nutricional Azúcares añadidos en alimentos procesados (PDF),Disponible en Sesión 51. Paso 12: El Salvavidas del Móvil (Cámara y voz con la app de Gemini ante la pantalla). Acceso directo al recurso interactivo.,https://javiercursocorreo-gif.github.io/Curso-IA/CLASES/EXPORTACION_FICHAS_CLASSROOM_PDF/100.%20%5BSESSIONS%5D%20TERNAS_LISTAS_PARA_CLASSROOM/51_Sesion/12.%20MOVIL-051_Etiqueta%20Nutricional_%20Az%C3%BAcares%20a%C3%B1adidos%20en%20alimentos%20procesados.pdf
,12. [MOVIL] El Salvavidas del Móvil (Cámara y Voz),[Sesión 52] MOVIL - 052 Fecha de Caducidad vs Consumo Preferente Paquete de legumbres o (PDF),Disponible en Sesión 52. Paso 12: El Salvavidas del Móvil (Cámara y voz con la app de Gemini ante la pantalla). Acceso directo al recurso interactivo.,https://javiercursocorreo-gif.github.io/Curso-IA/CLASES/EXPORTACION_FICHAS_CLASSROOM_PDF/100.%20%5BSESSIONS%5D%20TERNAS_LISTAS_PARA_CLASSROOM/52_Sesion/12.%20MOVIL-052_Fecha%20de%20Caducidad%20vs%20Consumo%20Preferente_%20Paquete%20de%20legumbres%20o%20.pdf
,12. [MOVIL] El Salvavidas del Móvil (Cámara y Voz),[Sesión 53] MOVIL - 053 Lista de Ingredientes Detección de alérgenos y aditivos E - xxx (PDF),Disponible en Sesión 53. Paso 12: El Salvavidas del Móvil (Cámara y voz con la app de Gemini ante la pantalla). Acceso directo al recurso interactivo.,https://javiercursocorreo-gif.github.io/Curso-IA/CLASES/EXPORTACION_FICHAS_CLASSROOM_PDF/100.%20%5BSESSIONS%5D%20TERNAS_LISTAS_PARA_CLASSROOM/53_Sesion/12.%20MOVIL-053_Lista%20de%20Ingredientes_%20Detecci%C3%B3n%20de%20al%C3%A9rgenos%20y%20aditivos%20E-xxx.pdf
,12. [MOVIL] El Salvavidas del Móvil (Cámara y Voz),"[Sesión 54] MOVIL - 054 Etiquetas de Jamón Ibérico Precinto de color (Negro, Rojo, Verde (PDF)",Disponible en Sesión 54. Paso 12: El Salvavidas del Móvil (Cámara y voz con la app de Gemini ante la pantalla). Acceso directo al recurso interactivo.,https://javiercursocorreo-gif.github.io/Curso-IA/CLASES/EXPORTACION_FICHAS_CLASSROOM_PDF/100.%20%5BSESSIONS%5D%20TERNAS_LISTAS_PARA_CLASSROOM/54_Sesion/12.%20MOVIL-054_Etiquetas%20de%20Jam%C3%B3n%20Ib%C3%A9rico_%20Precinto%20de%20color%20%28Negro%2C%20Rojo%2C%20Verde.pdf
,12. [MOVIL] El Salvavidas del Móvil (Cámara y Voz),[Sesión 55] MOVIL - 055 Etiqueta Adhesiva de Fruta Código PLU de 4 o 5 dígitos (PDF),Disponible en Sesión 55. Paso 12: El Salvavidas del Móvil (Cámara y voz con la app de Gemini ante la pantalla). Acceso directo al recurso interactivo.,https://javiercursocorreo-gif.github.io/Curso-IA/CLASES/EXPORTACION_FICHAS_CLASSROOM_PDF/100.%20%5BSESSIONS%5D%20TERNAS_LISTAS_PARA_CLASSROOM/55_Sesion/12.%20MOVIL-055_Etiqueta%20Adhesiva%20de%20Fruta_%20C%C3%B3digo%20PLU%20de%204%20o%205%20d%C3%ADgitos.pdf
,12. [MOVIL] El Salvavidas del Móvil (Cámara y Voz),[Sesión 56] MOVIL - 056 Pescado Fresco de Pescadería Ojo brillante y agallas rojas (PDF),Disponible en Sesión 56. Paso 12: El Salvavidas del Móvil (Cámara y voz con la app de Gemini ante la pantalla). Acceso directo al recurso interactivo.,https://javiercursocorreo-gif.github.io/Curso-IA/CLASES/EXPORTACION_FICHAS_CLASSROOM_PDF/100.%20%5BSESSIONS%5D%20TERNAS_LISTAS_PARA_CLASSROOM/56_Sesion/12.%20MOVIL-056_Pescado%20Fresco%20de%20Pescader%C3%ADa_%20Ojo%20brillante%20y%20agallas%20rojas.pdf
,12. [MOVIL] El Salvavidas del Móvil (Cámara y Voz),[Sesión 57] MOVIL - 057 Brocas de Taladro Madera vs Pared vs Metal (PDF),Disponible en Sesión 57. Paso 12: El Salvavidas del Móvil (Cámara y voz con la app de Gemini ante la pantalla). Acceso directo al recurso interactivo.,https://javiercursocorreo-gif.github.io/Curso-IA/CLASES/EXPORTACION_FICHAS_CLASSROOM_PDF/100.%20%5BSESSIONS%5D%20TERNAS_LISTAS_PARA_CLASSROOM/57_Sesion/12.%20MOVIL-057_Brocas%20de%20Taladro_%20Madera%20vs%20Pared%20vs%20Metal.pdf
,12. [MOVIL] El Salvavidas del Móvil (Cámara y Voz),[Sesión 58] MOVIL - 058 Tacos y Tornillos Emparejar el grosor adecuado (PDF),Disponible en Sesión 58. Paso 12: El Salvavidas del Móvil (Cámara y voz con la app de Gemini ante la pantalla). Acceso directo al recurso interactivo.,https://javiercursocorreo-gif.github.io/Curso-IA/CLASES/EXPORTACION_FICHAS_CLASSROOM_PDF/100.%20%5BSESSIONS%5D%20TERNAS_LISTAS_PARA_CLASSROOM/58_Sesion/12.%20MOVIL-058_Tacos%20y%20Tornillos_%20Emparejar%20el%20grosor%20adecuado.pdf
,12. [MOVIL] El Salvavidas del Móvil (Cámara y Voz),[Sesión 59] MOVIL - 059 Cinta de Teflón en Fontanería Sentido de giro del hilo (PDF),Disponible en Sesión 59. Paso 12: El Salvavidas del Móvil (Cámara y voz con la app de Gemini ante la pantalla). Acceso directo al recurso interactivo.,https://javiercursocorreo-gif.github.io/Curso-IA/CLASES/EXPORTACION_FICHAS_CLASSROOM_PDF/100.%20%5BSESSIONS%5D%20TERNAS_LISTAS_PARA_CLASSROOM/59_Sesion/12.%20MOVIL-059_Cinta%20de%20Tefl%C3%B3n%20en%20Fontaner%C3%ADa_%20Sentido%20de%20giro%20del%20hilo.pdf
,12. [MOVIL] El Salvavidas del Móvil (Cámara y Voz),[Sesión 60] MOVIL - 060 Maletín de Herramientas Básico Llave inglesa vs llave fija (PDF),Disponible en Sesión 60. Paso 12: El Salvavidas del Móvil (Cámara y voz con la app de Gemini ante la pantalla). Acceso directo al recurso interactivo.,https://javiercursocorreo-gif.github.io/Curso-IA/CLASES/EXPORTACION_FICHAS_CLASSROOM_PDF/100.%20%5BSESSIONS%5D%20TERNAS_LISTAS_PARA_CLASSROOM/60_Sesion_Cierre/12.%20MOVIL-060_Malet%C3%ADn%20de%20Herramientas%20B%C3%A1sico_%20Llave%20inglesa%20vs%20llave%20fija.pdf
,13. [MEM] Cápsula de la Memoria,[Sesión 01] MEM - 001 La Plaza o el Barrio de Mi Infancia Juegos de Calle (Peonza y Ca (PDF),Disponible en Sesión 01. Paso 13: Cápsula de la Memoria (Fotos de pueblo o barrio con microrrelato para nietos). Acceso directo al recurso interactivo.,https://javiercursocorreo-gif.github.io/Curso-IA/CLASES/EXPORTACION_FICHAS_CLASSROOM_PDF/100.%20%5BSESSIONS%5D%20TERNAS_LISTAS_PARA_CLASSROOM/01_Sesion/13.%20MEM-001_La%20Plaza%20o%20el%20Barrio%20de%20Mi%20Infancia_%20Juegos%20de%20Calle%20%28Peonza%20y%20Ca.pdf
,13. [MEM] Cápsula de la Memoria,[Sesión 02] MEM - 002 El Lavadero Comunal o las Corralas de Vecinos El Olor a Jabón Ca (PDF),Disponible en Sesión 02. Paso 13: Cápsula de la Memoria (Fotos de pueblo o barrio con microrrelato para nietos). Acceso directo al recurso interactivo.,https://javiercursocorreo-gif.github.io/Curso-IA/CLASES/EXPORTACION_FICHAS_CLASSROOM_PDF/100.%20%5BSESSIONS%5D%20TERNAS_LISTAS_PARA_CLASSROOM/02_Sesion/13.%20MEM-002_El%20Lavadero%20Comunal%20o%20las%20Corralas%20de%20Vecinos_%20El%20Olor%20a%20Jab%C3%B3n%20Ca.pdf
,13. [MEM] Cápsula de la Memoria,[Sesión 03] MEM - 003 La Escuela de Barrio o Rural Pupitres de Madera Dobles y el Tint (PDF),Disponible en Sesión 03. Paso 13: Cápsula de la Memoria (Fotos de pueblo o barrio con microrrelato para nietos). Acceso directo al recurso interactivo.,https://javiercursocorreo-gif.github.io/Curso-IA/CLASES/EXPORTACION_FICHAS_CLASSROOM_PDF/100.%20%5BSESSIONS%5D%20TERNAS_LISTAS_PARA_CLASSROOM/03_Sesion/13.%20MEM-003_La%20Escuela%20de%20Barrio%20o%20Rural_%20Pupitres%20de%20Madera%20Dobles%20y%20el%20Tint.pdf
,13. [MEM] Cápsula de la Memoria,[Sesión 04] MEM - 004 La Tienda de Ultramarinos o la Vaquería de Barrio Balanza de Pes (PDF),Disponible en Sesión 04. Paso 13: Cápsula de la Memoria (Fotos de pueblo o barrio con microrrelato para nietos). Acceso directo al recurso interactivo.,https://javiercursocorreo-gif.github.io/Curso-IA/CLASES/EXPORTACION_FICHAS_CLASSROOM_PDF/100.%20%5BSESSIONS%5D%20TERNAS_LISTAS_PARA_CLASSROOM/04_Sesion/13.%20MEM-004_La%20Tienda%20de%20Ultramarinos%20o%20la%20Vaquer%C3%ADa%20de%20Barrio_%20Balanza%20de%20Pes.pdf
,13. [MEM] Cápsula de la Memoria,[Sesión 05] MEM - 005 El Primer Televisor del Barrio o del Bar Social (PDF),Disponible en Sesión 05. Paso 13: Cápsula de la Memoria (Fotos de pueblo o barrio con microrrelato para nietos). Acceso directo al recurso interactivo.,https://javiercursocorreo-gif.github.io/Curso-IA/CLASES/EXPORTACION_FICHAS_CLASSROOM_PDF/100.%20%5BSESSIONS%5D%20TERNAS_LISTAS_PARA_CLASSROOM/05_Sesion/13.%20MEM-005_El%20Primer%20Televisor%20del%20Barrio%20o%20del%20Bar%20Social.pdf
,13. [MEM] Cápsula de la Memoria,"[Sesión 06] MEM - 006 Juegos Tradicionales La Rayuela, las Chapas de Refresco y la Com (PDF)",Disponible en Sesión 06. Paso 13: Cápsula de la Memoria (Fotos de pueblo o barrio con microrrelato para nietos). Acceso directo al recurso interactivo.,https://javiercursocorreo-gif.github.io/Curso-IA/CLASES/EXPORTACION_FICHAS_CLASSROOM_PDF/100.%20%5BSESSIONS%5D%20TERNAS_LISTAS_PARA_CLASSROOM/06_Sesion/13.%20MEM-006_Juegos%20Tradicionales_%20La%20Rayuela%2C%20las%20Chapas%20de%20Refresco%20y%20la%20Com.pdf
,13. [MEM] Cápsula de la Memoria,[Sesión 07] MEM - 007 El Campo y los Parques Históricos De las Eras a la Casa de Campo (PDF),Disponible en Sesión 07. Paso 13: Cápsula de la Memoria (Fotos de pueblo o barrio con microrrelato para nietos). Acceso directo al recurso interactivo.,https://javiercursocorreo-gif.github.io/Curso-IA/CLASES/EXPORTACION_FICHAS_CLASSROOM_PDF/100.%20%5BSESSIONS%5D%20TERNAS_LISTAS_PARA_CLASSROOM/07_Sesion/13.%20MEM-007_El%20Campo%20y%20los%20Parques%20Hist%C3%B3ricos_%20De%20las%20Eras%20a%20la%20Casa%20de%20Campo.pdf
,13. [MEM] Cápsula de la Memoria,[Sesión 08] MEM - 008 El Seat 600 y los Tranvías Los Primeros Viajes en Familia (PDF),Disponible en Sesión 08. Paso 13: Cápsula de la Memoria (Fotos de pueblo o barrio con microrrelato para nietos). Acceso directo al recurso interactivo.,https://javiercursocorreo-gif.github.io/Curso-IA/CLASES/EXPORTACION_FICHAS_CLASSROOM_PDF/100.%20%5BSESSIONS%5D%20TERNAS_LISTAS_PARA_CLASSROOM/08_Sesion/13.%20MEM-008_El%20Seat%20600%20y%20los%20Tranv%C3%ADas_%20Los%20Primeros%20Viajes%20en%20Familia.pdf
,13. [MEM] Cápsula de la Memoria,[Sesión 09] MEM - 009 La Radio de Válvulas y las Radionovelas de la Tarde (PDF),Disponible en Sesión 09. Paso 13: Cápsula de la Memoria (Fotos de pueblo o barrio con microrrelato para nietos). Acceso directo al recurso interactivo.,https://javiercursocorreo-gif.github.io/Curso-IA/CLASES/EXPORTACION_FICHAS_CLASSROOM_PDF/100.%20%5BSESSIONS%5D%20TERNAS_LISTAS_PARA_CLASSROOM/09_Sesion/13.%20MEM-009_La%20Radio%20de%20V%C3%A1lvulas%20y%20las%20Radionovelas%20de%20la%20Tarde.pdf
,13. [MEM] Cápsula de la Memoria,[Sesión 10] MEM - 010 La Panadería de Barrio y el Pan de Horno de Leña (PDF),Disponible en Sesión 10. Paso 13: Cápsula de la Memoria (Fotos de pueblo o barrio con microrrelato para nietos). Acceso directo al recurso interactivo.,https://javiercursocorreo-gif.github.io/Curso-IA/CLASES/EXPORTACION_FICHAS_CLASSROOM_PDF/100.%20%5BSESSIONS%5D%20TERNAS_LISTAS_PARA_CLASSROOM/10_Sesion/13.%20MEM-010_La%20Panader%C3%ADa%20de%20Barrio%20y%20el%20Pan%20de%20Horno%20de%20Le%C3%B1a.pdf
,13. [MEM] Cápsula de la Memoria,[Sesión 11] MEM - 011 El Afilador con su Chiflo por las Calles de la Ciudad o del Puebl (PDF),Disponible en Sesión 11. Paso 13: Cápsula de la Memoria (Fotos de pueblo o barrio con microrrelato para nietos). Acceso directo al recurso interactivo.,https://javiercursocorreo-gif.github.io/Curso-IA/CLASES/EXPORTACION_FICHAS_CLASSROOM_PDF/100.%20%5BSESSIONS%5D%20TERNAS_LISTAS_PARA_CLASSROOM/11_Sesion/13.%20MEM-011_El%20Afilador%20con%20su%20Chiflo%20por%20las%20Calles%20de%20la%20Ciudad%20o%20del%20Puebl.pdf
,13. [MEM] Cápsula de la Memoria,[Sesión 12] MEM - 012 El Lechero y las Vaquerías Urbanas de Puerta en Puerta (PDF),Disponible en Sesión 12. Paso 13: Cápsula de la Memoria (Fotos de pueblo o barrio con microrrelato para nietos). Acceso directo al recurso interactivo.,https://javiercursocorreo-gif.github.io/Curso-IA/CLASES/EXPORTACION_FICHAS_CLASSROOM_PDF/100.%20%5BSESSIONS%5D%20TERNAS_LISTAS_PARA_CLASSROOM/12_Sesion/13.%20MEM-012_El%20Lechero%20y%20las%20Vaquer%C3%ADas%20Urbanas%20de%20Puerta%20en%20Puerta.pdf
,13. [MEM] Cápsula de la Memoria,[Sesión 13] MEM - 013 Las Verbenas Castizas y Fiestas Patronales El Baile y la Orquest (PDF),Disponible en Sesión 13. Paso 13: Cápsula de la Memoria (Fotos de pueblo o barrio con microrrelato para nietos). Acceso directo al recurso interactivo.,https://javiercursocorreo-gif.github.io/Curso-IA/CLASES/EXPORTACION_FICHAS_CLASSROOM_PDF/100.%20%5BSESSIONS%5D%20TERNAS_LISTAS_PARA_CLASSROOM/13_Sesion/13.%20MEM-013_Las%20Verbenas%20Castizas%20y%20Fiestas%20Patronales_%20El%20Baile%20y%20la%20Orquest.pdf
,13. [MEM] Cápsula de la Memoria,[Sesión 14] MEM - 014 El Botijo de Barro Blanco y el Botijo de Balcón para Enfriar el A (PDF),Disponible en Sesión 14. Paso 13: Cápsula de la Memoria (Fotos de pueblo o barrio con microrrelato para nietos). Acceso directo al recurso interactivo.,https://javiercursocorreo-gif.github.io/Curso-IA/CLASES/EXPORTACION_FICHAS_CLASSROOM_PDF/100.%20%5BSESSIONS%5D%20TERNAS_LISTAS_PARA_CLASSROOM/14_Sesion/13.%20MEM-014_El%20Botijo%20de%20Barro%20Blanco%20y%20el%20Botijo%20de%20Balc%C3%B3n%20para%20Enfriar%20el%20A.pdf
,13. [MEM] Cápsula de la Memoria,[Sesión 15] MEM - 015 La Merienda de la Infancia Pan con Chocolate o Pan con Aceite y (PDF),Disponible en Sesión 15. Paso 13: Cápsula de la Memoria (Fotos de pueblo o barrio con microrrelato para nietos). Acceso directo al recurso interactivo.,https://javiercursocorreo-gif.github.io/Curso-IA/CLASES/EXPORTACION_FICHAS_CLASSROOM_PDF/100.%20%5BSESSIONS%5D%20TERNAS_LISTAS_PARA_CLASSROOM/15_Sesion/13.%20MEM-015_La%20Merienda%20de%20la%20Infancia_%20Pan%20con%20Chocolate%20o%20Pan%20con%20Aceite%20y%20.pdf
,13. [MEM] Cápsula de la Memoria,[Sesión 16] MEM - 016 La Bicicleta Clásica de Hierro (BH o GAC) y los Paseos de Tarde (PDF),Disponible en Sesión 16. Paso 13: Cápsula de la Memoria (Fotos de pueblo o barrio con microrrelato para nietos). Acceso directo al recurso interactivo.,https://javiercursocorreo-gif.github.io/Curso-IA/CLASES/EXPORTACION_FICHAS_CLASSROOM_PDF/100.%20%5BSESSIONS%5D%20TERNAS_LISTAS_PARA_CLASSROOM/16_Sesion/13.%20MEM-016_La%20Bicicleta%20Cl%C3%A1sica%20de%20Hierro%20%28BH%20o%20GAC%29%20y%20los%20Paseos%20de%20Tarde.pdf
,13. [MEM] Cápsula de la Memoria,"[Sesión 17] MEM - 017 El Quiosco de Prensa, Pipas, Regaliz de Palo y Tebeos (PDF)",Disponible en Sesión 17. Paso 13: Cápsula de la Memoria (Fotos de pueblo o barrio con microrrelato para nietos). Acceso directo al recurso interactivo.,https://javiercursocorreo-gif.github.io/Curso-IA/CLASES/EXPORTACION_FICHAS_CLASSROOM_PDF/100.%20%5BSESSIONS%5D%20TERNAS_LISTAS_PARA_CLASSROOM/17_Sesion/13.%20MEM-017_El%20Quiosco%20de%20Prensa%2C%20Pipas%2C%20Regaliz%20de%20Palo%20y%20Tebeos.pdf
,13. [MEM] Cápsula de la Memoria,[Sesión 18] MEM - 018 El Fotógrafo Ambulante con Cámara de Fuelle y Decorado (PDF),Disponible en Sesión 18. Paso 13: Cápsula de la Memoria (Fotos de pueblo o barrio con microrrelato para nietos). Acceso directo al recurso interactivo.,https://javiercursocorreo-gif.github.io/Curso-IA/CLASES/EXPORTACION_FICHAS_CLASSROOM_PDF/100.%20%5BSESSIONS%5D%20TERNAS_LISTAS_PARA_CLASSROOM/18_Sesion/13.%20MEM-018_El%20Fot%C3%B3grafo%20Ambulante%20con%20C%C3%A1mara%20de%20Fuelle%20y%20Decorado.pdf
,13. [MEM] Cápsula de la Memoria,[Sesión 19] MEM - 019 La Máquina de Coser Singer a Pedal en el Salón (PDF),Disponible en Sesión 19. Paso 13: Cápsula de la Memoria (Fotos de pueblo o barrio con microrrelato para nietos). Acceso directo al recurso interactivo.,https://javiercursocorreo-gif.github.io/Curso-IA/CLASES/EXPORTACION_FICHAS_CLASSROOM_PDF/100.%20%5BSESSIONS%5D%20TERNAS_LISTAS_PARA_CLASSROOM/19_Sesion/13.%20MEM-019_La%20M%C3%A1quina%20de%20Coser%20Singer%20a%20Pedal%20en%20el%20Sal%C3%B3n.pdf
,13. [MEM] Cápsula de la Memoria,"[Sesión 20] MEM - 020 La Estación de Tren, el Metro o el Ferrobús de la Época (PDF)",Disponible en Sesión 20. Paso 13: Cápsula de la Memoria (Fotos de pueblo o barrio con microrrelato para nietos). Acceso directo al recurso interactivo.,https://javiercursocorreo-gif.github.io/Curso-IA/CLASES/EXPORTACION_FICHAS_CLASSROOM_PDF/100.%20%5BSESSIONS%5D%20TERNAS_LISTAS_PARA_CLASSROOM/20_Sesion/13.%20MEM-020_La%20Estaci%C3%B3n%20de%20Tren%2C%20el%20Metro%20o%20el%20Ferrob%C3%BAs%20de%20la%20%C3%89poca.pdf
,13. [MEM] Cápsula de la Memoria,[Sesión 21] MEM - 021 La Mesa Camilla con Brasero y Faldillas en Invierno (PDF),Disponible en Sesión 21. Paso 13: Cápsula de la Memoria (Fotos de pueblo o barrio con microrrelato para nietos). Acceso directo al recurso interactivo.,https://javiercursocorreo-gif.github.io/Curso-IA/CLASES/EXPORTACION_FICHAS_CLASSROOM_PDF/100.%20%5BSESSIONS%5D%20TERNAS_LISTAS_PARA_CLASSROOM/21_Sesion/13.%20MEM-021_La%20Mesa%20Camilla%20con%20Brasero%20y%20Faldillas%20en%20Invierno.pdf
,13. [MEM] Cápsula de la Memoria,[Sesión 22] MEM - 022 La Nevera de Hielo y la Compra de Barras Heladas (PDF),Disponible en Sesión 22. Paso 13: Cápsula de la Memoria (Fotos de pueblo o barrio con microrrelato para nietos). Acceso directo al recurso interactivo.,https://javiercursocorreo-gif.github.io/Curso-IA/CLASES/EXPORTACION_FICHAS_CLASSROOM_PDF/100.%20%5BSESSIONS%5D%20TERNAS_LISTAS_PARA_CLASSROOM/22_Sesion/13.%20MEM-022_La%20Nevera%20de%20Hielo%20y%20la%20Compra%20de%20Barras%20Heladas.pdf
,13. [MEM] Cápsula de la Memoria,"[Sesión 23] MEM - 023 El Sereno Nocturno con su Chuzo, Farol y Manojo de Llaves (PDF)",Disponible en Sesión 23. Paso 13: Cápsula de la Memoria (Fotos de pueblo o barrio con microrrelato para nietos). Acceso directo al recurso interactivo.,https://javiercursocorreo-gif.github.io/Curso-IA/CLASES/EXPORTACION_FICHAS_CLASSROOM_PDF/100.%20%5BSESSIONS%5D%20TERNAS_LISTAS_PARA_CLASSROOM/23_Sesion/13.%20MEM-023_El%20Sereno%20Nocturno%20con%20su%20Chuzo%2C%20Farol%20y%20Manojo%20de%20Llaves.pdf
,13. [MEM] Cápsula de la Memoria,[Sesión 24] MEM - 024 El Cartero con su Cartera de Cuero y las Cartas Manuscritas (PDF),Disponible en Sesión 24. Paso 13: Cápsula de la Memoria (Fotos de pueblo o barrio con microrrelato para nietos). Acceso directo al recurso interactivo.,https://javiercursocorreo-gif.github.io/Curso-IA/CLASES/EXPORTACION_FICHAS_CLASSROOM_PDF/100.%20%5BSESSIONS%5D%20TERNAS_LISTAS_PARA_CLASSROOM/24_Sesion/13.%20MEM-024_El%20Cartero%20con%20su%20Cartera%20de%20Cuero%20y%20las%20Cartas%20Manuscritas.pdf
,13. [MEM] Cápsula de la Memoria,[Sesión 25] MEM - 025 El Cine de Barrio o de Verano en la Pared Encalada (PDF),Disponible en Sesión 25. Paso 13: Cápsula de la Memoria (Fotos de pueblo o barrio con microrrelato para nietos). Acceso directo al recurso interactivo.,https://javiercursocorreo-gif.github.io/Curso-IA/CLASES/EXPORTACION_FICHAS_CLASSROOM_PDF/100.%20%5BSESSIONS%5D%20TERNAS_LISTAS_PARA_CLASSROOM/25_Sesion/13.%20MEM-025_El%20Cine%20de%20Barrio%20o%20de%20Verano%20en%20la%20Pared%20Encalada.pdf
,13. [MEM] Cápsula de la Memoria,[Sesión 26] MEM - 026 El Día de Reyes Juguetes de Hojalata y la Ilusión Sencilla (PDF),Disponible en Sesión 26. Paso 13: Cápsula de la Memoria (Fotos de pueblo o barrio con microrrelato para nietos). Acceso directo al recurso interactivo.,https://javiercursocorreo-gif.github.io/Curso-IA/CLASES/EXPORTACION_FICHAS_CLASSROOM_PDF/100.%20%5BSESSIONS%5D%20TERNAS_LISTAS_PARA_CLASSROOM/26_Sesion/13.%20MEM-026_El%20D%C3%ADa%20de%20Reyes_%20Juguetes%20de%20Hojalata%20y%20la%20Ilusi%C3%B3n%20Sencilla.pdf
,13. [MEM] Cápsula de la Memoria,[Sesión 27] MEM - 027 Los Cromos de Fútbol y Naturaleza en Álbumes de Papel (PDF),Disponible en Sesión 27. Paso 13: Cápsula de la Memoria (Fotos de pueblo o barrio con microrrelato para nietos). Acceso directo al recurso interactivo.,https://javiercursocorreo-gif.github.io/Curso-IA/CLASES/EXPORTACION_FICHAS_CLASSROOM_PDF/100.%20%5BSESSIONS%5D%20TERNAS_LISTAS_PARA_CLASSROOM/27_Sesion/13.%20MEM-027_Los%20Cromos%20de%20F%C3%BAtbol%20y%20Naturaleza%20en%20%C3%81lbumes%20de%20Papel.pdf
,13. [MEM] Cápsula de la Memoria,[Sesión 28] MEM - 028 El Mercado Tradicional de Abastos Tenderetes y Bullicio (PDF),Disponible en Sesión 28. Paso 13: Cápsula de la Memoria (Fotos de pueblo o barrio con microrrelato para nietos). Acceso directo al recurso interactivo.,https://javiercursocorreo-gif.github.io/Curso-IA/CLASES/EXPORTACION_FICHAS_CLASSROOM_PDF/100.%20%5BSESSIONS%5D%20TERNAS_LISTAS_PARA_CLASSROOM/28_Sesion/13.%20MEM-028_El%20Mercado%20Tradicional%20de%20Abastos_%20Tenderetes%20y%20Bullicio.pdf
,13. [MEM] Cápsula de la Memoria,[Sesión 29] MEM - 029 La Llegada del Hombre a la Luna (1969) en la Televisión (PDF),Disponible en Sesión 29. Paso 13: Cápsula de la Memoria (Fotos de pueblo o barrio con microrrelato para nietos). Acceso directo al recurso interactivo.,https://javiercursocorreo-gif.github.io/Curso-IA/CLASES/EXPORTACION_FICHAS_CLASSROOM_PDF/100.%20%5BSESSIONS%5D%20TERNAS_LISTAS_PARA_CLASSROOM/29_Sesion/13.%20MEM-029_La%20Llegada%20del%20Hombre%20a%20la%20Luna%20%281969%29%20en%20la%20Televisi%C3%B3n.pdf
,13. [MEM] Cápsula de la Memoria,[Sesión 30] MEM - 030 El Tocadiscos Portátil ('Pick - up') y los Guateques Juveniles (PDF),Disponible en Sesión 30. Paso 13: Cápsula de la Memoria (Fotos de pueblo o barrio con microrrelato para nietos). Acceso directo al recurso interactivo.,https://javiercursocorreo-gif.github.io/Curso-IA/CLASES/EXPORTACION_FICHAS_CLASSROOM_PDF/100.%20%5BSESSIONS%5D%20TERNAS_LISTAS_PARA_CLASSROOM/30_Sesion/13.%20MEM-030_El%20Tocadiscos%20Port%C3%A1til%20%28%27Pick-up%27%29%20y%20los%20Guateques%20Juveniles.pdf
,13. [MEM] Cápsula de la Memoria,[Sesión 31] MEM - 031 Las Excursiones Familiares o el Día de Campo (PDF),Disponible en Sesión 31. Paso 13: Cápsula de la Memoria (Fotos de pueblo o barrio con microrrelato para nietos). Acceso directo al recurso interactivo.,https://javiercursocorreo-gif.github.io/Curso-IA/CLASES/EXPORTACION_FICHAS_CLASSROOM_PDF/100.%20%5BSESSIONS%5D%20TERNAS_LISTAS_PARA_CLASSROOM/31_Sesion/13.%20MEM-031_Las%20Excursiones%20Familiares%20o%20el%20D%C3%ADa%20de%20Campo.pdf
,13. [MEM] Cápsula de la Memoria,[Sesión 32] MEM - 032 Los Oficios Tradicionales de la Calle El Basurero de Carro y el (PDF),Disponible en Sesión 32. Paso 13: Cápsula de la Memoria (Fotos de pueblo o barrio con microrrelato para nietos). Acceso directo al recurso interactivo.,https://javiercursocorreo-gif.github.io/Curso-IA/CLASES/EXPORTACION_FICHAS_CLASSROOM_PDF/100.%20%5BSESSIONS%5D%20TERNAS_LISTAS_PARA_CLASSROOM/32_Sesion/13.%20MEM-032_Los%20Oficios%20Tradicionales%20de%20la%20Calle_%20El%20Basurero%20de%20Carro%20y%20el%20.pdf
,13. [MEM] Cápsula de la Memoria,[Sesión 33] MEM - 033 La Cocina de Carbón o de Gas Butano El Sonido de la Bombona Nara (PDF),Disponible en Sesión 33. Paso 13: Cápsula de la Memoria (Fotos de pueblo o barrio con microrrelato para nietos). Acceso directo al recurso interactivo.,https://javiercursocorreo-gif.github.io/Curso-IA/CLASES/EXPORTACION_FICHAS_CLASSROOM_PDF/100.%20%5BSESSIONS%5D%20TERNAS_LISTAS_PARA_CLASSROOM/33_Sesion/13.%20MEM-033_La%20Cocina%20de%20Carb%C3%B3n%20o%20de%20Gas%20Butano_%20El%20Sonido%20de%20la%20Bombona%20Nara.pdf
,13. [MEM] Cápsula de la Memoria,[Sesión 34] MEM - 034 Las Recetas Tradicionales de la Abuela El Guiso que Llenaba la C (PDF),Disponible en Sesión 34. Paso 13: Cápsula de la Memoria (Fotos de pueblo o barrio con microrrelato para nietos). Acceso directo al recurso interactivo.,https://javiercursocorreo-gif.github.io/Curso-IA/CLASES/EXPORTACION_FICHAS_CLASSROOM_PDF/100.%20%5BSESSIONS%5D%20TERNAS_LISTAS_PARA_CLASSROOM/34_Sesion/13.%20MEM-034_Las%20Recetas%20Tradicionales%20de%20la%20Abuela_%20El%20Guiso%20que%20Llenaba%20la%20C.pdf
,13. [MEM] Cápsula de la Memoria,"[Sesión 35] MEM - 035 Los Domingos de Paseo Elegante por la Gran Vía, la Alameda o la P (PDF)",Disponible en Sesión 35. Paso 13: Cápsula de la Memoria (Fotos de pueblo o barrio con microrrelato para nietos). Acceso directo al recurso interactivo.,https://javiercursocorreo-gif.github.io/Curso-IA/CLASES/EXPORTACION_FICHAS_CLASSROOM_PDF/100.%20%5BSESSIONS%5D%20TERNAS_LISTAS_PARA_CLASSROOM/35_Sesion/13.%20MEM-035_Los%20Domingos%20de%20Paseo%20Elegante%20por%20la%20Gran%20V%C3%ADa%2C%20la%20Alameda%20o%20la%20P.pdf
,13. [MEM] Cápsula de la Memoria,[Sesión 36] MEM - 036 La Máquina de Escribir Portátil Olivetti y el Papel de Calco (PDF),Disponible en Sesión 36. Paso 13: Cápsula de la Memoria (Fotos de pueblo o barrio con microrrelato para nietos). Acceso directo al recurso interactivo.,https://javiercursocorreo-gif.github.io/Curso-IA/CLASES/EXPORTACION_FICHAS_CLASSROOM_PDF/100.%20%5BSESSIONS%5D%20TERNAS_LISTAS_PARA_CLASSROOM/36_Sesion/13.%20MEM-036_La%20M%C3%A1quina%20de%20Escribir%20Port%C3%A1til%20Olivetti%20y%20el%20Papel%20de%20Calco.pdf
,13. [MEM] Cápsula de la Memoria,[Sesión 37] MEM - 037 La Cabina Telefónica Pública y las Monedas de Cinco Duros (PDF),Disponible en Sesión 37. Paso 13: Cápsula de la Memoria (Fotos de pueblo o barrio con microrrelato para nietos). Acceso directo al recurso interactivo.,https://javiercursocorreo-gif.github.io/Curso-IA/CLASES/EXPORTACION_FICHAS_CLASSROOM_PDF/100.%20%5BSESSIONS%5D%20TERNAS_LISTAS_PARA_CLASSROOM/37_Sesion/13.%20MEM-037_La%20Cabina%20Telef%C3%B3nica%20P%C3%BAblica%20y%20las%20Monedas%20de%20Cinco%20Duros.pdf
,13. [MEM] Cápsula de la Memoria,[Sesión 38] MEM - 038 El Zapatero Remendón con su Lezna y su Banqueta Baja (PDF),Disponible en Sesión 38. Paso 13: Cápsula de la Memoria (Fotos de pueblo o barrio con microrrelato para nietos). Acceso directo al recurso interactivo.,https://javiercursocorreo-gif.github.io/Curso-IA/CLASES/EXPORTACION_FICHAS_CLASSROOM_PDF/100.%20%5BSESSIONS%5D%20TERNAS_LISTAS_PARA_CLASSROOM/38_Sesion/13.%20MEM-038_El%20Zapatero%20Remend%C3%B3n%20con%20su%20Lezna%20y%20su%20Banqueta%20Baja.pdf
,13. [MEM] Cápsula de la Memoria,[Sesión 39] MEM - 039 Los Refranes y Dichos Populares de Mi Tierra (PDF),Disponible en Sesión 39. Paso 13: Cápsula de la Memoria (Fotos de pueblo o barrio con microrrelato para nietos). Acceso directo al recurso interactivo.,https://javiercursocorreo-gif.github.io/Curso-IA/CLASES/EXPORTACION_FICHAS_CLASSROOM_PDF/100.%20%5BSESSIONS%5D%20TERNAS_LISTAS_PARA_CLASSROOM/39_Sesion/13.%20MEM-039_Los%20Refranes%20y%20Dichos%20Populares%20de%20Mi%20Tierra.pdf
,13. [MEM] Cápsula de la Memoria,[Sesión 40] MEM - 040 El Regalo de Cumpleaños Hecho a Mano con Cariño (PDF),Disponible en Sesión 40. Paso 13: Cápsula de la Memoria (Fotos de pueblo o barrio con microrrelato para nietos). Acceso directo al recurso interactivo.,https://javiercursocorreo-gif.github.io/Curso-IA/CLASES/EXPORTACION_FICHAS_CLASSROOM_PDF/100.%20%5BSESSIONS%5D%20TERNAS_LISTAS_PARA_CLASSROOM/40_Sesion/13.%20MEM-040_El%20Regalo%20de%20Cumplea%C3%B1os%20Hecho%20a%20Mano%20con%20Cari%C3%B1o.pdf
,13. [MEM] Cápsula de la Memoria,"[Sesión 41] MEM - 041 El Botiquín Tradicional Agua Oxigenada, Mercromina y Manzanilla (PDF)",Disponible en Sesión 41. Paso 13: Cápsula de la Memoria (Fotos de pueblo o barrio con microrrelato para nietos). Acceso directo al recurso interactivo.,https://javiercursocorreo-gif.github.io/Curso-IA/CLASES/EXPORTACION_FICHAS_CLASSROOM_PDF/100.%20%5BSESSIONS%5D%20TERNAS_LISTAS_PARA_CLASSROOM/41_Sesion/13.%20MEM-041_El%20Botiqu%C3%ADn%20Tradicional_%20Agua%20Oxigenada%2C%20Mercromina%20y%20Manzanilla.pdf
,13. [MEM] Cápsula de la Memoria,[Sesión 42] MEM - 042 El Arreglo y Blanqueo de las Casas en Primavera (PDF),Disponible en Sesión 42. Paso 13: Cápsula de la Memoria (Fotos de pueblo o barrio con microrrelato para nietos). Acceso directo al recurso interactivo.,https://javiercursocorreo-gif.github.io/Curso-IA/CLASES/EXPORTACION_FICHAS_CLASSROOM_PDF/100.%20%5BSESSIONS%5D%20TERNAS_LISTAS_PARA_CLASSROOM/42_Sesion/13.%20MEM-042_El%20Arreglo%20y%20Blanqueo%20de%20las%20Casas%20en%20Primavera.pdf
,13. [MEM] Cápsula de la Memoria,[Sesión 43] MEM - 043 El Vaso de Leche con Galletas María y el Cola Cao (PDF),Disponible en Sesión 43. Paso 13: Cápsula de la Memoria (Fotos de pueblo o barrio con microrrelato para nietos). Acceso directo al recurso interactivo.,https://javiercursocorreo-gif.github.io/Curso-IA/CLASES/EXPORTACION_FICHAS_CLASSROOM_PDF/100.%20%5BSESSIONS%5D%20TERNAS_LISTAS_PARA_CLASSROOM/43_Sesion/13.%20MEM-043_El%20Vaso%20de%20Leche%20con%20Galletas%20Mar%C3%ADa%20y%20el%20Cola%20Cao.pdf
,13. [MEM] Cápsula de la Memoria,[Sesión 44] MEM - 044 Los Patinetes Caseros con Rodamientos de Bolas y Tablas (PDF),Disponible en Sesión 44. Paso 13: Cápsula de la Memoria (Fotos de pueblo o barrio con microrrelato para nietos). Acceso directo al recurso interactivo.,https://javiercursocorreo-gif.github.io/Curso-IA/CLASES/EXPORTACION_FICHAS_CLASSROOM_PDF/100.%20%5BSESSIONS%5D%20TERNAS_LISTAS_PARA_CLASSROOM/44_Sesion/13.%20MEM-044_Los%20Patinetes%20Caseros%20con%20Rodamientos%20de%20Bolas%20y%20Tablas.pdf
,13. [MEM] Cápsula de la Memoria,[Sesión 45] MEM - 045 Las Canciones Populares del Corro y la Comba (PDF),Disponible en Sesión 45. Paso 13: Cápsula de la Memoria (Fotos de pueblo o barrio con microrrelato para nietos). Acceso directo al recurso interactivo.,https://javiercursocorreo-gif.github.io/Curso-IA/CLASES/EXPORTACION_FICHAS_CLASSROOM_PDF/100.%20%5BSESSIONS%5D%20TERNAS_LISTAS_PARA_CLASSROOM/45_Sesion/13.%20MEM-045_Las%20Canciones%20Populares%20del%20Corro%20y%20la%20Comba.pdf
,13. [MEM] Cápsula de la Memoria,[Sesión 46] MEM - 046 El Primer Viaje en Autobús de Línea o en Metro (PDF),Disponible en Sesión 46. Paso 13: Cápsula de la Memoria (Fotos de pueblo o barrio con microrrelato para nietos). Acceso directo al recurso interactivo.,https://javiercursocorreo-gif.github.io/Curso-IA/CLASES/EXPORTACION_FICHAS_CLASSROOM_PDF/100.%20%5BSESSIONS%5D%20TERNAS_LISTAS_PARA_CLASSROOM/46_Sesion/13.%20MEM-046_El%20Primer%20Viaje%20en%20Autob%C3%BAs%20de%20L%C3%ADnea%20o%20en%20Metro.pdf
,13. [MEM] Cápsula de la Memoria,[Sesión 47] MEM - 047 El Huerto Familiar o las Plantas de la Terraza y Balcón (PDF),Disponible en Sesión 47. Paso 13: Cápsula de la Memoria (Fotos de pueblo o barrio con microrrelato para nietos). Acceso directo al recurso interactivo.,https://javiercursocorreo-gif.github.io/Curso-IA/CLASES/EXPORTACION_FICHAS_CLASSROOM_PDF/100.%20%5BSESSIONS%5D%20TERNAS_LISTAS_PARA_CLASSROOM/47_Sesion/13.%20MEM-047_El%20Huerto%20Familiar%20o%20las%20Plantas%20de%20la%20Terraza%20y%20Balc%C3%B3n.pdf
,13. [MEM] Cápsula de la Memoria,[Sesión 48] MEM - 048 La Zapatilla de Paño y la Alpargata Tradicional (PDF),Disponible en Sesión 48. Paso 13: Cápsula de la Memoria (Fotos de pueblo o barrio con microrrelato para nietos). Acceso directo al recurso interactivo.,https://javiercursocorreo-gif.github.io/Curso-IA/CLASES/EXPORTACION_FICHAS_CLASSROOM_PDF/100.%20%5BSESSIONS%5D%20TERNAS_LISTAS_PARA_CLASSROOM/48_Sesion/13.%20MEM-048_La%20Zapatilla%20de%20Pa%C3%B1o%20y%20la%20Alpargata%20Tradicional.pdf
,13. [MEM] Cápsula de la Memoria,"[Sesión 49] MEM - 049 Las Primeras Monedas La Peseta Rubia, el Duro y el Billete de Mi (PDF)",Disponible en Sesión 49. Paso 13: Cápsula de la Memoria (Fotos de pueblo o barrio con microrrelato para nietos). Acceso directo al recurso interactivo.,https://javiercursocorreo-gif.github.io/Curso-IA/CLASES/EXPORTACION_FICHAS_CLASSROOM_PDF/100.%20%5BSESSIONS%5D%20TERNAS_LISTAS_PARA_CLASSROOM/49_Sesion/13.%20MEM-049_Las%20Primeras%20Monedas_%20La%20Peseta%20Rubia%2C%20el%20Duro%20y%20el%20Billete%20de%20Mi.pdf
,13. [MEM] Cápsula de la Memoria,"[Sesión 50] MEM - 050 Las Infusiones y Tisanas Caseras Manzanilla, Tila y Poleo (PDF)",Disponible en Sesión 50. Paso 13: Cápsula de la Memoria (Fotos de pueblo o barrio con microrrelato para nietos). Acceso directo al recurso interactivo.,https://javiercursocorreo-gif.github.io/Curso-IA/CLASES/EXPORTACION_FICHAS_CLASSROOM_PDF/100.%20%5BSESSIONS%5D%20TERNAS_LISTAS_PARA_CLASSROOM/50_Sesion/13.%20MEM-050_Las%20Infusiones%20y%20Tisanas%20Caseras_%20Manzanilla%2C%20Tila%20y%20Poleo.pdf
,13. [MEM] Cápsula de la Memoria,"[Sesión 51] MEM - 051 El Mapa Sentimental de Mi Infancia Calles, Plazas y Esquinas Mít (PDF)",Disponible en Sesión 51. Paso 13: Cápsula de la Memoria (Fotos de pueblo o barrio con microrrelato para nietos). Acceso directo al recurso interactivo.,https://javiercursocorreo-gif.github.io/Curso-IA/CLASES/EXPORTACION_FICHAS_CLASSROOM_PDF/100.%20%5BSESSIONS%5D%20TERNAS_LISTAS_PARA_CLASSROOM/51_Sesion/13.%20MEM-051_El%20Mapa%20Sentimental%20de%20Mi%20Infancia_%20Calles%2C%20Plazas%20y%20Esquinas%20M%C3%ADt.pdf
,13. [MEM] Cápsula de la Memoria,[Sesión 52] MEM - 052 Las Noches de Verano al Fresco y las Historias Familiares (PDF),Disponible en Sesión 52. Paso 13: Cápsula de la Memoria (Fotos de pueblo o barrio con microrrelato para nietos). Acceso directo al recurso interactivo.,https://javiercursocorreo-gif.github.io/Curso-IA/CLASES/EXPORTACION_FICHAS_CLASSROOM_PDF/100.%20%5BSESSIONS%5D%20TERNAS_LISTAS_PARA_CLASSROOM/52_Sesion/13.%20MEM-052_Las%20Noches%20de%20Verano%20al%20Fresco%20y%20las%20Historias%20Familiares.pdf
,13. [MEM] Cápsula de la Memoria,[Sesión 53] MEM - 053 El Primer Empleo y el Orgullo del Esfuerzo (PDF),Disponible en Sesión 53. Paso 13: Cápsula de la Memoria (Fotos de pueblo o barrio con microrrelato para nietos). Acceso directo al recurso interactivo.,https://javiercursocorreo-gif.github.io/Curso-IA/CLASES/EXPORTACION_FICHAS_CLASSROOM_PDF/100.%20%5BSESSIONS%5D%20TERNAS_LISTAS_PARA_CLASSROOM/53_Sesion/13.%20MEM-053_El%20Primer%20Empleo%20y%20el%20Orgullo%20del%20Esfuerzo.pdf
,13. [MEM] Cápsula de la Memoria,[Sesión 54] MEM - 054 Las Fuentes Públicas y el Rito del Agua Fresca (PDF),Disponible en Sesión 54. Paso 13: Cápsula de la Memoria (Fotos de pueblo o barrio con microrrelato para nietos). Acceso directo al recurso interactivo.,https://javiercursocorreo-gif.github.io/Curso-IA/CLASES/EXPORTACION_FICHAS_CLASSROOM_PDF/100.%20%5BSESSIONS%5D%20TERNAS_LISTAS_PARA_CLASSROOM/54_Sesion/13.%20MEM-054_Las%20Fuentes%20P%C3%BAblicas%20y%20el%20Rito%20del%20Agua%20Fresca.pdf
,13. [MEM] Cápsula de la Memoria,[Sesión 55] MEM - 055 El Valor del Esfuerzo y los Estudios en Familia (PDF),Disponible en Sesión 55. Paso 13: Cápsula de la Memoria (Fotos de pueblo o barrio con microrrelato para nietos). Acceso directo al recurso interactivo.,https://javiercursocorreo-gif.github.io/Curso-IA/CLASES/EXPORTACION_FICHAS_CLASSROOM_PDF/100.%20%5BSESSIONS%5D%20TERNAS_LISTAS_PARA_CLASSROOM/55_Sesion/13.%20MEM-055_El%20Valor%20del%20Esfuerzo%20y%20los%20Estudios%20en%20Familia.pdf
,13. [MEM] Cápsula de la Memoria,[Sesión 56] MEM - 056 Las Grandes Nevadas de Invierno Muñecos de Nieve en la Calle (PDF),Disponible en Sesión 56. Paso 13: Cápsula de la Memoria (Fotos de pueblo o barrio con microrrelato para nietos). Acceso directo al recurso interactivo.,https://javiercursocorreo-gif.github.io/Curso-IA/CLASES/EXPORTACION_FICHAS_CLASSROOM_PDF/100.%20%5BSESSIONS%5D%20TERNAS_LISTAS_PARA_CLASSROOM/56_Sesion/13.%20MEM-056_Las%20Grandes%20Nevadas%20de%20Invierno_%20Mu%C3%B1ecos%20de%20Nieve%20en%20la%20Calle.pdf
,13. [MEM] Cápsula de la Memoria,[Sesión 57] MEM - 057 La Música que Marcó Mi Juventud De la Copla al Pop Español (PDF),Disponible en Sesión 57. Paso 13: Cápsula de la Memoria (Fotos de pueblo o barrio con microrrelato para nietos). Acceso directo al recurso interactivo.,https://javiercursocorreo-gif.github.io/Curso-IA/CLASES/EXPORTACION_FICHAS_CLASSROOM_PDF/100.%20%5BSESSIONS%5D%20TERNAS_LISTAS_PARA_CLASSROOM/57_Sesion/13.%20MEM-057_La%20M%C3%BAsica%20que%20Marc%C3%B3%20Mi%20Juventud_%20De%20la%20Copla%20al%20Pop%20Espa%C3%B1ol.pdf
,13. [MEM] Cápsula de la Memoria,[Sesión 58] MEM - 058 Las Celebraciones Familiares El Banquete y la Alegría Sencilla (PDF),Disponible en Sesión 58. Paso 13: Cápsula de la Memoria (Fotos de pueblo o barrio con microrrelato para nietos). Acceso directo al recurso interactivo.,https://javiercursocorreo-gif.github.io/Curso-IA/CLASES/EXPORTACION_FICHAS_CLASSROOM_PDF/100.%20%5BSESSIONS%5D%20TERNAS_LISTAS_PARA_CLASSROOM/58_Sesion/13.%20MEM-058_Las%20Celebraciones%20Familiares_%20El%20Banquete%20y%20la%20Alegr%C3%ADa%20Sencilla.pdf
,13. [MEM] Cápsula de la Memoria,[Sesión 59] MEM - 059 El Tesoro del Habla Popular Modismos y Giros de Mi Tierra (PDF),Disponible en Sesión 59. Paso 13: Cápsula de la Memoria (Fotos de pueblo o barrio con microrrelato para nietos). Acceso directo al recurso interactivo.,https://javiercursocorreo-gif.github.io/Curso-IA/CLASES/EXPORTACION_FICHAS_CLASSROOM_PDF/100.%20%5BSESSIONS%5D%20TERNAS_LISTAS_PARA_CLASSROOM/59_Sesion/13.%20MEM-059_El%20Tesoro%20del%20Habla%20Popular_%20Modismos%20y%20Giros%20de%20Mi%20Tierra.pdf
,13. [MEM] Cápsula de la Memoria,[Sesión 60] MEM - 060 La Carta al Futuro El Legado de un Abuelo para sus Nietos (PDF),Disponible en Sesión 60. Paso 13: Cápsula de la Memoria (Fotos de pueblo o barrio con microrrelato para nietos). Acceso directo al recurso interactivo.,https://javiercursocorreo-gif.github.io/Curso-IA/CLASES/EXPORTACION_FICHAS_CLASSROOM_PDF/100.%20%5BSESSIONS%5D%20TERNAS_LISTAS_PARA_CLASSROOM/60_Sesion_Cierre/13.%20MEM-060_La%20Carta%20al%20Futuro_%20El%20Legado%20de%20un%20Abuelo%20para%20sus%20Nietos.pdf
,14. [MEC] Cómo Funcionan las Cosas (Vídeo 3D),[Sesión 01] MEC - 001 El Cilindro del Motor de 4 Tiempos (PDF),Disponible en Sesión 01. Paso 14: Cómo Funcionan las Cosas (Mecánica e Ingeniería en Vídeo 3D de 10 seg con Gemini). Acceso directo al recurso interactivo.,https://javiercursocorreo-gif.github.io/Curso-IA/CLASES/EXPORTACION_FICHAS_CLASSROOM_PDF/100.%20%5BSESSIONS%5D%20TERNAS_LISTAS_PARA_CLASSROOM/01_Sesion/14.%20MEC-001_El%20Cilindro%20del%20Motor%20de%204%20Tiempos.pdf
,14. [MEC] Cómo Funcionan las Cosas (Vídeo 3D),[Sesión 02] MEC - 002 El Embrague de Fricción de Automóvil (PDF),Disponible en Sesión 02. Paso 14: Cómo Funcionan las Cosas (Mecánica e Ingeniería en Vídeo 3D de 10 seg con Gemini). Acceso directo al recurso interactivo.,https://javiercursocorreo-gif.github.io/Curso-IA/CLASES/EXPORTACION_FICHAS_CLASSROOM_PDF/100.%20%5BSESSIONS%5D%20TERNAS_LISTAS_PARA_CLASSROOM/02_Sesion/14.%20MEC-002_El%20Embrague%20de%20Fricci%C3%B3n%20de%20Autom%C3%B3vil.pdf
,14. [MEC] Cómo Funcionan las Cosas (Vídeo 3D),[Sesión 03] MEC - 003 El Diferencial de las Ruedas Traseras (PDF),Disponible en Sesión 03. Paso 14: Cómo Funcionan las Cosas (Mecánica e Ingeniería en Vídeo 3D de 10 seg con Gemini). Acceso directo al recurso interactivo.,https://javiercursocorreo-gif.github.io/Curso-IA/CLASES/EXPORTACION_FICHAS_CLASSROOM_PDF/100.%20%5BSESSIONS%5D%20TERNAS_LISTAS_PARA_CLASSROOM/03_Sesion/14.%20MEC-003_El%20Diferencial%20de%20las%20Ruedas%20Traseras.pdf
,14. [MEC] Cómo Funcionan las Cosas (Vídeo 3D),[Sesión 04] MEC - 004 Frenos de Disco Ventilados y Pinza Hidráulica (PDF),Disponible en Sesión 04. Paso 14: Cómo Funcionan las Cosas (Mecánica e Ingeniería en Vídeo 3D de 10 seg con Gemini). Acceso directo al recurso interactivo.,https://javiercursocorreo-gif.github.io/Curso-IA/CLASES/EXPORTACION_FICHAS_CLASSROOM_PDF/100.%20%5BSESSIONS%5D%20TERNAS_LISTAS_PARA_CLASSROOM/04_Sesion/14.%20MEC-004_Frenos%20de%20Disco%20Ventilados%20y%20Pinza%20Hidr%C3%A1ulica.pdf
,14. [MEC] Cómo Funcionan las Cosas (Vídeo 3D),[Sesión 05] MEC - 005 Caja de Cambios Manual y Sincronizadores (PDF),Disponible en Sesión 05. Paso 14: Cómo Funcionan las Cosas (Mecánica e Ingeniería en Vídeo 3D de 10 seg con Gemini). Acceso directo al recurso interactivo.,https://javiercursocorreo-gif.github.io/Curso-IA/CLASES/EXPORTACION_FICHAS_CLASSROOM_PDF/100.%20%5BSESSIONS%5D%20TERNAS_LISTAS_PARA_CLASSROOM/05_Sesion/14.%20MEC-005_Caja%20de%20Cambios%20Manual%20y%20Sincronizadores.pdf
,14. [MEC] Cómo Funcionan las Cosas (Vídeo 3D),[Sesión 06] MEC - 006 El Turbocompresor de Gases de Escape (PDF),Disponible en Sesión 06. Paso 14: Cómo Funcionan las Cosas (Mecánica e Ingeniería en Vídeo 3D de 10 seg con Gemini). Acceso directo al recurso interactivo.,https://javiercursocorreo-gif.github.io/Curso-IA/CLASES/EXPORTACION_FICHAS_CLASSROOM_PDF/100.%20%5BSESSIONS%5D%20TERNAS_LISTAS_PARA_CLASSROOM/06_Sesion/14.%20MEC-006_El%20Turbocompresor%20de%20Gases%20de%20Escape.pdf
,14. [MEC] Cómo Funcionan las Cosas (Vídeo 3D),[Sesión 07] MEC - 007 La Dirección de Cremallera y Piñón (PDF),Disponible en Sesión 07. Paso 14: Cómo Funcionan las Cosas (Mecánica e Ingeniería en Vídeo 3D de 10 seg con Gemini). Acceso directo al recurso interactivo.,https://javiercursocorreo-gif.github.io/Curso-IA/CLASES/EXPORTACION_FICHAS_CLASSROOM_PDF/100.%20%5BSESSIONS%5D%20TERNAS_LISTAS_PARA_CLASSROOM/07_Sesion/14.%20MEC-007_La%20Direcci%C3%B3n%20de%20Cremallera%20y%20Pi%C3%B1%C3%B3n.pdf
,14. [MEC] Cómo Funcionan las Cosas (Vídeo 3D),[Sesión 08] MEC - 008 Amortiguador Hidráulico Telescópico (PDF),Disponible en Sesión 08. Paso 14: Cómo Funcionan las Cosas (Mecánica e Ingeniería en Vídeo 3D de 10 seg con Gemini). Acceso directo al recurso interactivo.,https://javiercursocorreo-gif.github.io/Curso-IA/CLASES/EXPORTACION_FICHAS_CLASSROOM_PDF/100.%20%5BSESSIONS%5D%20TERNAS_LISTAS_PARA_CLASSROOM/08_Sesion/14.%20MEC-008_Amortiguador%20Hidr%C3%A1ulico%20Telesc%C3%B3pico.pdf
,14. [MEC] Cómo Funcionan las Cosas (Vídeo 3D),[Sesión 09] MEC - 009 El Motor Rotativo Wankel (PDF),Disponible en Sesión 09. Paso 14: Cómo Funcionan las Cosas (Mecánica e Ingeniería en Vídeo 3D de 10 seg con Gemini). Acceso directo al recurso interactivo.,https://javiercursocorreo-gif.github.io/Curso-IA/CLASES/EXPORTACION_FICHAS_CLASSROOM_PDF/100.%20%5BSESSIONS%5D%20TERNAS_LISTAS_PARA_CLASSROOM/09_Sesion/14.%20MEC-009_El%20Motor%20Rotativo%20Wankel.pdf
,14. [MEC] Cómo Funcionan las Cosas (Vídeo 3D),[Sesión 10] MEC - 010 El Distribuidor y la Bobina de Encendido (PDF),Disponible en Sesión 10. Paso 14: Cómo Funcionan las Cosas (Mecánica e Ingeniería en Vídeo 3D de 10 seg con Gemini). Acceso directo al recurso interactivo.,https://javiercursocorreo-gif.github.io/Curso-IA/CLASES/EXPORTACION_FICHAS_CLASSROOM_PDF/100.%20%5BSESSIONS%5D%20TERNAS_LISTAS_PARA_CLASSROOM/10_Sesion/14.%20MEC-010_El%20Distribuidor%20y%20la%20Bobina%20de%20Encendido.pdf
,14. [MEC] Cómo Funcionan las Cosas (Vídeo 3D),[Sesión 11] MEC - 011 La Cerradura de Bombín y Llave de Serreta (PDF),Disponible en Sesión 11. Paso 14: Cómo Funcionan las Cosas (Mecánica e Ingeniería en Vídeo 3D de 10 seg con Gemini). Acceso directo al recurso interactivo.,https://javiercursocorreo-gif.github.io/Curso-IA/CLASES/EXPORTACION_FICHAS_CLASSROOM_PDF/100.%20%5BSESSIONS%5D%20TERNAS_LISTAS_PARA_CLASSROOM/11_Sesion/14.%20MEC-011_La%20Cerradura%20de%20Bomb%C3%ADn%20y%20Llave%20de%20Serreta.pdf
,14. [MEC] Cómo Funcionan las Cosas (Vídeo 3D),[Sesión 12] MEC - 012 La Máquina de Coser y la Puntada de Cierre (PDF),Disponible en Sesión 12. Paso 14: Cómo Funcionan las Cosas (Mecánica e Ingeniería en Vídeo 3D de 10 seg con Gemini). Acceso directo al recurso interactivo.,https://javiercursocorreo-gif.github.io/Curso-IA/CLASES/EXPORTACION_FICHAS_CLASSROOM_PDF/100.%20%5BSESSIONS%5D%20TERNAS_LISTAS_PARA_CLASSROOM/12_Sesion/14.%20MEC-012_La%20M%C3%A1quina%20de%20Coser%20y%20la%20Puntada%20de%20Cierre.pdf
,14. [MEC] Cómo Funcionan las Cosas (Vídeo 3D),[Sesión 13] MEC - 013 El Bolígrafo de Clic Retráctil (PDF),Disponible en Sesión 13. Paso 14: Cómo Funcionan las Cosas (Mecánica e Ingeniería en Vídeo 3D de 10 seg con Gemini). Acceso directo al recurso interactivo.,https://javiercursocorreo-gif.github.io/Curso-IA/CLASES/EXPORTACION_FICHAS_CLASSROOM_PDF/100.%20%5BSESSIONS%5D%20TERNAS_LISTAS_PARA_CLASSROOM/13_Sesion/14.%20MEC-013_El%20Bol%C3%ADgrafo%20de%20Clic%20Retr%C3%A1ctil.pdf
,14. [MEC] Cómo Funcionan las Cosas (Vídeo 3D),[Sesión 14] MEC - 014 La Cremallera Metálica de la Ropa (PDF),Disponible en Sesión 14. Paso 14: Cómo Funcionan las Cosas (Mecánica e Ingeniería en Vídeo 3D de 10 seg con Gemini). Acceso directo al recurso interactivo.,https://javiercursocorreo-gif.github.io/Curso-IA/CLASES/EXPORTACION_FICHAS_CLASSROOM_PDF/100.%20%5BSESSIONS%5D%20TERNAS_LISTAS_PARA_CLASSROOM/14_Sesion/14.%20MEC-014_La%20Cremallera%20Met%C3%A1lica%20de%20la%20Ropa.pdf
,14. [MEC] Cómo Funcionan las Cosas (Vídeo 3D),[Sesión 15] MEC - 015 La Cisterna del Inodoro con Boya y Sifón (PDF),Disponible en Sesión 15. Paso 14: Cómo Funcionan las Cosas (Mecánica e Ingeniería en Vídeo 3D de 10 seg con Gemini). Acceso directo al recurso interactivo.,https://javiercursocorreo-gif.github.io/Curso-IA/CLASES/EXPORTACION_FICHAS_CLASSROOM_PDF/100.%20%5BSESSIONS%5D%20TERNAS_LISTAS_PARA_CLASSROOM/15_Sesion/14.%20MEC-015_La%20Cisterna%20del%20Inodoro%20con%20Boya%20y%20Sif%C3%B3n.pdf
,14. [MEC] Cómo Funcionan las Cosas (Vídeo 3D),[Sesión 16] MEC - 016 El Tostador de Pan Automático con Bimetal (PDF),Disponible en Sesión 16. Paso 14: Cómo Funcionan las Cosas (Mecánica e Ingeniería en Vídeo 3D de 10 seg con Gemini). Acceso directo al recurso interactivo.,https://javiercursocorreo-gif.github.io/Curso-IA/CLASES/EXPORTACION_FICHAS_CLASSROOM_PDF/100.%20%5BSESSIONS%5D%20TERNAS_LISTAS_PARA_CLASSROOM/16_Sesion/14.%20MEC-016_El%20Tostador%20de%20Pan%20Autom%C3%A1tico%20con%20Bimetal.pdf
,14. [MEC] Cómo Funcionan las Cosas (Vídeo 3D),[Sesión 17] MEC - 017 El Candado de Combinación con Ruedas de Discos (PDF),Disponible en Sesión 17. Paso 14: Cómo Funcionan las Cosas (Mecánica e Ingeniería en Vídeo 3D de 10 seg con Gemini). Acceso directo al recurso interactivo.,https://javiercursocorreo-gif.github.io/Curso-IA/CLASES/EXPORTACION_FICHAS_CLASSROOM_PDF/100.%20%5BSESSIONS%5D%20TERNAS_LISTAS_PARA_CLASSROOM/17_Sesion/14.%20MEC-017_El%20Candado%20de%20Combinaci%C3%B3n%20con%20Ruedas%20de%20Discos.pdf
,14. [MEC] Cómo Funcionan las Cosas (Vídeo 3D),[Sesión 18] MEC - 018 Grifo Monomando de Discos Cerámicos (PDF),Disponible en Sesión 18. Paso 14: Cómo Funcionan las Cosas (Mecánica e Ingeniería en Vídeo 3D de 10 seg con Gemini). Acceso directo al recurso interactivo.,https://javiercursocorreo-gif.github.io/Curso-IA/CLASES/EXPORTACION_FICHAS_CLASSROOM_PDF/100.%20%5BSESSIONS%5D%20TERNAS_LISTAS_PARA_CLASSROOM/18_Sesion/14.%20MEC-018_Grifo%20Monomando%20de%20Discos%20Cer%C3%A1micos.pdf
,14. [MEC] Cómo Funcionan las Cosas (Vídeo 3D),[Sesión 19] MEC - 019 El Encendedor de Chispa de Pedernal (Zippo Clipper) (PDF),Disponible en Sesión 19. Paso 14: Cómo Funcionan las Cosas (Mecánica e Ingeniería en Vídeo 3D de 10 seg con Gemini). Acceso directo al recurso interactivo.,https://javiercursocorreo-gif.github.io/Curso-IA/CLASES/EXPORTACION_FICHAS_CLASSROOM_PDF/100.%20%5BSESSIONS%5D%20TERNAS_LISTAS_PARA_CLASSROOM/19_Sesion/14.%20MEC-019_El%20Encendedor%20de%20Chispa%20de%20Pedernal%20%28Zippo%20_%20Clipper%29.pdf
,14. [MEC] Cómo Funcionan las Cosas (Vídeo 3D),[Sesión 20] MEC - 020 La Grapadora de Oficina con Yunquecillo Plegador (PDF),Disponible en Sesión 20. Paso 14: Cómo Funcionan las Cosas (Mecánica e Ingeniería en Vídeo 3D de 10 seg con Gemini). Acceso directo al recurso interactivo.,https://javiercursocorreo-gif.github.io/Curso-IA/CLASES/EXPORTACION_FICHAS_CLASSROOM_PDF/100.%20%5BSESSIONS%5D%20TERNAS_LISTAS_PARA_CLASSROOM/20_Sesion/14.%20MEC-020_La%20Grapadora%20de%20Oficina%20con%20Yunquecillo%20Plegador.pdf
,14. [MEC] Cómo Funcionan las Cosas (Vídeo 3D),[Sesión 21] MEC - 021 El Escape de Áncora de un Reloj Mecánico (PDF),Disponible en Sesión 21. Paso 14: Cómo Funcionan las Cosas (Mecánica e Ingeniería en Vídeo 3D de 10 seg con Gemini). Acceso directo al recurso interactivo.,https://javiercursocorreo-gif.github.io/Curso-IA/CLASES/EXPORTACION_FICHAS_CLASSROOM_PDF/100.%20%5BSESSIONS%5D%20TERNAS_LISTAS_PARA_CLASSROOM/21_Sesion/14.%20MEC-021_El%20Escape%20de%20%C3%81ncora%20de%20un%20Reloj%20Mec%C3%A1nico.pdf
,14. [MEC] Cómo Funcionan las Cosas (Vídeo 3D),[Sesión 22] MEC - 022 El Péndulo y la Pesa de un Reloj de Pared (PDF),Disponible en Sesión 22. Paso 14: Cómo Funcionan las Cosas (Mecánica e Ingeniería en Vídeo 3D de 10 seg con Gemini). Acceso directo al recurso interactivo.,https://javiercursocorreo-gif.github.io/Curso-IA/CLASES/EXPORTACION_FICHAS_CLASSROOM_PDF/100.%20%5BSESSIONS%5D%20TERNAS_LISTAS_PARA_CLASSROOM/22_Sesion/14.%20MEC-022_El%20P%C3%A9ndulo%20y%20la%20Pesa%20de%20un%20Reloj%20de%20Pared.pdf
,14. [MEC] Cómo Funcionan las Cosas (Vídeo 3D),[Sesión 23] MEC - 023 El Mecanismo de Tecla de un Piano de Cola (PDF),Disponible en Sesión 23. Paso 14: Cómo Funcionan las Cosas (Mecánica e Ingeniería en Vídeo 3D de 10 seg con Gemini). Acceso directo al recurso interactivo.,https://javiercursocorreo-gif.github.io/Curso-IA/CLASES/EXPORTACION_FICHAS_CLASSROOM_PDF/100.%20%5BSESSIONS%5D%20TERNAS_LISTAS_PARA_CLASSROOM/23_Sesion/14.%20MEC-023_El%20Mecanismo%20de%20Tecla%20de%20un%20Piano%20de%20Cola.pdf
,14. [MEC] Cómo Funcionan las Cosas (Vídeo 3D),[Sesión 24] MEC - 024 La Aguja del Tocadiscos en el Surco de Vinilo (PDF),Disponible en Sesión 24. Paso 14: Cómo Funcionan las Cosas (Mecánica e Ingeniería en Vídeo 3D de 10 seg con Gemini). Acceso directo al recurso interactivo.,https://javiercursocorreo-gif.github.io/Curso-IA/CLASES/EXPORTACION_FICHAS_CLASSROOM_PDF/100.%20%5BSESSIONS%5D%20TERNAS_LISTAS_PARA_CLASSROOM/24_Sesion/14.%20MEC-024_La%20Aguja%20del%20Tocadiscos%20en%20el%20Surco%20de%20Vinilo.pdf
,14. [MEC] Cómo Funcionan las Cosas (Vídeo 3D),[Sesión 25] MEC - 025 El Cilindro de Púas de una Caja de Música (PDF),Disponible en Sesión 25. Paso 14: Cómo Funcionan las Cosas (Mecánica e Ingeniería en Vídeo 3D de 10 seg con Gemini). Acceso directo al recurso interactivo.,https://javiercursocorreo-gif.github.io/Curso-IA/CLASES/EXPORTACION_FICHAS_CLASSROOM_PDF/100.%20%5BSESSIONS%5D%20TERNAS_LISTAS_PARA_CLASSROOM/25_Sesion/14.%20MEC-025_El%20Cilindro%20de%20P%C3%BAas%20de%20una%20Caja%20de%20M%C3%BAsica.pdf
,14. [MEC] Cómo Funcionan las Cosas (Vídeo 3D),[Sesión 26] MEC - 026 El Diafragma de Láminas de una Cámara de Fotos (PDF),Disponible en Sesión 26. Paso 14: Cómo Funcionan las Cosas (Mecánica e Ingeniería en Vídeo 3D de 10 seg con Gemini). Acceso directo al recurso interactivo.,https://javiercursocorreo-gif.github.io/Curso-IA/CLASES/EXPORTACION_FICHAS_CLASSROOM_PDF/100.%20%5BSESSIONS%5D%20TERNAS_LISTAS_PARA_CLASSROOM/26_Sesion/14.%20MEC-026_El%20Diafragma%20de%20L%C3%A1minas%20de%20una%20C%C3%A1mara%20de%20Fotos.pdf
,14. [MEC] Cómo Funcionan las Cosas (Vídeo 3D),[Sesión 27] MEC - 027 El Obturador de Cortinilla de Cámara Réflex (PDF),Disponible en Sesión 27. Paso 14: Cómo Funcionan las Cosas (Mecánica e Ingeniería en Vídeo 3D de 10 seg con Gemini). Acceso directo al recurso interactivo.,https://javiercursocorreo-gif.github.io/Curso-IA/CLASES/EXPORTACION_FICHAS_CLASSROOM_PDF/100.%20%5BSESSIONS%5D%20TERNAS_LISTAS_PARA_CLASSROOM/27_Sesion/14.%20MEC-027_El%20Obturador%20de%20Cortinilla%20de%20C%C3%A1mara%20R%C3%A9flex.pdf
,14. [MEC] Cómo Funcionan las Cosas (Vídeo 3D),[Sesión 28] MEC - 028 El Compás Náutico con Suspensión Cardán (PDF),Disponible en Sesión 28. Paso 14: Cómo Funcionan las Cosas (Mecánica e Ingeniería en Vídeo 3D de 10 seg con Gemini). Acceso directo al recurso interactivo.,https://javiercursocorreo-gif.github.io/Curso-IA/CLASES/EXPORTACION_FICHAS_CLASSROOM_PDF/100.%20%5BSESSIONS%5D%20TERNAS_LISTAS_PARA_CLASSROOM/28_Sesion/14.%20MEC-028_El%20Comp%C3%A1s%20N%C3%A1utico%20con%20Suspensi%C3%B3n%20Card%C3%A1n.pdf
,14. [MEC] Cómo Funcionan las Cosas (Vídeo 3D),[Sesión 29] MEC - 029 El Micrómetro Palmer de Precisión (PDF),Disponible en Sesión 29. Paso 14: Cómo Funcionan las Cosas (Mecánica e Ingeniería en Vídeo 3D de 10 seg con Gemini). Acceso directo al recurso interactivo.,https://javiercursocorreo-gif.github.io/Curso-IA/CLASES/EXPORTACION_FICHAS_CLASSROOM_PDF/100.%20%5BSESSIONS%5D%20TERNAS_LISTAS_PARA_CLASSROOM/29_Sesion/14.%20MEC-029_El%20Micr%C3%B3metro%20_%20Palmer%20de%20Precisi%C3%B3n.pdf
,14. [MEC] Cómo Funcionan las Cosas (Vídeo 3D),[Sesión 30] MEC - 030 El Giroscopio de Navegación Aérea (PDF),Disponible en Sesión 30. Paso 14: Cómo Funcionan las Cosas (Mecánica e Ingeniería en Vídeo 3D de 10 seg con Gemini). Acceso directo al recurso interactivo.,https://javiercursocorreo-gif.github.io/Curso-IA/CLASES/EXPORTACION_FICHAS_CLASSROOM_PDF/100.%20%5BSESSIONS%5D%20TERNAS_LISTAS_PARA_CLASSROOM/30_Sesion/14.%20MEC-030_El%20Giroscopio%20de%20Navegaci%C3%B3n%20A%C3%A9rea.pdf
,14. [MEC] Cómo Funcionan las Cosas (Vídeo 3D),"[Sesión 31] MEC - 031 La Locomotora de Vapor (Biela, Pistón y Ruedas) (PDF)",Disponible en Sesión 31. Paso 14: Cómo Funcionan las Cosas (Mecánica e Ingeniería en Vídeo 3D de 10 seg con Gemini). Acceso directo al recurso interactivo.,https://javiercursocorreo-gif.github.io/Curso-IA/CLASES/EXPORTACION_FICHAS_CLASSROOM_PDF/100.%20%5BSESSIONS%5D%20TERNAS_LISTAS_PARA_CLASSROOM/31_Sesion/14.%20MEC-031_La%20Locomotora%20de%20Vapor%20%28Biela%2C%20Pist%C3%B3n%20y%20Ruedas%29.pdf
,14. [MEC] Cómo Funcionan las Cosas (Vídeo 3D),[Sesión 32] MEC - 032 El Freno de Aire Comprimido Westinghouse (PDF),Disponible en Sesión 32. Paso 14: Cómo Funcionan las Cosas (Mecánica e Ingeniería en Vídeo 3D de 10 seg con Gemini). Acceso directo al recurso interactivo.,https://javiercursocorreo-gif.github.io/Curso-IA/CLASES/EXPORTACION_FICHAS_CLASSROOM_PDF/100.%20%5BSESSIONS%5D%20TERNAS_LISTAS_PARA_CLASSROOM/32_Sesion/14.%20MEC-032_El%20Freno%20de%20Aire%20Comprimido%20Westinghouse.pdf
,14. [MEC] Cómo Funcionan las Cosas (Vídeo 3D),[Sesión 33] MEC - 033 El Cambio de Agujas Ferroviario (PDF),Disponible en Sesión 33. Paso 14: Cómo Funcionan las Cosas (Mecánica e Ingeniería en Vídeo 3D de 10 seg con Gemini). Acceso directo al recurso interactivo.,https://javiercursocorreo-gif.github.io/Curso-IA/CLASES/EXPORTACION_FICHAS_CLASSROOM_PDF/100.%20%5BSESSIONS%5D%20TERNAS_LISTAS_PARA_CLASSROOM/33_Sesion/14.%20MEC-033_El%20Cambio%20de%20Agujas%20Ferroviario.pdf
,14. [MEC] Cómo Funcionan las Cosas (Vídeo 3D),[Sesión 34] MEC - 034 El Regulador Centrífugo de James Watt (PDF),Disponible en Sesión 34. Paso 14: Cómo Funcionan las Cosas (Mecánica e Ingeniería en Vídeo 3D de 10 seg con Gemini). Acceso directo al recurso interactivo.,https://javiercursocorreo-gif.github.io/Curso-IA/CLASES/EXPORTACION_FICHAS_CLASSROOM_PDF/100.%20%5BSESSIONS%5D%20TERNAS_LISTAS_PARA_CLASSROOM/34_Sesion/14.%20MEC-034_El%20Regulador%20Centr%C3%ADfugo%20de%20James%20Watt.pdf
,14. [MEC] Cómo Funcionan las Cosas (Vídeo 3D),[Sesión 35] MEC - 035 La Prensa de Imprenta de Tornillo de Gutenberg (PDF),Disponible en Sesión 35. Paso 14: Cómo Funcionan las Cosas (Mecánica e Ingeniería en Vídeo 3D de 10 seg con Gemini). Acceso directo al recurso interactivo.,https://javiercursocorreo-gif.github.io/Curso-IA/CLASES/EXPORTACION_FICHAS_CLASSROOM_PDF/100.%20%5BSESSIONS%5D%20TERNAS_LISTAS_PARA_CLASSROOM/35_Sesion/14.%20MEC-035_La%20Prensa%20de%20Imprenta%20de%20Tornillo%20de%20Gutenberg.pdf
,14. [MEC] Cómo Funcionan las Cosas (Vídeo 3D),[Sesión 36] MEC - 036 El Telar Mecánico y las Tarjetas Perforadas de Jacquard (PDF),Disponible en Sesión 36. Paso 14: Cómo Funcionan las Cosas (Mecánica e Ingeniería en Vídeo 3D de 10 seg con Gemini). Acceso directo al recurso interactivo.,https://javiercursocorreo-gif.github.io/Curso-IA/CLASES/EXPORTACION_FICHAS_CLASSROOM_PDF/100.%20%5BSESSIONS%5D%20TERNAS_LISTAS_PARA_CLASSROOM/36_Sesion/14.%20MEC-036_El%20Telar%20Mec%C3%A1nico%20y%20las%20Tarjetas%20Perforadas%20de%20Jacquard.pdf
,14. [MEC] Cómo Funcionan las Cosas (Vídeo 3D),[Sesión 37] MEC - 037 El Molino de Viento Harinero (Engranaje de Linterna) (PDF),Disponible en Sesión 37. Paso 14: Cómo Funcionan las Cosas (Mecánica e Ingeniería en Vídeo 3D de 10 seg con Gemini). Acceso directo al recurso interactivo.,https://javiercursocorreo-gif.github.io/Curso-IA/CLASES/EXPORTACION_FICHAS_CLASSROOM_PDF/100.%20%5BSESSIONS%5D%20TERNAS_LISTAS_PARA_CLASSROOM/37_Sesion/14.%20MEC-037_El%20Molino%20de%20Viento%20Harinero%20%28Engranaje%20de%20Linterna%29.pdf
,14. [MEC] Cómo Funcionan las Cosas (Vídeo 3D),[Sesión 38] MEC - 038 La Noria de Sangre o de Agua Tradicional (PDF),Disponible en Sesión 38. Paso 14: Cómo Funcionan las Cosas (Mecánica e Ingeniería en Vídeo 3D de 10 seg con Gemini). Acceso directo al recurso interactivo.,https://javiercursocorreo-gif.github.io/Curso-IA/CLASES/EXPORTACION_FICHAS_CLASSROOM_PDF/100.%20%5BSESSIONS%5D%20TERNAS_LISTAS_PARA_CLASSROOM/38_Sesion/14.%20MEC-038_La%20Noria%20de%20Sangre%20o%20de%20Agua%20Tradicional.pdf
,14. [MEC] Cómo Funcionan las Cosas (Vídeo 3D),[Sesión 39] MEC - 039 El Ascensor con Freno Paracaídas de Elisha Otis (PDF),Disponible en Sesión 39. Paso 14: Cómo Funcionan las Cosas (Mecánica e Ingeniería en Vídeo 3D de 10 seg con Gemini). Acceso directo al recurso interactivo.,https://javiercursocorreo-gif.github.io/Curso-IA/CLASES/EXPORTACION_FICHAS_CLASSROOM_PDF/100.%20%5BSESSIONS%5D%20TERNAS_LISTAS_PARA_CLASSROOM/39_Sesion/14.%20MEC-039_El%20Ascensor%20con%20Freno%20Paraca%C3%ADdas%20de%20Elisha%20Otis.pdf
,14. [MEC] Cómo Funcionan las Cosas (Vídeo 3D),[Sesión 40] MEC - 040 La Cruz de Malta o Mecanismo de Ginebra (PDF),Disponible en Sesión 40. Paso 14: Cómo Funcionan las Cosas (Mecánica e Ingeniería en Vídeo 3D de 10 seg con Gemini). Acceso directo al recurso interactivo.,https://javiercursocorreo-gif.github.io/Curso-IA/CLASES/EXPORTACION_FICHAS_CLASSROOM_PDF/100.%20%5BSESSIONS%5D%20TERNAS_LISTAS_PARA_CLASSROOM/40_Sesion/14.%20MEC-040_La%20Cruz%20de%20Malta%20o%20Mecanismo%20de%20Ginebra.pdf
,14. [MEC] Cómo Funcionan las Cosas (Vídeo 3D),[Sesión 41] MEC - 041 Motor Turbofán de Reacción (Avión Comercial) (PDF),Disponible en Sesión 41. Paso 14: Cómo Funcionan las Cosas (Mecánica e Ingeniería en Vídeo 3D de 10 seg con Gemini). Acceso directo al recurso interactivo.,https://javiercursocorreo-gif.github.io/Curso-IA/CLASES/EXPORTACION_FICHAS_CLASSROOM_PDF/100.%20%5BSESSIONS%5D%20TERNAS_LISTAS_PARA_CLASSROOM/41_Sesion/14.%20MEC-041_Motor%20Turbof%C3%A1n%20de%20Reacci%C3%B3n%20%28Avi%C3%B3n%20Comercial%29.pdf
,14. [MEC] Cómo Funcionan las Cosas (Vídeo 3D),[Sesión 42] MEC - 042 Perfil Alar y Mecanismo de Flaps en Despegue (PDF),Disponible en Sesión 42. Paso 14: Cómo Funcionan las Cosas (Mecánica e Ingeniería en Vídeo 3D de 10 seg con Gemini). Acceso directo al recurso interactivo.,https://javiercursocorreo-gif.github.io/Curso-IA/CLASES/EXPORTACION_FICHAS_CLASSROOM_PDF/100.%20%5BSESSIONS%5D%20TERNAS_LISTAS_PARA_CLASSROOM/42_Sesion/14.%20MEC-042_Perfil%20Alar%20y%20Mecanismo%20de%20Flaps%20en%20Despegue.pdf
,14. [MEC] Cómo Funcionan las Cosas (Vídeo 3D),[Sesión 43] MEC - 043 Tren de Aterrizaje Retráctil y Amortiguador Oleoneumático (PDF),Disponible en Sesión 43. Paso 14: Cómo Funcionan las Cosas (Mecánica e Ingeniería en Vídeo 3D de 10 seg con Gemini). Acceso directo al recurso interactivo.,https://javiercursocorreo-gif.github.io/Curso-IA/CLASES/EXPORTACION_FICHAS_CLASSROOM_PDF/100.%20%5BSESSIONS%5D%20TERNAS_LISTAS_PARA_CLASSROOM/43_Sesion/14.%20MEC-043_Tren%20de%20Aterrizaje%20Retr%C3%A1ctil%20y%20Amortiguador%20Oleoneum%C3%A1tico.pdf
,14. [MEC] Cómo Funcionan las Cosas (Vídeo 3D),[Sesión 44] MEC - 044 El Rotor de Cola de un Helicóptero (PDF),Disponible en Sesión 44. Paso 14: Cómo Funcionan las Cosas (Mecánica e Ingeniería en Vídeo 3D de 10 seg con Gemini). Acceso directo al recurso interactivo.,https://javiercursocorreo-gif.github.io/Curso-IA/CLASES/EXPORTACION_FICHAS_CLASSROOM_PDF/100.%20%5BSESSIONS%5D%20TERNAS_LISTAS_PARA_CLASSROOM/44_Sesion/14.%20MEC-044_El%20Rotor%20de%20Cola%20de%20un%20Helic%C3%B3ptero.pdf
,14. [MEC] Cómo Funcionan las Cosas (Vídeo 3D),[Sesión 45] MEC - 045 Tanques de Lastre de un Submarino (PDF),Disponible en Sesión 45. Paso 14: Cómo Funcionan las Cosas (Mecánica e Ingeniería en Vídeo 3D de 10 seg con Gemini). Acceso directo al recurso interactivo.,https://javiercursocorreo-gif.github.io/Curso-IA/CLASES/EXPORTACION_FICHAS_CLASSROOM_PDF/100.%20%5BSESSIONS%5D%20TERNAS_LISTAS_PARA_CLASSROOM/45_Sesion/14.%20MEC-045_Tanques%20de%20Lastre%20de%20un%20Submarino.pdf
,14. [MEC] Cómo Funcionan las Cosas (Vídeo 3D),[Sesión 46] MEC - 046 La Hélice Marina de Paso Variable (PDF),Disponible en Sesión 46. Paso 14: Cómo Funcionan las Cosas (Mecánica e Ingeniería en Vídeo 3D de 10 seg con Gemini). Acceso directo al recurso interactivo.,https://javiercursocorreo-gif.github.io/Curso-IA/CLASES/EXPORTACION_FICHAS_CLASSROOM_PDF/100.%20%5BSESSIONS%5D%20TERNAS_LISTAS_PARA_CLASSROOM/46_Sesion/14.%20MEC-046_La%20H%C3%A9lice%20Marina%20de%20Paso%20Variable.pdf
,14. [MEC] Cómo Funcionan las Cosas (Vídeo 3D),[Sesión 47] MEC - 047 Las Esclusas del Canal de Panamá (PDF),Disponible en Sesión 47. Paso 14: Cómo Funcionan las Cosas (Mecánica e Ingeniería en Vídeo 3D de 10 seg con Gemini). Acceso directo al recurso interactivo.,https://javiercursocorreo-gif.github.io/Curso-IA/CLASES/EXPORTACION_FICHAS_CLASSROOM_PDF/100.%20%5BSESSIONS%5D%20TERNAS_LISTAS_PARA_CLASSROOM/47_Sesion/14.%20MEC-047_Las%20Esclusas%20del%20Canal%20de%20Panam%C3%A1.pdf
,14. [MEC] Cómo Funcionan las Cosas (Vídeo 3D),[Sesión 48] MEC - 048 El Cabrestante y Barbotén del Ancla de un Barco (PDF),Disponible en Sesión 48. Paso 14: Cómo Funcionan las Cosas (Mecánica e Ingeniería en Vídeo 3D de 10 seg con Gemini). Acceso directo al recurso interactivo.,https://javiercursocorreo-gif.github.io/Curso-IA/CLASES/EXPORTACION_FICHAS_CLASSROOM_PDF/100.%20%5BSESSIONS%5D%20TERNAS_LISTAS_PARA_CLASSROOM/48_Sesion/14.%20MEC-048_El%20Cabrestante%20y%20Barbot%C3%A9n%20del%20Ancla%20de%20un%20Barco.pdf
,14. [MEC] Cómo Funcionan las Cosas (Vídeo 3D),[Sesión 49] MEC - 049 El Tubo Pitot y la Sonda de Velocidad Aérea (PDF),Disponible en Sesión 49. Paso 14: Cómo Funcionan las Cosas (Mecánica e Ingeniería en Vídeo 3D de 10 seg con Gemini). Acceso directo al recurso interactivo.,https://javiercursocorreo-gif.github.io/Curso-IA/CLASES/EXPORTACION_FICHAS_CLASSROOM_PDF/100.%20%5BSESSIONS%5D%20TERNAS_LISTAS_PARA_CLASSROOM/49_Sesion/14.%20MEC-049_El%20Tubo%20Pitot%20y%20la%20Sonda%20de%20Velocidad%20A%C3%A9rea.pdf
,14. [MEC] Cómo Funcionan las Cosas (Vídeo 3D),[Sesión 50] MEC - 050 El Paracaídas y su Muelle Extractor (PDF),Disponible en Sesión 50. Paso 14: Cómo Funcionan las Cosas (Mecánica e Ingeniería en Vídeo 3D de 10 seg con Gemini). Acceso directo al recurso interactivo.,https://javiercursocorreo-gif.github.io/Curso-IA/CLASES/EXPORTACION_FICHAS_CLASSROOM_PDF/100.%20%5BSESSIONS%5D%20TERNAS_LISTAS_PARA_CLASSROOM/50_Sesion/14.%20MEC-050_El%20Paraca%C3%ADdas%20y%20su%20Muelle%20Extractor.pdf
,14. [MEC] Cómo Funcionan las Cosas (Vídeo 3D),[Sesión 51] MEC - 051 El Gato Hidráulico de Botella (PDF),Disponible en Sesión 51. Paso 14: Cómo Funcionan las Cosas (Mecánica e Ingeniería en Vídeo 3D de 10 seg con Gemini). Acceso directo al recurso interactivo.,https://javiercursocorreo-gif.github.io/Curso-IA/CLASES/EXPORTACION_FICHAS_CLASSROOM_PDF/100.%20%5BSESSIONS%5D%20TERNAS_LISTAS_PARA_CLASSROOM/51_Sesion/14.%20MEC-051_El%20Gato%20Hidr%C3%A1ulico%20de%20Botella.pdf
,14. [MEC] Cómo Funcionan las Cosas (Vídeo 3D),[Sesión 52] MEC - 052 El Brazo Articulado de una Excavadora Hidráulica (PDF),Disponible en Sesión 52. Paso 14: Cómo Funcionan las Cosas (Mecánica e Ingeniería en Vídeo 3D de 10 seg con Gemini). Acceso directo al recurso interactivo.,https://javiercursocorreo-gif.github.io/Curso-IA/CLASES/EXPORTACION_FICHAS_CLASSROOM_PDF/100.%20%5BSESSIONS%5D%20TERNAS_LISTAS_PARA_CLASSROOM/52_Sesion/14.%20MEC-052_El%20Brazo%20Articulado%20de%20una%20Excavadora%20Hidr%C3%A1ulica.pdf
,14. [MEC] Cómo Funcionan las Cosas (Vídeo 3D),[Sesión 53] MEC - 053 El Taladro Percutor con Ruedas de Trinquete (PDF),Disponible en Sesión 53. Paso 14: Cómo Funcionan las Cosas (Mecánica e Ingeniería en Vídeo 3D de 10 seg con Gemini). Acceso directo al recurso interactivo.,https://javiercursocorreo-gif.github.io/Curso-IA/CLASES/EXPORTACION_FICHAS_CLASSROOM_PDF/100.%20%5BSESSIONS%5D%20TERNAS_LISTAS_PARA_CLASSROOM/53_Sesion/14.%20MEC-053_El%20Taladro%20Percutor%20con%20Ruedas%20de%20Trinquete.pdf
,14. [MEC] Cómo Funcionan las Cosas (Vídeo 3D),[Sesión 54] MEC - 054 La Llave de Carraca con Trinquete Reversible (PDF),Disponible en Sesión 54. Paso 14: Cómo Funcionan las Cosas (Mecánica e Ingeniería en Vídeo 3D de 10 seg con Gemini). Acceso directo al recurso interactivo.,https://javiercursocorreo-gif.github.io/Curso-IA/CLASES/EXPORTACION_FICHAS_CLASSROOM_PDF/100.%20%5BSESSIONS%5D%20TERNAS_LISTAS_PARA_CLASSROOM/54_Sesion/14.%20MEC-054_La%20Llave%20de%20Carraca%20con%20Trinquete%20Reversible.pdf
,14. [MEC] Cómo Funcionan las Cosas (Vídeo 3D),[Sesión 55] MEC - 055 El Polipasto de Múltiples Poleas (Aparejo Factorial) (PDF),Disponible en Sesión 55. Paso 14: Cómo Funcionan las Cosas (Mecánica e Ingeniería en Vídeo 3D de 10 seg con Gemini). Acceso directo al recurso interactivo.,https://javiercursocorreo-gif.github.io/Curso-IA/CLASES/EXPORTACION_FICHAS_CLASSROOM_PDF/100.%20%5BSESSIONS%5D%20TERNAS_LISTAS_PARA_CLASSROOM/55_Sesion/14.%20MEC-055_El%20Polipasto%20de%20M%C3%BAltiples%20Poleas%20%28Aparejo%20Factorial%29.pdf
,14. [MEC] Cómo Funcionan las Cosas (Vídeo 3D),[Sesión 56] MEC - 056 Motosierra con Embrague Centrífugo de Zapatas (PDF),Disponible en Sesión 56. Paso 14: Cómo Funcionan las Cosas (Mecánica e Ingeniería en Vídeo 3D de 10 seg con Gemini). Acceso directo al recurso interactivo.,https://javiercursocorreo-gif.github.io/Curso-IA/CLASES/EXPORTACION_FICHAS_CLASSROOM_PDF/100.%20%5BSESSIONS%5D%20TERNAS_LISTAS_PARA_CLASSROOM/56_Sesion/14.%20MEC-056_Motosierra%20con%20Embrague%20Centr%C3%ADfugo%20de%20Zapatas.pdf
,14. [MEC] Cómo Funcionan las Cosas (Vídeo 3D),[Sesión 57] MEC - 057 La Prensa Hidráulica Industrial (El Cilindro Aplastador) (PDF),Disponible en Sesión 57. Paso 14: Cómo Funcionan las Cosas (Mecánica e Ingeniería en Vídeo 3D de 10 seg con Gemini). Acceso directo al recurso interactivo.,https://javiercursocorreo-gif.github.io/Curso-IA/CLASES/EXPORTACION_FICHAS_CLASSROOM_PDF/100.%20%5BSESSIONS%5D%20TERNAS_LISTAS_PARA_CLASSROOM/57_Sesion/14.%20MEC-057_La%20Prensa%20Hidr%C3%A1ulica%20Industrial%20%28El%20Cilindro%20Aplastador%29.pdf
,14. [MEC] Cómo Funcionan las Cosas (Vídeo 3D),[Sesión 58] MEC - 058 Válvula Antirretorno de Clapeta y Bola (PDF),Disponible en Sesión 58. Paso 14: Cómo Funcionan las Cosas (Mecánica e Ingeniería en Vídeo 3D de 10 seg con Gemini). Acceso directo al recurso interactivo.,https://javiercursocorreo-gif.github.io/Curso-IA/CLASES/EXPORTACION_FICHAS_CLASSROOM_PDF/100.%20%5BSESSIONS%5D%20TERNAS_LISTAS_PARA_CLASSROOM/58_Sesion/14.%20MEC-058_V%C3%A1lvula%20Antirretorno%20de%20Clapeta%20y%20Bola.pdf
,14. [MEC] Cómo Funcionan las Cosas (Vídeo 3D),[Sesión 59] MEC - 059 Sierra de Calar con Mecanismo de Yugo Escocés (PDF),Disponible en Sesión 59. Paso 14: Cómo Funcionan las Cosas (Mecánica e Ingeniería en Vídeo 3D de 10 seg con Gemini). Acceso directo al recurso interactivo.,https://javiercursocorreo-gif.github.io/Curso-IA/CLASES/EXPORTACION_FICHAS_CLASSROOM_PDF/100.%20%5BSESSIONS%5D%20TERNAS_LISTAS_PARA_CLASSROOM/59_Sesion/14.%20MEC-059_Sierra%20de%20Calar%20con%20Mecanismo%20de%20Yugo%20Escoc%C3%A9s.pdf
,14. [MEC] Cómo Funcionan las Cosas (Vídeo 3D),[Sesión 60] MEC - 060 El Soplete de Oxiacetileno de Corte y Soldadura (PDF),Disponible en Sesión 60. Paso 14: Cómo Funcionan las Cosas (Mecánica e Ingeniería en Vídeo 3D de 10 seg con Gemini). Acceso directo al recurso interactivo.,https://javiercursocorreo-gif.github.io/Curso-IA/CLASES/EXPORTACION_FICHAS_CLASSROOM_PDF/100.%20%5BSESSIONS%5D%20TERNAS_LISTAS_PARA_CLASSROOM/60_Sesion_Cierre/14.%20MEC-060_El%20Soplete%20de%20Oxiacetileno%20de%20Corte%20y%20Soldadura.pdf
